Sensor1_X,Sensor1_Y,Sensor1_Z,Sensor2_X,Sensor2_Y,Sensor2_Z,Sensor3_X,Sensor3_Y,Sensor3_Z,Sensor4_X,Sensor4_Y,Sensor4_Z,Sensor5_X,Sensor5_Y,Sensor5_Z,Sensor6_X,Sensor6_Y,Sensor6_Z,Sensor7_X,Sensor7_Y,Sensor7_Z,Sensor8_X,Sensor8_Y,Sensor8_Z,Key
-0.6463049418594835,-1.0459765472498361,-1.0047953968991692,-0.2581631348899691,-0.9896701806534338,1.5903764129229785,-0.5060333857579629,1.5756281451053837,2.0633018274097026,-1.9371484117464135,-4.666980068293498,2.9497724128832488,-0.7240980746587127,2.2825520985461836,2.4204328281874155,-1.3351955563645461,-0.6920622278272361,0.988280981556386,-1.5913276524721798,0.935751221393744,-0.08833157721414864,-23.98851122446742,10.327015619787254,-2.613340788275366,'
1.6745537399358454,-0.9143023863572273,1.6699054479819893,1.3884437523060242,1.2413240792801048,0.43402370263066814,0.902337717159833,0.3229595278913564,-0.5452646639029126,-3.287554968717359,-4.787113784997558,0.6922697560588063,0.8270815333022767,1.227936242358247,-3.229892370439302,-0.600263265342285,-2.191519049458776,-0.8447902412236203,-0.4073456356854428,0.5465650975846188,3.2810512551707234,-22.020457097960932,10.712264742993767,0.40431555010133025,'
-0.6176631176981573,0.2023492183685427,1.9202303704315113,-0.8141804901399894,1.9408237428963275,-1.8083602145780446,-0.8792007367406143,1.3246316702309002,0.05568113245948325,-3.1888677769310902,-3.78639177500213,-1.3098618346334092,-0.17785147439977322,0.1039553844746095,0.2205286064325378,-1.4399917148228596,-0.6536443874996252,-0.546060628622854,-2.781689653342136,1.5316771730450682,-0.5611643596660087,-23.92606773290712,12.513621701581563,-0.5378375382223908,'
0.41916871304721326,-0.008057967293845003,5.0640436150051755,0.9270411077990772,-1.6390846712280336,-0.22057776817854347,-0.7112824404272189,0.6771223602982275,-2.0804894334606843,-3.38461374046355,-2.8793330039463854,3.0062798376304727,-0.2974404454298849,1.1014206579563037,1.5441960791683869,-2.1271415946581698,-0.40265084010320606,2.6511836754991123,0.1000750861399915,-0.8634344701981149,-1.1629853615042975,-24.28063791413666,11.91660814866988,-4.095790391463993,'
-1.0244964315149616,2.385426317465278,2.90050027286361,-0.6439544681187286,-1.5944220161269982,-0.5214938478765703,-0.8770290736030315,2.5858534532086423,-1.3794550946951745,-2.1403600934058176,-4.1364846395781285,-0.5459814734820156,-1.6219227236927622,1.53974597547721,-0.7214051972121069,-2.245920054716315,-0.6681684071811276,0.6026104620339652,-0.4393819437463855,1.917876040221529,1.7697041844162982,-23.777425344826536,10.28683399117596,-0.47016614818949165,'
0.6108431448955116,0.44737197679201834,1.0814431638420956,-0.21173780311832502,0.49240887561603586,-0.949422651609666,0.9414327383170775,0.20282148901446817,-1.2690775163050034,-2.4604509128897902,-4.600873829561522,-3.470125296613787,0.6369021313694816,2.29585463144992,0.40712039778401277,-2.7549697352621862,-1.9608839510402873,-0.01870063940481259,-3.0451739055155738,-0.43474798128274017,1.598222350246317,-23.507968339882414,8.418554610895441,-0.41256832070962446,'
1.7864109237460752,0.6596795489410621,1.5054377408270625,2.4641001529606825,1.1920464068792853,-1.6311821432669262,2.6650075555516626,2.13381619083151,-1.053576381769176,-4.389410927681851,-6.396799166718637,0.9623030133145676,0.15690083886028106,0.5354929677696489,0.34077272496341493,-0.21718675376935437,0.4579854817801987,1.1183695460537137,-1.786531277279512,-0.4286388385477551,1.6555973579792749,-24.782629194308324,11.347287228303905,-2.0789744326210666,'
1.592697020103202,1.5167838561114344,1.2262070931142262,-0.0029591455934934174,2.472001853976991,-0.6171971662006968,1.952609158546136,-0.18011643685073864,-2.3183233040507503,-3.385563997087381,-3.2059392780290352,1.2640979440272417,2.6293903883158976,0.9404248431452515,1.3943962523866844,-1.4169153682657907,-0.6126491719930556,3.110650476792898,-0.8878887262166351,0.4273788688281712,0.561239574864544,-24.9375156073604,12.663486245306487,-2.3314871754360524,'
-1.0064438203150132,1.299181880622987,-0.48378386484495195,0.20622610687664178,0.7077024215763004,0.7211460303402646,0.7003466525358224,0.3407425763571439,-1.0178745161371126,-3.61728402647816,-5.0841258103042435,0.6846090430356071,1.8677173042121922,-0.9273118696945701,-0.7722214664782427,-1.9110328496183158,-0.38350757070672614,-0.07826484838915349,-1.0370742609754402,-1.0715344292134148,0.18498749801216263,-22.346520237259316,11.692082883429315,1.9864064819894338,'
1.9411621516298112,-0.3673791697057567,-1.0864905945095416,-1.2299732746798142,-0.9581780146952497,-1.2360999197975957,2.2182652305283685,1.298162531925783,2.442398308249608,-4.160676694636919,-5.7515977175617365,-5.137624793971327,-0.4432356202831613,2.217936577913534,1.8253929426794002,-1.5173675082798823,-2.0229213818855243,1.6641206154117754,-2.4286127815306,0.0656150398083497,1.065602069561919,-22.82747048943843,9.845657817478198,1.5135692530849951,'
0.15215386520978313,-0.005343045092263132,0.8416305942454869,2.296995730507909,1.789873348183903,-1.3909394829515804,1.8909801583613737,0.5603793398478558,-0.303266925241644,-3.563528051384921,-6.1466183811381825,-0.679126684127823,0.2777176245777184,-2.547583978782356,1.0170512595894365,-0.5917116047441553,0.24445524424571374,0.6891234324189668,-1.5652643193373343,0.6607301490750928,3.166730501891891,-25.7530818516368,9.93009237163433,0.47155121540112077,'
0.9263164960073027,1.6475077107006832,0.7945478261547692,0.20256124263428887,0.0069808810820859435,-0.8581036183623496,-1.1224589635754256,-2.861657789964255,1.4165795810066015,-1.2341162210869498,-5.52381484584933,1.3219107754397896,1.865949618378096,-0.9901627355376377,-0.051475478780218964,-0.8099917928429008,-2.2919719731256123,-1.6956217554699151,-2.022866125575564,1.680185415829115,1.8154727634073424,-22.15308144184811,11.399007097511927,0.7505656992369723,'
-0.6902895543718444,0.013797260146349188,-1.2132832329515963,-1.5873931370386316,-1.438724025260683,-2.9276860163756737,1.4248263796120142,-0.8174469883434199,-0.8308437963972892,-4.771672778720728,-4.350012446753425,-5.505775517113648,0.2826027983926167,1.2059455551907732,0.1723418753098258,-1.3905807178895273,-0.3490298051789438,3.033126217389622,-4.551282567367855,1.0003673323551112,0.5509389118183776,-25.428918763420835,11.582535234718954,-1.8212041324937331,'
0.7752340609862642,0.03483798779622482,0.2531722042037359,-1.1372580311633484,2.2865711252890435,0.25619636639265764,1.7160030031765192,1.3946774659304708,1.7328206770544057,-5.189229285952152,-0.7449904685736044,-1.6773599511050747,-0.3632799384348857,0.266307101495741,-0.36553054961416365,-1.5331148444129283,0.9541389827125641,1.6111319917020523,0.6254144747176418,-1.1140236803976649,0.08796167765547125,-24.219009259604892,9.910952285179825,2.2838155534154794,'
-0.5493859882616619,-0.10172327324706387,0.8534630187717198,0.6323348995570655,0.294625252701735,1.3001900098987562,-0.34028688522271366,1.5463079193250167,0.7685413227345066,-2.3658353632585474,-2.2686098174362144,-0.048397526667088187,0.3698906943201905,0.308524069600594,1.5479173180770545,-0.45474358067586707,-2.197355391282173,-0.8233261376284418,-1.7402416992128207,1.8269254411379876,0.863682914354797,-22.38534406332421,12.862761865365684,1.1784974028303736,'
2.6166372868461565,-1.5584199555254603,0.30485017388167535,-3.2338643349350633,-0.8919343778174209,-1.7268931945519057,2.3595774656097266,-1.1065909606108164,3.0567006405105985,-1.9622608262143473,-5.006890846494429,-2.634186664287313,0.06839251598483997,2.863954669175733,0.48859161570328524,-0.9203533909310906,-1.5061343871240496,0.5086591288714999,0.6379031908841251,0.33480061954843165,0.3737640993979312,-24.841135936414627,11.825929093891794,-0.09282162489336088,'
-0.6324620855688181,2.1425756073170916,1.6131903932326281,-2.3205616121594943,-0.14464892329607437,0.39547826154256427,-0.22693851726412717,3.897849043211494,0.1934411808899199,-4.980042621526202,-2.616933974322535,-2.7458797298098148,-0.3088447539043102,0.3115106841213233,2.4405870510469185,-1.6160554491967503,-1.231925689973309,2.767031329539634,-3.7701964831347006,1.036338947140976,0.7482569828643477,-23.68973344570384,10.048055599816884,0.4665122799426058,'
2.9107969266448492,0.31868424680547314,-1.1226124151579029,0.44419024678910546,0.44516773372282614,-2.9465268786671004,1.0304824854043737,2.190559001387186,-2.2191156839909922,-3.698188642752065,-5.072862573132113,0.35084453268666493,-0.4629193338940638,1.2773476742706364,-1.465368295522353,-1.9865081781586866,-2.241066740286172,-1.8664485802277682,-2.736621755026594,-1.4038422292302073,1.791382187235513,-24.43633899861884,12.22936862172272,0.7555950513474272,'
-0.5705642760957232,0.4621683813932398,0.7984914429268315,-1.7754029773695663,-1.9412548991073777,-3.2091203646417057,0.7118851913175881,-0.5596646054646612,-2.228970017100437,-3.281717190772646,-2.828023661756248,0.5829974387334005,-0.15599809907277518,0.9637737386022494,0.6552573065438878,-1.769585124710666,0.6207451573714309,1.2375136232683985,1.3387629354545036,-0.5224396137218577,4.220357812942552,-23.157877764879977,11.81099819963562,-1.866102007697009,'
-0.2051282365206646,0.12945319199023864,-0.64059152180198,-0.5991585678860787,1.7226822578805923,1.5842389275051687,-0.16843160599930052,1.033459867036953,-0.6541108950786452,-2.4509484812878384,-4.594628041263462,1.1570036980129998,0.247715724478752,1.2564441274928555,-0.015348134588350604,-2.283250813341887,-0.9715645303163996,3.766134941274288,-1.0180697190432535,-0.46827716796305197,1.971841243416577,-23.801724259567607,9.925477547658616,0.5941911709476244,'
-0.8218290570982845,1.7444309446671653,2.0441953136052575,0.3615209170379785,0.03263290778073724,-1.7218526296480832,-0.08440443173578416,2.023185040365746,1.4640982671544407,-4.3961975502945805,-5.190146735144253,-2.4999347840731048,0.42513645886700147,-0.5844173733809797,-0.5256181419678114,-0.8213942509302541,-1.7967660844205966,5.048401659935962,-1.6393819499226205,1.9998675828478127,0.22571449024388812,-22.50140750397936,13.506608254652882,0.34321792257378547,'
-0.016032470979610025,-0.4303657060769783,1.2516055615460004,1.6235567909343729,-0.3572331297175424,-2.4971263488487807,1.808717869322761,0.4451291537044426,-1.8581953069759152,-4.25094822237174,-2.883811175454639,-2.3177225827863026,1.4021045940965848,-1.233285271346766,2.067177058293794,-1.4341539610436485,-1.816179931502404,2.57387425432222,0.2967720051270346,-2.044702704796279,2.308011256982354,-22.00810392475248,10.322943156005138,1.5448912524751108,'
0.00012098024089368664,0.030493976472201645,-0.15374589600662603,1.5165878844800034,2.2455732860992725,-2.0974476809949465,-0.1783411910501691,-0.951700774180182,-0.8610673839166907,-3.8690928627117245,-2.98358587011316,0.6561363912044271,1.2421919461761206,1.548027117077659,-0.8620120247538239,-3.1805352287466135,-0.33925605366549405,-2.6852985563660354,-2.450332228268442,1.9714959290105014,2.2320198913856757,-22.332809901458766,11.718689426784707,1.6211067910869588,'
0.1412974094025401,4.176466994540222,0.4535582446625881,1.7817016805242645,-0.5369594602286725,-1.5565019288208646,-1.6620515304324002,0.005038680822849528,-1.981715328716632,-3.6404961175702297,-2.5768907139294015,-3.7631509943477113,-2.1729178867256564,-0.9807971531793953,0.6850367735440273,-1.2902639012402446,-0.6958627710125,0.5673540149539349,-1.2480245192822301,-0.3771912558713524,1.67903309044533,-24.477470511877836,10.52642621453758,-0.29211850541690865,'
1.179348230974398,-1.5388724781744054,1.8236498029204995,0.8753215044116018,-0.67935780769497,-5.774529228382562,-0.06173475866189726,0.5318740300654383,-0.8509975773733345,-2.2489577996438967,-3.0491551927941316,-0.7143900632550526,0.4906997194589451,-0.183421965240818,0.9912082563725448,-0.5921189177501063,-1.5659974888588692,1.4335171738021586,-2.0269385450183064,-3.674340527426452,0.5505039327636041,-22.698647340288115,12.277694190564858,0.9318999608939293,'
1.482880164236775,-1.1768362879688343,0.7415471335023653,-0.5339991957030819,-0.024788580571225793,-0.13166291249768847,-0.9420516556614835,0.6353125878240178,-0.1269695553321526,-4.130270774944819,-3.8812828010113947,-0.5275784072525198,0.1480783451129355,-0.6859541750946008,3.8424259215485677,-1.4222100437907486,-0.9657268490336719,-0.8774142502999212,0.4382199624658263,-0.7077343113409853,1.2813203622125116,-25.932945548792375,13.832264826192159,0.8364119502975313,'
-1.3026430699968614,-1.3856145443894707,1.2382539692189312,-0.6571217363453172,-1.9123446031117055,-3.275688095437431,0.2986724871984858,-1.551703135495103,1.9505110404593324,-4.0170566636166996,-3.86797847640824,0.6583261724279055,2.6831441747050064,-2.1387153047586978,-1.935350045734424,-3.0088158856561265,-0.659209323106154,0.16088633210256376,-1.6222778931618853,0.8088273297479844,2.1487966330694235,-24.715434190056577,11.584165132306929,-1.3720253177136215,'
1.8320192233121588,0.28827685798025016,1.0764092271904815,-0.12336761371049931,-0.513746575127243,1.6895757200497314,0.7752787586919769,-1.3303001361004476,-1.7364295626674107,-2.2330755647684555,-3.219919297714938,1.1688308199375115,-0.25210300663073326,-1.5934207321097347,1.1977301251861263,-2.9044269435417505,1.7177126007772046,1.0524530686604407,-2.0197439245665296,1.8656135208338753,0.7914069879460612,-23.18054764799955,11.54099731379732,-2.6632713020974847,'
0.9385355133468067,-0.1496416954368378,2.4565807829296773,1.3703888868098346,-1.4032948431649288,-0.8053192000577951,1.7169530326014701,0.24802869646549652,-0.567379938047452,-4.2236634223903025,-3.5116419777162093,-0.31602486644015926,-0.47947945600859043,0.0591586453537829,0.9049179676458721,-2.3538384893772317,-0.5834637413886554,-0.9043559968001773,-1.6076172648398621,0.6417238221321355,-0.1687134142563309,-22.661995623667433,9.924120164448418,-4.356399489182138,'
0.5059105376503794,0.2574625104326058,-0.09262954366641907,0.23961993221777078,1.5691506698397006,-2.2211835351998843,0.7429711649450148,0.15435950590767789,3.480257034785609,-5.909636701143668,-1.4607792554487844,0.21900420396957543,2.490113906238662,1.7690229104849848,-0.49977939187942866,-2.2486346070993974,1.0047718427150443,3.56158550224535,0.6554144681422516,-0.9550641061082104,0.4182196492334924,-24.0707740209816,9.310680803014243,-1.468606271872659,'
-0.6173878778658946,1.6594073062827883,3.924022360961942,0.5856717926991308,-0.06627141864518649,-0.22050736454002617,-0.17947347590935436,-0.6529938592008193,-0.26868307343158904,-0.19098136135455945,-7.591005302602184,2.1423536089733943,0.44901093965395944,-1.9956816161142115,-3.159078606100138,1.3761124256530408,1.382499685572455,2.264527195167261,-10.204523478390456,-2.258444721756902,-0.35577317457881463,15.916040865462936,-24.0807431585261,1.092876860882427,","
-0.16847503551667842,1.081398267038285,-1.1669562010608843,-0.9422930487033696,1.9354469281361446,4.5542297147869135,0.11075290559534423,0.09876758502909411,-6.197357279367054,-1.885506466412373,-7.461234203770516,-0.8282305665161971,-1.9013076031027083,-1.3830568634308733,-4.9369612053914125,1.7430359693155495,0.10335580582442105,2.085377412132061,-6.6387314806319235,-2.0035127428148627,0.09866775443708775,15.377126408728635,-27.16191980090519,-3.561185208281188,","
-0.06340769523546896,0.4997240047368656,-0.016087982867645678,-0.19541607403654382,-2.465048022792729,2.229715814237238,-0.48802539315807714,-0.9293719280815935,-0.6793142377062509,-3.2885830491009287,-9.34838122171982,1.261726747539285,1.3175143686697766,-2.092604425835873,-1.167893601637104,-0.084928223070591,0.18521145547046558,1.4347132336376376,-8.920496186805572,-1.770299489016864,0.06909914871204137,18.245994816025576,-27.3791142926379,1.0847836820168482,","
0.2934732591444629,0.40619458831166977,0.39892539515489034,-2.3717051137519434,-1.2407502999287772,-6.356347815879872,0.38021001842118096,-1.338788672261984,0.17414590329883595,0.25657532677292494,-8.200780939024867,4.417587227247964,0.397835350070892,-0.40513816778253187,-2.5839731892714326,-0.13515539951245614,-0.13555777944144154,0.8745057527711992,-8.83687649279163,-3.3995321459186556,-2.8583308238028167,14.131651273167066,-26.072824642630287,-1.6264942892076988,","
-0.11526493151939121,-0.2680587410128412,-2.155773566198036,0.6847669050811476,1.1330493097776468,-1.5634391067982278,-1.4439531306400752,1.3704426741790883,1.1990771351815965,-1.537451785954886,-8.245440059058069,0.7792572872115215,1.63516225602487,-0.9388935642845908,-3.9111488302234534,-0.23927186867560835,-2.756687121775215,0.9047237891293776,-8.31398046813943,-0.3840542033612877,-0.6165995685001917,16.160384461917054,-22.764815304898647,-2.115314830382374,","
-2.7285215188974234,0.8431629765886148,4.228658326300604,-0.48170435702646586,3.394859819644921,-2.64882483241513,-1.1387947468261572,2.220218832576677,-0.6977137964855729,0.3977520735383351,-7.282048835305943,3.4988578024476737,-1.493388912977906,0.7131426934980993,-0.4773742394075384,-1.5287293089440226,-2.460353691411626,4.0001386403914125,-8.722034736580483,-1.5554129798853467,-0.18450413492416828,17.442646509840053,-26.823367569526503,1.891593741715326,","
0.5721597963908494,3.2813077040107297,1.661698810560722,1.483905853685684,-0.8863150877805026,1.676514064599587,-0.034360269568097124,-2.516793328056849,-0.710637617982286,-1.0031534561915976,-8.006798232134997,-0.3426939100717732,-2.3593186883022668,-1.1699352921705284,-1.1930713216509048,-0.7678693871132012,1.2197368684658159,-0.1567827463273943,-9.808414898269366,-3.04333025598298,1.9849554470982866,15.874637802072883,-24.55857116319916,3.367898236996041,","
-1.7687899327345633,2.1072352815257167,-0.8947358967357104,-0.38871803525353243,-2.0208859388260123,0.585870229316015,-1.3996996242601085,-1.4429029251033114,-1.315312192890417,-2.045823551643956,-8.171595819119773,-3.016739386510551,-0.9185010271031615,-2.084730697355596,-2.772987330647652,-1.5826208145349554,-1.6313478864435211,0.5687777276368706,-9.506785801163673,-0.8986697274461335,-2.5585185414304306,17.119434649938484,-24.42296039606552,0.8852666330473653,","
-0.784495963118502,1.096466087026311,-1.9910655848985357,-0.7290348629499164,1.4714664665667385,1.3059613733082074,0.7379021875933756,-1.2451187084080573,-2.97777283764259,-2.7365018814569595,-9.92014746314726,-1.3626020038306024,1.4463380969291393,-1.0451843832714403,-4.3574714482505215,-0.44927182310637903,0.8059808560886523,1.6786890913335242,-7.89778122995238,-4.11369406279816,-2.220150820356139,14.764502035357392,-23.881874294344744,3.3256356168037087,","
-0.11118952299813145,0.9569185453561788,0.6280022121797515,-2.3479493506246882,-0.526046074638856,2.110363002311658,1.4588525347515446,1.8347009147537392,-2.227901204794705,-0.3928360878783934,-8.311954101010514,-0.8310809635485157,0.03973258785725875,0.6464903178496257,-2.57258665279835,-0.49366089364313126,-0.4003993476417378,-1.4476001037315314,-9.173935341689429,-1.1105701536980064,-5.629827820099877,17.169524575385143,-23.16743998987543,0.16277147719506502,","
0.6867315394886191,0.10239371047733048,-2.2930881960764395,-2.8879501073501572,-0.021202078841184857,1.0587053868916882,-0.8185685621192711,-1.5375180777298283,-1.525120293940347,0.39802248551735175,-9.687206844554566,2.082124254874543,0.5008661184179175,-0.49622448378335804,-0.745211501453241,-0.8793177734651962,1.2257086959081107,0.023236083432607302,-8.268641021418937,-2.02563862906743,-1.546931527944139,15.661244114302502,-24.665946758671673,2.383696952440687,","
-1.1033615708850277,0.9942489256405898,1.3726205684615138,-2.0708909572412324,0.4035502592747662,-1.1120687156429767,-1.5822789517528015,-0.5105953046016793,-4.142440110426094,-1.7713436795747484,-7.637837895596533,-1.136368817497214,0.3537137122518743,-0.24780888808575696,-2.973364257259618,-0.7961040225482847,0.31091395354826545,2.462721907810419,-6.515337828775366,-1.7887603038942075,-4.366395031682487,14.426493022263411,-25.50472510091761,-0.27238670604521076,","
-0.3015036441581742,0.05759722212753626,3.4779127307742215,0.28200577541706195,0.6529133947032335,0.5131634665102638,0.1426532752308809,-0.19864982694770106,-0.29058718250610127,-2.9429721085905953,-8.04005590212762,2.47807864587071,2.2976092852421743,-1.965817483548065,-2.8080210960694103,1.220004791535878,-1.8679554613206903,0.9331974351984513,-7.9705415520894976,-3.61210888174746,-0.3932187676747958,18.17595005275395,-24.853141321708804,1.8626850337383871,","
0.286005580159582,-1.9066561507164632,1.493730530061896,1.2048115753587467,1.421376653748581,-2.890828757445149,-0.15870434057228344,1.043564572709414,-1.6328711511943084,-2.1898510820897243,-8.083903226964935,-1.6851937940773496,4.22100136790533,0.346354069291273,-1.406391264073477,1.0871080644011357,-0.5489054707659307,-0.17692926384358998,-7.6919895831978,-1.8102093696420525,0.6424561154470894,14.640021984204544,-23.53110510738088,4.151944061418021,","
-0.06300143860721619,1.0898144446066764,-2.9435280358495106,-1.4053244308541508,-0.8888961568292189,0.07865833182415827,-2.345853645182329,-0.33643344710026213,-4.629940856104497,-1.7873616106541803,-9.34783883736074,1.47482207506323,-0.246011146234963,0.1761287239040925,0.12926547420778434,-3.236014217325014,2.137656521068081,0.1749994747115693,-7.7468309648058895,-0.07523043919891848,-0.8386674506410259,17.057397802517535,-26.45047175491999,1.735225731207322,","
-0.660422703255648,2.0251087732703654,2.120738697173408,-0.1555056859358075,-0.8599791911547356,-1.0595107902417453,0.07654462340081913,0.05478867557542344,-3.3279595057969686,-0.7858229620056747,-7.36363208449734,-2.3023533173292776,2.615387611078205,-2.320658810783769,-1.1928638573550643,0.14285424128046031,-0.4636560178729354,1.4027492880158547,-8.584930714077583,-2.2361822037501327,-5.050569637522415,14.206040136657244,-27.17196489239613,1.3318194723696593,","
-0.46182265917775567,0.0795882356911326,0.037782032686664024,0.12901848771446112,1.1587048715441313,4.139215093967209,0.8769065932925404,-1.0177468711891038,-1.844866796432541,-1.349443291987697,-5.671279637677969,0.9787736733558177,0.18036579031939937,-1.1871753176174948,-1.7668687909841765,-0.445064988770703,1.1092396570267766,-0.3584912335833792,-7.1772382645747586,-2.772924794745009,-2.6106410458934306,18.329615283362585,-24.081150387411295,1.9347430287363068,","
-0.9806481107827096,-0.1832171949067165,-1.177909139365056,0.5082955400975422,1.4201535893087396,-0.6753769481532572,1.7224723956638863,-0.03344588667269477,-1.5873076061398024,-0.959714559425521,-9.377838873263755,-2.333888138852558,0.5474255721836414,-2.031382580718237,0.7943856775625591,2.5294154529139448,-0.9004876345809834,-0.4209076899872457,-10.847690938517037,-2.9754575465964876,-2.0013706618083233,17.38957026363455,-21.982779260365746,1.7858220529691948,","
2.348129592550009,0.4762398034458366,-1.2028788703464102,1.2367111958636912,0.8816486634125908,1.3326820952132152,-1.1507401964308652,-0.4125871910685248,-2.580060937941255,1.190104751656051,-8.48666220935155,0.7442259797667248,0.10693058258999599,-0.3792106888714244,-4.365796560709896,1.15348760116364,0.7594195795535512,8.521923192365819,-9.871129810934203,-1.3436479287815217,-0.5728059877416172,14.184592558382416,-26.16051695488599,3.974101701141592,","
-0.9974801155196928,0.36004076243958494,-0.8756804447772879,0.6197432567198788,-2.1812044429178457,-1.5069331457900148,0.9362280602304054,-2.430730982163709,-3.400452231290103,1.2167106528995077,-9.363586142423856,1.0578392499696179,0.532360618073227,-0.22595268539490831,-0.6488548583978968,0.9447094200444255,0.6715919160456139,0.8449378098714533,-6.312668064347247,-1.863965717574473,0.2526257048047569,17.6499316632204,-25.140652624637386,1.034414764542987,","
-0.2571160477170622,1.0713530150193593,3.704139150766821,-1.0082659007629928,-1.3224680474055788,0.8390379263076966,-0.750966524922486,-0.19580045177096395,-4.666952409148223,0.49196083835247606,-10.282996233496021,-2.145759614831718,0.1809103426693639,-1.1425145888522081,-0.998165713486685,-1.2226211500902266,-0.9165086312270887,0.7619333391152736,-8.474433004440804,-0.12138456843436529,-0.91882456231383,17.366221826459054,-24.228435377151264,0.5289417061790687,","
1.8335141167961524,1.4381403066712979,1.0119190618598282,-0.6877679581448746,-1.513869450496145,-0.13311946485640647,-2.284224593376168,-0.8807792993609382,-1.3302013188006754,-1.018900422937655,-7.658473398614603,1.1318599533155975,1.6545755645611564,0.40839090635557085,-1.8476818510715134,-1.5530292481298105,2.0754839153032663,-2.2741218952155577,-9.977962462788842,-1.1104348268809758,-1.1551306483751205,15.238529179241418,-24.652372080669235,1.2468459688080316,","
0.79559719972886,0.3476878158906045,-0.9847393323797746,0.7405581437192197,1.4938617291338971,-0.34927257085541896,-1.8165775633031114,-0.41598102193322006,0.5779825290323402,0.03449411563104832,-10.099059844280617,1.8955292874854877,1.4611363467390959,0.061965691959230185,0.7089733284657882,0.6528541749979411,-0.08302316339398885,2.8179527587896587,-7.31257769895898,-1.0675397609519592,-2.80817641314286,15.84395870291226,-23.052326833353945,-2.276502684993943,","
-0.4960310276776738,0.3529819316173688,-2.064001409055436,-1.2503026805205337,2.1055374783473724,-0.3094220545145845,-3.320785840233018,-0.2642166916517965,-3.1895523466216105,0.30870191175374373,-8.803357506385623,-1.0198575373165681,-0.006829531018269108,-2.488305893772811,-3.7039627552977095,1.5299131828756316,1.3277915068062782,1.5825529757544814,-7.94542843040302,-1.5415657738041375,-2.51230520671254,17.188936530869046,-24.156625600383382,1.2310787927970637,","
-0.5909179524558397,2.2261495478272133,-0.782822773238081,1.73775213526379,-1.2074924504210287,-2.271479287263446,-0.018206565041360534,-2.128286220360991,-2.023791605538861,0.11974223942138451,-9.27874655717568,2.487278135274323,2.8992346293589435,-0.17369127416819197,-1.0325459608529854,-2.515742884985549,0.6805520288805695,2.1042118671130083,-6.580088880337231,-1.1871323360942512,-0.5193620307192077,16.396312231849866,-24.94802819235733,1.5797333956763282,","
0.8614359470554405,2.0802218206587098,1.255012975356749,1.8175718965141456,0.5120121484813467,-4.194776903523007,1.225096856462466,-1.3409577678148707,-2.3194472280642913,-1.078357226617662,-8.227250325889429,0.16954927277083698,-1.3123043292984278,1.0032327244962218,-4.889217600550069,0.08556989561048312,0.2454820704397065,1.8026488147585837,-6.620541430183157,0.6235926248543109,-1.8929616743401425,16.94622155252582,-23.737032608170402,1.3068542154585998,","
0.9536068073804813,2.0606742874249315,-1.2341908168873488,-0.013107290138563599,1.1292491808581246,0.5952811323491005,-0.15164539086442375,0.1323020397890673,-1.4521904628281845,-0.017497432518794653,-9.131454861050116,1.9581652771278186,-0.6157873377737815,-0.08328315265355002,0.024365069221573776,-1.3637968335734953,1.5039912687967814,4.628028309818433,-7.0937542388504236,1.0681614763770426,-2.8375293521098683,15.128846279662753,-25.602462563864343,0.37368064141656987,","
0.10559790674241754,-0.016384653566099416,0.07479317146459152,0.7747664915058294,2.829069058102931,-0.3869479157455089,-0.1413285347735851,1.0523926176180112,-1.5034392255543594,-2.5159135253353213,-7.873763450933609,-0.38124642129560016,2.383940365337992,2.1872145172396174,0.2729319582293215,1.4519951189825875,-1.3451963353220293,-0.6173575152222952,-7.4033922206924325,-1.0374026099846674,-0.2572164212734833,14.746718833699582,-26.3502907670883,1.8405630484885478,","
1.3376329127520137,-0.21851122042279503,-0.8575050313952488,0.5397887210068433,0.2934571571864524,1.2961027594525376,-0.9726410185654402,-0.43281048584017867,-1.3967800138303232,-1.448673789874391,-11.335983600599548,-2.7270046712602607,1.3264743296072936,-0.34839640324788235,-4.740079659992261,-1.5718972517333683,-0.9819361024052427,3.1554443630034825,-7.7347494598050295,-1.0336020598949744,-2.4144120243118437,17.13042966210961,-25.922417466984715,-1.266006350417399,","
1.4051006497341234,2.702620079532495,-3.0197399565402634,-1.397587261631557,-0.30301229043712397,-1.3525336157330798,-1.3641340900395456,0.13528576135382764,-4.138718070603602,-0.24595858847493446,-10.374217182418732,-1.9289508642131068,-0.46198770597317207,0.17219174919308244,-1.5881672711259398,0.1148905770831945,0.21982650867322207,5.297304372106339,-7.881355926963578,-3.0055948632700904,-0.5469598913402933,16.402963568856382,-24.43273399848645,2.265434626100898,","
1.4867033962056837,0.8638396884780306,-0.6566442556246557,-0.4868436862721879,1.2971209473757312,1.0076561433962183,1.4711266289102483,2.7416826790508537,-1.9786512904096867,-21.401075270985093,12.62312218161162,-1.6735778256233402,-3.501991750587962,0.9943799889336731,1.751927574745082,-1.9935389307635774,1.1558779715284828,0.5501798277986722,-2.9702010078829484,0.4519997188517948,0.35960571896714555,-2.138470662134269,9.272598471835835,0.691421435878965,-
2.8353456953917657,1.6597222125627553,-4.105742647610668,-0.7694692177751676,1.996487797387232,1.3068145210651778,-3.5026290668988462,1.0942630852743491,-0.3551662603173895,-21.69727446197929,12.853349359434361,-3.1317103597368146,-1.2604061373199613,-0.7070683670388291,3.5911290471008215,-0.9630871587555703,0.6052889822706788,2.5161936576470225,-2.5734136326442596,0.04543861907006885,0.48159745906013995,1.7319367319124508,7.8840462298847385,-0.5586560318194529,-
-1.3836607903531046,-0.24195215818136617,3.9845014212083356,-1.8284279980552398,-0.35532464295854993,-0.9381942392748783,0.0402217666660345,1.107703316666658,-0.7758762621291453,-19.5798985728959,13.186468940838154,-2.1816710597244082,-3.0116743981549803,2.9500806380052964,4.316685626966887,0.6725237134009205,-0.3585120055598736,-0.6028689473002942,-1.574590065781353,-0.02080386476804108,-0.014670696827522534,-1.9759819762016342,6.629069720825008,-3.371773895401134,-
-0.8099935661768143,-0.13457651092562628,-0.29352912619697236,0.19107450190058017,0.7944496098164961,-0.2956385674794433,1.124294071489861,0.9319078573508364,-3.6095728881278433,-20.107545983154893,13.283256102686806,-0.32911122870058307,-4.716104003906537,0.15845133005556988,-1.6382626947596464,-0.9478824520888622,-0.4639874390475711,1.8613666329368925,-2.2662190445300245,2.1591511956816305,-2.4158411909417055,-0.4613211986791974,4.144906093027878,1.045987279832218,-
0.7747082895129154,-0.031137634268700864,-3.4833278869347737,-0.2130440282347692,-2.1270892687494722,6.130395329402688,-2.390457189551336,3.3134473048418442,-0.1920049816833398,-21.99808901031637,13.859232085214757,-1.5362710667945407,-1.0874654524447465,-1.546254528822324,0.1098343616334887,0.28496793596768555,0.8232966732527132,-0.6880635859279778,-1.6468073027597894,3.0253477029241083,-1.0488090406040556,-0.7322715114230975,6.261195525260078,-0.9727976289630647,-
-0.1277350085507578,1.1271880961370861,-3.7746067087850292,-0.1193792081807672,-0.21998430706076988,2.2513874738190793,-0.4521314538809147,2.5740354130944354,-0.5590548073603259,-19.96881253100093,13.722808333866993,-0.8825327877539735,-3.5785466971421442,-2.0147157268954956,5.345795336693641,0.14039735143316534,-0.09977747424358085,-1.8393666174696364,-0.5687076632685262,1.094761453343878,-2.6955022331680425,0.4510317056340982,9.424770727891293,-0.5468350410282596,-
2.48321886875587,1.5980931221888834,-3.022982704127571,0.35247762971759045,-0.7279496987463006,3.960057421102306,-0.06810421078886364,-0.188000830188912,-5.8370744457671435,-2.137816311935431,2.3002709229064635,-4.790233187437593,-2.733256001330318,-0.46856145266701077,1.1314898836304792,-3.569149848489303,1.1516692522835683,-0.48701781342731465,-0.4311963226622577,1.258062567387384,2.217421477857897,1.8815295001953638,0.8489788209044065,0.07995698982404065,-
-1.5650184994523784,0.8305818458747165,-3.1169332916116446,-0.15711615093808007,-0.046907894911640824,-1.7642788699045013,-1.511498048169603,2.3250755101541642,-0.6197220127566538,-19.156233423500616,15.60642757502049,-1.1810372331017902,-4.288097276782821,-0.22258905146663466,-1.266391064121251,0.41704935700421686,0.29062844130585574,-2.94162135556536,-2.28359462048674,1.159240490667571,-2.949988924742229,-1.2721358479234413,9.41567541942348,-2.7329322819078357,-
0.9769733152084257,-0.00045872746116870644,-5.448457397460402,0.2894915855027307,0.5928667279407875,-2.19834667802985,0.8823936604978719,2.3326782673966306,0.08108947864434413,-19.428541362296436,12.511806595055475,-5.329859779322874,-2.620449845120106,0.252252329623623,-0.4700913687998991,-0.37136729576153726,0.00013103516189971742,-0.4132168366438691,1.1269031599474273,1.9674752724765483,0.3942096422296686,-1.880144838087162,6.312372349009884,-1.2969148562325472,-
0.966654811116598,0.05954120862970669,-3.9447713435241667,-1.586255874219603,-0.8588076514338638,0.2781609731827075,0.7531626813724461,2.497607494233108,-3.2576366375533894,-22.205373632163536,12.67932021887566,-0.7134683324194953,-0.9335280082325426,-1.0476572223507148,-0.7125294719708677,-2.913629974641509,2.0959236553763247,-1.5728390428355397,-1.546762058519135,2.1185620503837157,-1.8262735905015575,-2.038696873034831,4.428615752863202,-0.7470006920993342,-
3.0671999296297656,0.8738851746002645,-1.6572724482328454,-1.0778845711272993,0.7924146120922444,0.11499174064596218,-1.3811813263699175,1.4962067650148754,-2.97271002887652,-19.9871382451813,13.138686574529999,-1.772785611389395,-1.8065169826872705,0.6825701867704339,1.2703399205277606,0.37374622548642833,2.45646638081422,-0.3297770554203794,-1.9021467036413469,2.1799209139035725,0.8324408489250459,1.3230679900851356,5.792054687948877,-0.9384052021831621,-
0.6701846868589882,2.2860567550573148,-1.0526013807748882,-0.9839484691361733,-0.43663523623129663,1.9154341212490635,-1.9773801117288858,1.40172729823567,2.0593559365946703,-21.05777184775517,12.331131927351862,-2.0360387189350035,-1.4670117706715473,1.1382701764690282,-0.7151588996433702,-1.33842630778188,0.20714464434468027,0.3473817939592436,0.2771294473630861,2.902771116230994,2.0763869347211994,-1.2536742336426374,11.206037391731762,2.491419806433612,-
0.13819400728633013,0.38709776652238403,-3.547278203765245,-1.0363465880657898,-0.05871547730080806,-3.2629254912633883,-1.5275159028687852,1.6580189595629236,-2.7784509514850697,-20.569219781867023,11.98565609616901,-5.461478172060026,-1.139455571377681,-1.9843085126228814,-0.4968065395436838,-1.373584926001179,0.8182759516790696,0.9384759085130554,-4.175766679863067,2.636162766676847,0.3876449383357681,-1.6784254162106595,6.155585189577771,1.7213988942976926,-
1.0179666665190723,3.4308083249692256,-3.377110365370868,1.1917973231664547,-0.7031044132012028,0.012502224331626621,-0.5649367794019806,1.1891502586119884,0.16694100468896522,-20.15722880402306,12.59665064056506,-2.9554158344522534,-0.07710077152881922,-0.6662086267945142,2.532233104033139,-2.1205974898533384,0.7675056590086058,3.481119487504202,-2.685811871333372,4.043719871831868,0.17170857618577884,-2.211638044995965,7.207757418015518,-4.505988325990131,-
-0.7985935798751882,-0.6641240391537,-3.5301945740017118,1.4189032777121113,0.4675712183607743,2.263646895879617,1.763117732630592,1.5020438110900898,-0.419555726477995,-19.720396137841725,13.330902189366668,-0.8404800345988974,-2.068913457672238,-0.42200022446291285,-2.2013161262058247,-1.6005526089906539,1.147053620489615,2.2667470614755416,-1.4722371546553323,-0.19428944031022866,1.4660181663830372,-1.5189230636320499,6.739294566331495,0.49650710051588476,-
1.9889648730244573,-1.3212734861891686,-2.8020075722253637,-1.5793333551744198,0.2969380076132495,1.028900824223797,-1.102221833725343,1.898426980963336,-1.5263996454984294,-21.05505683450142,11.344523620605173,-5.517769460548095,-1.177597117152402,-0.006888106195013677,-0.04784573902759348,-0.17575615157053903,1.3641141066056264,-0.4029192943997941,-0.38626429585849476,2.9705072836208757,-4.268835227724082,-1.0216832345513698,7.618526080550204,0.8812944054243417,-
-0.10547139964415919,0.4386814959168035,-4.386063725673864,-1.2737674046167626,1.0298337336057273,-1.024264055760625,-0.606610825896821,0.5189706136432619,-0.29450560032029216,-20.507727044912528,11.138461421085907,-3.0377557676836204,-3.9128938170561014,-1.0758924204967926,-0.3531464352149669,-1.6143991867687717,0.13316237105300388,1.6616361266267745,-0.9387529504407073,3.4237653319761847,-2.066957830506169,-0.5562081457349457,4.274408121065932,1.7638852180038498,-
0.648599217203099,1.0905365926906718,-1.8502144366643165,-1.3967540350176861,0.9063036590158333,-3.6418093709119717,0.258637823147998,1.1249398381156368,-0.8794676425289367,-20.816685889058572,11.931899782758734,0.8822066501260792,-1.5997702642244747,0.8149220577603415,0.0020782017777492,2.060126075019596,0.22275505528529038,0.20678518497311416,1.2010208287228394,1.7114565501495207,-0.05539973277035415,-1.7156199845339928,7.768254460296035,0.39138417957764204,-
-0.24162232936700434,-1.9086488149565275,-1.2260495135962515,0.3765037979194332,-0.2198488973906194,-2.7491401350611113,0.33071929493208074,0.6139914567348512,1.218601961852812,-21.519989023338127,13.631583269904354,-4.729131941988953,-2.369048591165239,-0.12064340741593327,-0.17924628320707825,-0.9238560042576296,-0.66842113222134,-2.5682200347756066,-1.1984362254207521,0.8077921415994922,-2.8779381379686697,1.0743801466933363,8.413594015302806,-2.922591738877145,-
2.0972938519643094,2.1189530312465017,-2.878219851946426,-1.7226816968961813,-0.8524315213168165,-0.43010313173812165,-0.47941645495386176,0.7035852940068423,-2.6323794337478716,-20.93940101485451,13.825156571746135,-4.167387341805124,-0.917645749191621,-0.24498710342329844,-1.3121648076255497,-1.4143089907547761,1.1858760949045575,-2.111154897835945,-0.8080289796898281,3.6204622529320716,0.16316318480954806,-0.43227152601409724,8.69730404107289,1.255139349614467,-
2.7658426154638676,-1.0120425908015278,-5.258365999385319,0.6881784009976002,-2.0901646010458705,1.8668113063628198,0.34185062643196495,0.752043838707749,2.3272064827626764,-20.41664046654339,11.524795925778733,-1.980179537259005,-2.214294339141418,-0.8027704839921412,-2.5880918239399193,-0.4437197612228232,0.7767376751793336,-0.45898737649287114,-0.5693863835162172,0.19367623583778482,-1.6817302715588767,-1.9424525018277783,8.221512774471883,-0.26366047274842686,-
1.1501854270137812,1.6781837301815479,-2.568109033092128,-0.756980023207241,-0.6827439964609141,-1.7340558899748544,-1.1387375566042603,0.4812305190139057,-0.868739181034698,-18.88989861708425,14.38348642064409,-2.8982538421763024,-1.0417155982663076,0.4774564590800239,-0.8572904185294874,0.32501210429326477,0.5815337266189857,0.6988857996329898,3.06278563598704,1.434806612455077,0.9307766328705611,-1.38643435936492,5.316128201549496,0.7967603549877822,-
-0.005425153775746594,-0.5355719078460881,-1.6649324708130848,-1.721731105407521,-1.9404397287502206,2.8475132603716133,0.19877380010335877,1.369150170235315,-3.516060069087928,-19.841753714721168,14.768323520297656,-4.352006012928939,0.5630804255556541,-1.1303266970948656,0.11531031985782647,-1.7905987519830546,0.37139919795399123,-1.151047862608948,-2.279657967937488,1.9167083560720783,-4.2425540141794045,-1.9826335655164975,10.352463277583858,-2.684974860695604,-
0.11959703706048685,2.326238062181112,-2.761054280414328,0.6592639761531416,-0.8351877364080167,1.8722940585457764,-1.235253460034011,1.8472503004804253,0.8171637692004197,-21.445192710911037,12.084343149866697,-1.9140514529123038,-0.7358801678275881,-0.10679715759820851,-0.1573534145436497,-1.0086974606061787,1.9827113461042813,3.9366533048472547,-2.3727801495170278,1.2015931446197783,-2.155438038544844,-2.370461602052418,6.969114172232189,-0.6953145475769702,-
0.6001414596071015,1.0480481048774024,-1.3690609605879445,0.02342722558753252,1.5086115612181459,1.7365031533916522,-1.5881945920573344,2.4173832576973098,1.4023393792205638,-20.075645787856196,13.439365500885685,-1.4806435977705519,-0.6070573233352263,1.8790402143660643,-1.0099408632851805,-0.2994219672432621,1.92624001771415,-1.8923701547469136,0.9234190856817177,4.412406268227869,-0.7268653829577261,-0.7611856110581403,5.919792408144936,2.6979376982959025,-
0.5372903279435093,2.1627992073594413,-3.6234968079436953,-1.3072970642504913,1.8945396021498198,-3.1085328932536527,-3.1133079731453943,2.664713176744243,0.6386782751304736,-21.041618223923948,12.076062791918957,-4.198260553281784,-0.9381445445067698,0.504877614638481,4.020371984698045,0.30220730549385877,0.9821210588137319,-0.4072982216392802,-2.5587530126560987,3.071638622715625,-1.189845489363222,-0.4968868653245577,7.389657585696497,-0.5087204087195119,-
-0.7195883479747067,-0.6504137375516503,-0.5079277338221573,-1.2152607747074384,1.713454424689445,-3.688236273441305,-1.4938506546970114,1.8137186765365243,-1.1565010522344892,-20.558631487194813,13.328320761287614,-4.170675617752579,-0.9723500959994453,-0.046389796951686435,-1.3774351132763627,0.4607589660919871,-0.5290096478353092,0.8219712565847885,-2.0528253747219503,2.9953490479069558,-1.9872447564995355,-1.2041266945778495,6.615765957206712,-2.2651347617579063,-
-0.19546782038796096,1.3485910087948128,-3.7590621868146172,-0.807478233026778,-0.8907113628132208,-3.363661696765689,-2.123172027691483,2.594126998970097,-0.8255876293608821,-23.626504983686274,12.470816267884942,-1.3930343973145796,1.2704580431629324,0.10795428018017361,-0.41271531159367214,-1.198606723284918,1.5700400817320173,-2.1687549347331583,-2.077259785573417,1.540689055153834,-0.77439307248153,-1.283266961825917,10.519431401421159,0.751650016681765,-
-0.45053546446408177,0.7499484649330412,-1.917886986641406,-0.38462706062703944,-0.2991234848923625,-4.210780671684404,0.23773288426462713,0.13249590760625551,-2.2272199469513794,-18.375418616592647,13.064708913397169,-3.6592886946314707,-2.048819372393126,-0.018561338743928957,-2.0206452421296035,-0.48783770171989715,0.12053854701542832,-0.8584511785025484,-1.5420109625207947,2.703900818975967,-3.0342995754598405,-2.352407261724391,7.863549265969489,-2.8621447019268658,-
-0.3522574015486839,0.23098898670146006,-0.9437568066621793,0.20831430985801802,3.436076608234629,-1.5695815545676055,0.041307621753039925,1.4333534791692557,-0.9477870546913891,-20.69044180408327,11.570950489993209,-6.2834081589360835,-1.9975074341375034,-1.5162546896955362,-0.3483182505607374,-0.216072575357785,-1.0829918327502952,-1.9506281009166742,-1.8494769619493,1.1234020139946068,-2.615564019526232,-2.1938552391022075,6.651738611109209,1.432538279814537,-
-2.002936866449886,1.8401294699880548,2.2379427269297594,-0.8578397524044803,1.6670269283791583,-0.7892727111533873,-0.6926741097135434,2.315163828853798,-0.6970339471457692,-22.00446890852576,13.776831972976339,-4.842793294638511,-1.289455143303087,0.7656464187139704,0.60040075683645,-2.36792887609154,0.20089894580422651,0.8955567323164928,-0.68504249460557,1.650643847711649,-1.2253272417847825,-2.720687790135999,9.15341232938475,0.656164270738202,-
-1.6633091461046376,1.263581118134912,0.2797348748812283,0.12554074897587242,2.6984545381983196,0.33872326052613744,-1.8281431145279896,-1.7356582790741015,-0.13470435288326144,0.44120274912292956,-7.369921658201292,-2.5404752965033026,-0.9638595208218135,-1.527214857973071,-3.389385914521597,-3.7623665652038767,-1.5705515948678368,-1.2118389014328272,-5.492926874590163,-0.3239992876008131,-1.5695855508513432,-4.348357598035065,-81.06620962068764,5.346099551378472,.
0.6226673363039765,-2.019993674891028,-0.8928107385414137,-0.7390292162313372,-0.6996918848653877,1.981034184106818,-2.717554762462713,0.6582336621863476,-3.8343460682307864,-0.2111958254990398,-6.361189336302459,-0.6314107748863762,-2.3249945979746656,-1.0313326148123139,-0.7863004078580502,-0.2734068203750013,-0.0926800495681448,1.1562512008190424,-3.889080656284679,0.046723950002160564,-2.230311195338402,-5.921389350851227,-83.14584770913837,5.31477937475762,.
-1.0001815196596908,0.08258547127409877,-4.125977408153972,1.7553147718334046,2.6018033383741965,3.634741669392099,-4.301853500450397,-0.8621274588057872,-0.8863241044121537,-1.3799731256130485,-8.070645988085005,1.91582828186921,-3.366170640488292,-2.526446191295726,0.3339112322367441,-0.714718966453944,0.24777385176591338,-1.571229201648464,-5.176365788013172,3.849800860651115,-1.2027379421038518,-4.5614798841465864,-86.350146603684,10.109225120303506,.
-0.41321543918829207,-0.022346626769349953,-2.336703411671408,-0.08432332973573153,2.88252773177868,-0.87215585561853,-2.570676980409175,-1.7549336094924968,-0.03659149915552007,-0.6025524119380705,-5.939153739273678,0.6210728864718362,-0.8541779365369564,-2.0841832569518814,-0.8127935045332606,-2.934583845388943,1.3322530603194451,1.0119323586862947,-5.13414864745941,-1.137665942852152,-0.9029256873491249,-4.268267123033579,-85.69354087539648,6.4744043427211295,.
0.20402631581825403,-0.3486814620009273,0.7396572580472593,-1.2848662112137532,2.1569591934408265,1.520031092027125,-0.3461974022097323,1.5142506653104704,-0.8815064697260482,-1.909927723465941,-6.797888104883668,-1.8760162060762013,-1.699197371124967,0.5878522296060353,-7.129327541713394,-3.3449462823653136,-0.5466157262464151,1.8038455318957745,-2.9584019323366384,-1.0225513320852286,-2.9263035883142265,-4.23134413359178,-82.8420463495043,6.557849454164057,.
0.6294533823968607,0.06643169764912749,-5.697108000189473,-0.768214750402187,1.2197684566442888,-0.419472186748294,0.005250861092378045,1.293257374758781,-0.0032969595097256388,-0.14006385948208333,-5.476933879593787,0.031730895168095685,-2.0980218920128095,-2.197259928707574,-2.2223051017653574,-0.7107819848385049,0.06587255003239534,-2.9632266365148325,-2.103876997478414,0.48274267371006374,-0.5904071282428731,-6.204421114520281,-84.9298296149418,8.87753898130461,.
-1.939010221869978,-0.827595501761623,-1.627790649413555,0.20454585314437423,2.2348767153361564,0.20490774025256542,0.043259788636156316,0.07303205008489044,-0.8591702538394657,0.4155474842469289,-6.533318032657803,-0.3789028375542216,0.09278805003418711,-0.9597938190994739,-1.5644146921835045,-3.079289729122763,0.276142412418821,-0.5388436991827348,-3.7793974061174263,-0.48024310123203406,-2.626053647968547,-2.916909639924911,-84.15186531812617,9.307013631553787,.
0.5123049890851803,-0.4636589497743042,-2.4512526187114076,1.6824192108568,4.1487704020363765,2.772739451137056,-1.6412198794934767,-0.3621764388282429,0.7840279993950503,-0.5103808956922293,-6.007705582148759,-1.1999471794571832,-1.590061830546773,-0.9519201769245669,-0.507715158591509,-0.6031353672080186,1.9485429775878202,-2.8351020231629036,-4.535234577901786,0.02324073577482011,-1.2526820438430946,-3.8412082978266042,-87.05521491403755,9.331545400766913,.
-0.01615573189192787,1.0926760981244925,-1.679259635821154,0.9134142786085775,1.2606264259024726,0.9712074963328519,-3.1883240966257773,-2.8117261733667362,-1.098982519641254,-0.14074245787738704,-6.3924116771581225,-1.4377888934790235,-1.955084709064181,-2.2216953362511873,1.2338058154080613,0.20129819132938565,1.0427049441792064,-0.5546060144754392,-2.7864109975806297,-0.44970112975782683,-2.7287646031438726,-3.018991120479777,-84.93688797259483,10.253986315421571,.
-0.08769503853253013,-1.5015774768682597,-1.3415540495301457,0.5395677981829152,-0.18643634696059053,-1.1995643691666942,-0.3696813168051172,-1.217236860871168,-0.7122101360333772,-1.1263991478276338,-6.158110913583471,-1.2544790536176151,-1.4783413406305783,0.32178970626906533,-5.507160097700023,-1.0035879974366253,1.721710383212553,1.56228644544575,-5.764827404850777,1.768262338353665,-3.6332514051889007,-4.647678942246696,-87.07625528244134,7.863552899529623,.
1.3297697985892398,-1.4862380179625259,-5.8977227705868245,0.18282608197926464,2.862027003223261,-1.1014481460773595,-0.7725774919307238,0.6875550202931038,1.5851404686841875,-2.238978106882719,-5.732818248628348,1.3089679026890053,-3.6168915595838484,-1.9636402111484443,-1.1410853707839692,-0.8970273913216147,-0.5410516536935717,-1.6770104185072228,-5.703334219512923,-0.6182983278298906,0.07755974375243113,-4.0202580961738965,-84.78295201801328,7.995391764507701,.
-1.3767419483308743,-0.5998127506609858,-4.2779617411750905,-1.2487570843589424,1.7146991140785417,4.3859321863515675,-1.4817176778953218,0.7166048133811671,-0.06264815303700288,-0.7435930068071457,-4.6133159281876885,1.363064632088367,-2.501730454389076,-2.8306535089414666,-4.338548158671131,2.467588733448629,0.37890528890356734,0.8314661495163591,-3.3140580395854045,-0.06553853072068705,0.9940890030673017,-0.9855068647785972,-81.73136794167127,9.759696471892482,.
1.9896351373592154,-0.4489982068549363,1.1726180375738977,-0.21097552517858986,1.0028415988556674,-0.11154827687488478,-1.0389122116102012,-0.4324874060449133,-2.5496631859131753,-0.7460359561971259,-4.788156394441046,-0.604476788964746,-3.28960659389611,-0.37160447395974217,0.8628121520172272,0.16410399196149683,0.6315274531163055,-0.5828639109333267,-5.66396770116757,0.8717917998302624,-1.3240770755261337,-4.213425539848511,-86.48127748156287,9.26298897335073,.
-3.641543677973317,-1.2900841940323113,-0.916246553860617,-1.2836450316831218,0.388319484796682,1.4624272162670877,-1.717916857928735,0.9434388507822007,0.1850489435675513,-1.1796109330534819,-6.123765285026309,-1.7533733506693352,-1.780648897611428,-2.8499299682340506,-1.9649803030432622,-0.5746291633019993,1.1165503233483776,-0.29553246186486604,-2.371976554024822,-1.0264881341854988,-6.42643623621268,-6.574330605428178,-86.5950337878098,5.563129381827764,.
-1.5346189633195593,-2.6892246306762466,-3.673288795712324,-1.3044131791473745,2.663703288220404,0.9197494741591186,1.1688707059303507,-2.2333072103789107,2.6665926856136366,-1.5892944367697268,-5.791054915346592,-1.792141970534658,0.4374521136389262,-0.04676243694868987,0.24499574134836166,-2.503994882367955,2.1362797511866063,-2.244230424561067,-4.40518931491129,0.2498015787117538,2.424630083870113,-5.488086188463091,-83.83815536865004,10.75112962154958,.
0.42230475709635584,1.1238978391578485,-1.0680153858299946,-1.7321513930101347,1.1330229726935386,1.4300207243358614,1.1436217286446464,-0.3244367860823161,2.332817956709107,-0.33200867569169645,-6.25110148158052,-0.6710511480127366,0.2195791418841111,0.3819256399854396,-0.9065330650360011,-1.3634517896143947,-3.1233586597009833,-0.2635554530625086,-3.5293522202677474,1.1445067720026572,1.169295500742976,-4.414058997138075,-85.7414591899203,5.1645436575365125,.
-0.7990073385802532,-0.19773129540438017,-2.808223441145003,-0.6992552251341735,1.2353748146848034,0.7377472779982668,1.267286900587206,0.31370603010734044,1.2437092522673083,-1.6087062056182617,-2.9768893874504556,-0.629443426761668,-1.019515891787421,-0.8062641781077104,1.5320832154981758,-2.5425478699974207,1.6326603526121346,-2.0361764904723145,-2.462655326557384,0.018353856565880733,1.6175946359770137,-3.8519323092542797,-88.45951208938024,9.43249854344225,.
-1.1915883772494738,0.06765328545808913,-0.40661440529055426,-1.2540521361753107,0.9869616182764389,0.7362137489841416,-1.0614460957018146,-1.569096596558552,1.3501445119180744,-3.3488423513006325,-6.085895414741202,-1.7888504909320204,-0.6717357210878276,-1.3024181968722957,-0.7939577791373722,-1.7390627901932731,1.4005318951500243,1.1619540109770128,-4.362836348533651,-0.47101378469322697,-2.687597246402504,-6.072882648941649,-84.32331423758642,12.436149826671908,.
-0.5723111412085871,-0.32383997675087706,-2.797929185409373,-0.8466767625075775,3.956688236011928,-0.3033977912448904,0.4534860329368975,-0.9613576563498043,-1.5639228211825298,-1.2488413467061363,-7.870283809334296,-2.2783247158684503,-1.139788083728348,-0.9193411087794985,-2.221870896006692,-2.7598786438127405,-1.962723635850324,-0.32662222386636586,-1.2122932122390224,0.9028774536963056,-2.109870714834358,-2.9456878652162812,-82.92023692950124,8.26541991248564,.
-2.264121327948544,-1.1258308883986263,-1.7035687509937247,-0.31034133607344927,3.210627834406125,1.1323960966226991,-1.657509476137399,-1.3441631690672295,-1.4277036204613864,-1.7606063529311768,-6.634988614596239,-1.825865413337283,-3.084901874249084,1.5093004564657164,-3.42858816017349,-0.8474799248881837,-1.6034041612718823,-0.9704994310743587,-5.821297879950523,2.8998464091721274,-3.1170654617234277,-3.3474978636864776,-84.43381135883635,7.333340745745318,.
-0.008149521219536382,-0.09171310752332307,-3.7735943857593384,0.13042870527579709,2.696281451885227,4.29920363206179,-1.8543420346096315,-1.4343021662789397,-0.9715173897716909,-1.1369864896885815,-8.162002498575305,-1.8801735563661168,-1.9489759322639486,-1.3548163848462167,-3.0030590323189017,-1.2366648128044346,-1.840687617651355,-1.056568971383001,-3.9136507955698048,0.2723351024784648,-1.8240645923177112,-3.6960951517103107,-86.37865296984413,7.9877278754469785,.
-1.250501512346517,0.711771089161159,-0.8671859705302722,1.7766269158410282,2.892839414294201,4.168670284219957,-2.0234824779368346,-0.32334704617500165,-0.33464776417957864,-0.5072581707017321,-7.451369304398497,-2.3470934682987377,-2.0537689871812574,-1.5411962758059445,-2.2983024051713414,-1.1713713358884377,1.9467776116420055,-0.9262663143376244,-1.672610031677051,0.3422454056547082,-3.9291240201227993,-6.422973137422956,-85.28439961277243,7.355461543433421,.
1.5488654619447004,-1.027550190148844,-1.1216654814978142,1.6402014832647112,1.9859171299996206,1.108963125928426,-1.8633012015377446,0.7121238801011884,2.0334381954145897,-0.854497924804619,-5.624355544699142,-2.1055320067249568,-1.0238614015883911,-0.45902475541743115,-0.09314990565741255,-1.9231355660556062,-0.8295115143787655,0.4306905059130486,-3.7994878843985163,-0.16952075706224434,-1.1460245996529466,-3.080620016882336,-86.23354004928152,3.9954921549117444,.
-0.7381960239327157,-2.47189430767163,-1.5224514817452928,-0.7063141618962305,1.5010351929812487,2.5119027834245458,0.27240000774201256,-0.30515890102512344,-0.625491192709319,-0.5187959866760394,-6.158245039029765,0.4430225647806765,-0.4507366998597604,-2.469568326647952,-1.9619127755138948,-1.1489727212207725,1.1392206790977184,0.7648914866734913,-4.427994729175848,-0.1209218384063746,-1.1596029334428977,-3.368945806304808,-87.3258931209517,6.477694662379577,.
0.508643956801194,-0.445468898030958,0.908939672410213,-0.4171748811886502,1.682795499361191,1.4898075321253827,1.0009521611653796,0.6107215766730292,2.6584812790543424,-0.34001805549717545,-7.0801030679421615,-2.2619031932704843,-0.050693850970645826,-1.9830515070435695,-1.9185511082433209,0.5805737661645693,-1.3195578541473765,-0.44444752744033167,-2.0805285992212497,0.4566805584248925,0.24684514082889564,-2.528538549812681,-81.23684379460303,5.521957136750302,.
0.49262178640208276,-0.194473225041202,-2.9100642725045986,-0.6507932523840267,2.4242462415045054,1.6731094180840955,-0.9825773514255864,-0.38660660245770373,-1.0122495188988978,0.038035376639463436,-6.907571511937874,-1.305068360479197,-0.0737723206397618,0.35572669616982466,-2.4001441479156824,-1.2138599794828906,1.7003974659088357,-0.7747123482124039,-4.123515053365045,1.8631485243578965,-3.149908810714237,-3.8902128517390557,-87.41779315503197,8.655915302536187,.
0.03977154126721416,-2.282256266435347,-4.002457552119665,-1.11328337214551,1.8509902589544538,2.5673172646091302,-1.218233441553524,0.24760218030795045,-0.8994661611146739,-3.3347243051657856,-6.808204938103557,2.3996132017115315,-3.519020388504231,-0.8773955227260117,-1.661003931657831,-2.5258510574410877,0.02935557507834119,-0.49986540560422554,-4.288854468686569,-1.2196558215109548,-4.206395825968002,-6.440755926325343,-85.67996537760092,5.775564811603601,.
-0.9894610258770058,-2.0565096984362707,0.2525806376604578,-1.066313957525125,3.4994946766846624,3.357263255400312,-1.2912651911062554,-0.1672434200791031,-2.2007940762200064,-0.8069871269674209,-6.531141866969165,0.2016728482489043,-1.3053975901886758,-0.9239567267646009,-1.4739673293441342,-0.9391086839357428,-0.16299720315359423,-2.30248287480498,-2.0358678908456036,-0.2781156601019603,-2.483924228028968,-6.521389396997632,-87.4710059949094,6.185316268714473,.
-0.9355691647079425,0.8600062099776302,-2.658864614080528,1.3378934671392742,2.9015306134113246,-0.24164250300435697,-1.7663784660387059,0.7531216778643852,3.19810582722846,-2.4093395489308023,-5.317025125771494,0.25993330763100175,0.9299411853080244,-1.0654042652526599,1.726783375460002,-0.25440305842757027,-0.5060274785243166,-5.435570723451008,-4.032972121840707,-0.5691580328616226,-3.129543450402423,-3.8530182936105426,-84.90566675025674,8.188335244296013,.
-1.4748999600650734,-0.5796571453016703,-1.0345581198293985,-1.80939076543617,2.3244701424849836,3.9321807911045994,2.093193698399743,2.574570825360695,-0.5696897502911042,-28.50660425087778,26.908867643744486,3.043045448269254,0.2859765815559854,-0.32012858484873874,1.2309622659127513,-1.3430639934972248,1.1709466186801336,2.093362803464231,-0.3233701671685507,0.6604038083177528,-0.5663064108450726,1.016487013428475,5.766337959289636,-0.5461227215377562,0
0.6146487774738603,0.7436010445081429,0.3416600977009807,0.545134729031453,3.248495817020114,3.8912225004866627,-0.9663992955825123,3.531449680794111,-2.72885822499768,-26.628413760638427,27.80059138702788,1.0317117168725645,-0.7036173109514436,-1.092933545902227,0.6083279719983352,-0.0351453827733792,3.356874535332082,0.30826225840098687,-2.0367638337401823,4.070765927690388,-0.7899165491987787,0.5373014333539539,5.844934530094285,-0.6854079860491993,0
-0.2094697064018476,-0.07332223462841547,-2.7022743610359043,0.9172159160078266,0.11071087121709411,0.8961138192436806,-2.4615123550967706,3.5520832643807694,2.8237799574914675,-29.512622087711758,26.840049648923355,4.794644873157893,-4.129863532847679,0.030505690561781762,2.3176654947553175,-0.7478145136769427,1.8965128992695242,-1.0585507729639403,-1.6274879200701284,2.513072342678612,1.5433649825019984,-1.5731512327291322,8.484526964041002,-0.6061238151993393,0
1.034378267451899,-1.0435032108844071,0.9940770346530599,-1.56477519163942,1.472661278633666,1.743446886710501,0.8486688125575732,4.387057292678975,0.4256844200726846,-27.753753184115812,27.410321095185907,5.1270925707240735,-2.155293789272662,0.8634456912080353,2.4019749579110794,1.3212345585886993,0.3665123662475622,1.2957571767408922,-2.623053522105139,2.1633899947638753,2.0560487507959238,0.3072110781820756,6.40244561722708,-0.5518122199557638,0
1.4875035712468048,-0.3558108163419256,-2.652776506380235,0.4279854899272024,-0.32164106191265773,1.5859790834458067,-2.6835939533182174,2.28800934445448,-2.1252794935125507,-28.550993080622558,25.83579491856068,4.969189622698366,-2.0908155321494917,-1.314743899729386,-0.6323310530299295,-1.6410278323765652,3.8201785768536496,0.7294031518451334,0.06635833595619722,2.1538888853601463,-0.7949520324425521,-0.5569519483687051,6.1063816201396435,-1.0476400665691585,0
1.2898498758857215,0.09364600917334265,1.246594693421855,0.05848202335126729,-0.42263373935099935,1.818783436219121,1.0330125406705317,2.9201820524048117,4.115030774975878,-27.0201785921814,27.17602085634789,3.9825799350657576,-2.1691392968642162,0.20602516947620586,2.7002547883604393,0.15218452315515663,2.0299521833740783,1.140480425114788,-1.8583927384873897,1.89433963827436,-0.6184311799609077,-0.34138642031897515,8.354616827261488,-0.06146240289552907,0
-0.13222984044722352,-1.095087016847872,-1.5507523209924443,0.8086183444061348,2.34103244639914,-0.8392750271752334,-1.7740916481536164,2.01583616976464,1.2791496703554799,-27.131355367772805,24.92140759277322,3.6144229979369698,-1.8463326545821417,0.28611661312059056,-2.2985156708448926,0.5257595835551143,1.2407199517851666,-0.4897908858209803,-1.8706099905045368,3.504975028059789,-3.0644972570077584,-0.92726882750308,5.9085996525622875,-3.11438874865172,0
-1.6781100364446218,0.8595284244269994,0.5032926251861909,-2.1007034535128355,2.4379526704120167,0.7274886513279739,-0.7345439767017812,2.1327163674191354,-0.6231281561521769,-27.46298392728236,25.452582914464415,6.560038850948899,-1.7709958565140482,1.6915010151583445,0.6357038966395407,1.0489276761705781,2.7917612433111714,-1.7948367533266492,-3.0313792900267873,2.547552386668116,-1.5715409625984194,-1.8997574401408857,6.660500355681769,-3.7002241735668804,0
0.10233888403402602,1.837718602672446,-1.6405471323965912,-1.9747297390899803,0.16121307179685118,-0.8679610258761272,-1.0314217719168894,2.8429395765758443,-1.2153185560125621,-30.64149070425605,25.498873192144003,5.443991410338015,-3.235973096752872,-0.24017295823585982,1.0942983370824209,1.0272077738213028,2.5900397619188738,1.2578584045141952,-1.3910172745118872,4.031672261095878,-0.5886518510493488,-0.42839997661814255,7.331359579474771,-2.4054705457033947,0
0.29890289472319864,-1.1693403293428322,-1.6306937935249834,-0.9627396726306969,1.9720686438371047,0.09784009231003665,0.25993555415915814,0.25045104345224445,0.42458998515331814,-28.24488457913645,25.985252989893922,5.241855207486992,-2.1014026461642743,-0.2669150251845238,-0.46939485879562426,-0.7911180525560582,1.525381016105726,-0.5633793995017413,0.34613221228339386,2.097554029922321,0.818241476068124,1.524722280597273,7.121224135972881,-1.497913896240732,0
-1.1208684913327716,-0.8049963548496208,0.12594857139123405,-1.4804768031884876,1.6940621514640384,1.6508076160833411,0.19491307696172733,3.9063782751848066,0.9267737457143426,-28.85207905847895,28.634350125273784,6.214018508842685,0.053167685668142894,-0.7519384788408914,-1.5571806193212865,1.2570270724748909,2.7260593279672065,2.554588770526209,-2.036899642356925,2.539407196735553,-1.6363752673389627,0.16725615629568225,6.278509380944797,-0.6481804624526148,0
0.2084965994301342,-0.20038111477414766,-0.2588428485570944,-0.6817428062750395,1.409263178069807,1.2699579349022656,-1.3607429785577665,1.9316763808303108,0.6153418333310015,-26.120178577509478,24.336068416819643,4.997667162865639,-1.483347052250764,2.4319985352253823,-0.9579889346846926,-1.4914347380211836,3.088095267455685,1.5419162150256511,-1.0473068048517076,2.6865594440997143,-1.5419707550457815,-0.35604697228771887,6.336880478630327,-0.6521169262358057,0
1.9338340327057608,1.1955011969993752,-3.2425621763197796,-0.18871129501142292,0.48116873707454033,0.9265545648779039,0.6480352795889885,4.966698049691701,-0.5464777765742497,-26.014839160418695,26.293669240821856,4.19829369841068,-0.8183267007545396,1.0851205559640746,-2.9467720538518165,3.280873300888892,0.7442932771019883,2.23353050929353,-1.6710624531388854,-1.276700540257636,1.3791136877833878,-0.32767589718183654,6.888554811400077,1.816059729943504,0
-1.6151256631017077,0.3054108816250558,-5.342590622569162,-0.6429197277225143,0.925059822185716,-0.7558350802455038,-0.9115576188100611,3.4730779082005654,3.109140633838308,-26.464024931411476,26.848601999964444,1.9725549244605531,-1.8451133323430327,2.771501009634811,-0.722995629219497,-1.317271468563952,1.9183683459253444,-1.7838890900065394,-1.3969901092996426,1.9990008393026244,-1.0073836785910544,-0.2037394370989487,7.393124792832687,-0.1762281880783121,0
-0.35783758213537453,1.548849888214722,-1.2822490024474291,0.3535948921306513,-0.6064364035769927,-1.7952328593391371,-0.9650418743979561,2.7746600167801887,3.903474610480316,-29.683798239487967,27.793942255770816,5.536198822712549,-4.764072702261387,-0.3315313985142012,-0.356822776552292,1.4611893352663046,3.4109010535885034,-1.7433759693811908,-1.228935782456829,1.2065136525427818,-3.0338370057528437,-0.9369068269298051,9.48742258508615,-1.932203750816882,0
1.0394009775012307,-0.8883449159380454,-1.5306065491545837,2.403776350892997,2.534063004851504,0.3996384476196795,0.0036459999774756113,2.547015109376872,2.9238705988411198,-26.705246520719996,25.06733299897462,7.269390624448249,-2.2418998451753396,0.5806863656713688,1.355140500720779,0.16440219758313646,2.450087771178545,3.6340577591433316,-1.3968544419000608,4.1127119038441435,3.983505595350209,-1.0749611373961754,5.988417746392933,0.0377456866654029,0
0.5485378989652929,-0.8111049973371278,-0.33505689581210163,1.2823735931533946,-0.4522298661317734,1.71958437765187,-1.3736391905357621,3.3585064827065594,1.119926954451273,-27.70162664401378,29.3532629869554,5.470498315872135,-3.66547640038425,1.9496913497028103,-0.30140964863585396,-0.47401325035967545,0.614249225461279,3.3298718245155783,-3.201877069204112,2.048684222881789,-2.777159179686919,-0.19450848011085053,7.4880113016189895,1.0392500237518334,0
-2.318973170216026,1.9410217792416304,-0.4561716352776557,-0.13006919674426598,0.37800134387777007,-1.3278690202112102,-2.139521565010135,3.3718094954681703,2.3853323935950925,-28.788685695216756,27.29018388484053,5.468741083344241,-5.216923182146843,2.6164782098279105,-1.1829115498395595,1.7715063514536098,3.387145977451979,-1.172873349012093,-0.5159946389333112,2.8723966227399558,0.5057163991804714,-0.09554924706203582,7.5909069917084295,2.610388624925406,0
0.5595386021123545,2.446406258954209,0.7102501082620165,-0.933689247787342,1.7031579087197315,2.916434328381854,-1.5776659976994,3.612897547932988,2.7234772120693265,-29.328278021281758,27.40285331953899,6.539888577423028,-2.922807399283954,1.4042607390805983,0.7660150875597083,1.3202846195686178,0.3173729067152493,0.5846424538459587,-3.987306984949452,1.1926664947925758,-2.1429231796604427,-0.5310244364457919,7.171856535104695,-1.7795446340978174,0
1.2146492745927446,0.6127410886730171,0.7253583807627138,1.1226002179313497,0.09550933368350911,-0.40147968330154526,-1.354362972466678,4.004115859363623,-5.621250786552025,-29.54330055802989,26.60833057579606,6.100569785002165,-0.532851369452402,0.815121047559451,0.12849840645816357,-1.9520228946048093,-1.011858134550053,2.146369765338534,-2.0504742454355176,2.9781402242670936,-1.5717620148114406,1.8384327816726058,7.391902879706429,-1.6893261669032427,0
-0.5432714730520161,-0.47594662163591117,-2.537580492390191,-1.5495711823201006,1.5341532595531362,-0.7794767856506155,0.04246956459104112,4.2207693155552874,-3.8019830095794873,-30.87130997011359,26.23326037155755,6.273804073834924,-0.060997262255881424,0.9577901418695376,-0.3456557456999576,0.19250213105205205,1.4807197833170846,2.6599301199942147,-3.153958531796674,2.405154239430317,1.4581620309412529,0.08879452374510866,8.26678942266966,-0.6385426798680669,0
1.0212102224770092,1.7196188929070395,1.5394040891903842,-1.7492551631324105,2.024473056154193,1.3431088734628247,-1.641467324925788,4.743800752251076,0.11228203876265752,-27.83004252072166,26.216020674070933,6.380455856392871,-2.5716303873884385,0.9922699925350145,1.072185051413669,1.5506464682876029,1.7967381079489968,0.8599309761435165,-4.6786644412387215,3.2053807116203927,-0.009822019274452032,-1.0262280465272733,9.814300826370548,3.652414367952588,0
-0.5480219690662125,0.2025149043545067,0.9130530856729138,0.7464465809817185,-0.5169782797700577,0.3926227187770337,-0.7732317942451221,3.389727000792874,1.6210094308988232,-29.213029189269562,27.31936944662911,7.768504703297992,-2.334206639907194,-0.7542466088894102,2.2044349508851724,2.6248097860758435,1.7846580215386751,-2.175476180822443,-2.5297955745221343,1.2863312319934437,-1.1468894981966287,0.3308309125123623,8.305340981082232,-0.5756928462372457,0
-0.9072068763149161,1.491157325517019,0.6890112271552198,-0.9440055700794829,0.04813297544416173,3.0515633473121397,-2.5884355137941846,2.6561538398014193,2.663474792757256,-27.165699111420725,27.23996042988614,3.5014229239215524,-0.8912207254956002,-0.519812541495547,1.8816250635212555,1.005352851902117,3.18040614960978,-1.2882838698159844,0.3936434435083962,1.8891808902517937,-1.3849429848782506,1.1466680350595082,6.282037951749999,-0.4046444169121628,0
1.0193116700872906,0.9208859834412308,0.8390281015807091,-0.9862230353032473,2.3358735395747203,2.6527555213346545,-1.2070779481775844,3.47239780809187,-1.254296794355696,-30.5220340333137,26.58769215910877,9.45813311795257,0.5395489609659876,0.9614550578951011,-1.1091069551350756,0.15109933671899256,-0.32063578402818393,1.6338990953547636,-2.5935965029368115,5.431489997967546,-0.188087262045201,1.5224147090523656,9.277015315923322,0.3209156427863604,0
2.0854670545480474,1.6373567346210613,-4.096238840232047,-1.710295476991206,0.03401343104815169,0.1311361509302742,-0.18762103984152745,3.660408501119832,-2.2980699656208685,-27.587599156375475,24.85149429307458,3.545882146913584,-3.58742270933152,2.4858891950237094,-0.9181393021108306,-0.8607561658627176,2.250404290937368,3.3603105540563547,-0.9681665731236935,1.806514660589471,1.852379322725767,0.3521431538292843,4.691359501109481,-0.10350764403136736,0
-0.9996503925585216,0.6713836262344941,-1.956124326127167,-0.9938245497484175,-0.0325005556688609,-1.8374932701140096,-1.1643178267328125,3.822083656552337,1.2824311247266564,-28.831445909008277,27.355341786380052,6.611503169962248,-3.0316757798693743,2.669690519790393,1.6726915327396341,-1.0837876439850689,0.38225776568812364,2.3136856324906603,-1.8851349273963243,1.3328914728641053,-2.0062586984759037,1.57399827392718,7.775522265852935,-0.03036305754596924,0
2.0721607828957644,1.3681710439785775,0.9862018700515023,1.0461748847788215,1.3470925331629928,0.5207440732383475,-0.6878472622314931,1.5861988649666898,-1.203931439567441,-29.708096977303025,26.38393896650058,3.204896100489293,-0.6627605568728541,1.9302785659031443,0.14885943078826358,0.40521741461421357,0.42244050246036124,2.7602343015376505,-1.3262661287153472,1.9128024347229342,0.7956778558935298,-1.0984452671076896,6.986019335751173,2.555195803543654,0
3.662975668514207,0.9936461196442181,3.0154943262166967,-0.5872641024352916,1.8481322711923553,-2.5525491518041576,-1.9006074634224301,4.151537068776605,-0.8241688746105069,-31.375337274611915,26.3851636741947,0.18810856027783984,-0.36914265241688327,1.9871564685252778,-0.061384919731438004,-0.6111189004199886,4.69777981374078,1.6439737349987809,-0.8405647039418827,1.6466038699605008,1.2205504553614333,-0.555866091933181,8.625024886291051,-3.2488540862065634,0
-1.3591103032318017,-0.6818743239484686,1.5742221326186723,-0.3482147898955219,3.244699333639346,1.9234648050857572,-0.7911503451593518,4.516696268348909,-0.10584073524933046,-28.591038244049027,27.184302153298006,4.160626859777665,-2.7100912215981907,2.817926320693168,-1.4700208972218434,-0.6746476535021344,4.697372873574011,3.1553219104619643,-2.408573902624771,-0.1960211913508374,-1.2614257801448048,1.1379801914681291,6.047332719794312,0.6592775089044949,0
-30.462881359808506,18.24678828784525,4.015873876511819,8.499268778252912,5.266595608395875,0.7639963296059022,0.7822263818024382,2.0092913346093155,-2.8996251104703674,-0.8692720709752706,-2.8893516370682164,2.0802828225534427,-2.351847903152674,4.188994004884009,-6.730184463155297,0.15655907588622853,0.4565236852310619,-3.4201177299114534,-0.940056172494975,1.248174328143918,1.1630039255829274,2.4284308593489143,1.257026936526799,0.7506479591617108,1
-32.41913003415806,17.497874463340928,7.256264761118359,5.597956791666277,5.919536743439863,-1.135873314766286,1.8398282460001187,-0.5485791902157189,-0.44546113192819803,0.5652977789279703,-0.5239674911848056,0.4651295055550122,-2.418910874863286,5.986415511187495,-4.8384136316631725,-1.2429887150553967,2.475755462508559,-3.4295388791178425,-0.057160253529091154,0.8987629859891086,-1.3809514673840795,-0.9303475710040288,2.1385657470841757,-1.386181979770015,1
-29.535325381456346,18.05144863790259,8.762584192060842,8.092843386757956,5.680759285904884,1.700452849375779,-0.9246515614911139,2.373771663061291,0.42113222810962725,-0.74669351997197,-0.36744915743904016,-0.06135732189829923,-4.76909141188429,7.0221623488207285,-2.487186631698478,-0.14778472852068347,2.5817724656326817,-2.6963058717472563,0.06759097456501095,0.4461851136912287,2.964748481578397,1.0579330889099996,1.2863485397408425,-2.798325628357759,1
-29.406502191742504,17.463529879941774,8.87361230579279,6.79157572143,5.750667862973813,1.2677026549470156,-0.5900359667221569,1.180695438712604,-0.517082628896901,0.259189658048534,-1.5837387363903872,0.6725197582682085,-1.0999930005658598,4.902614600686562,-2.163055650805518,-1.0718115215733945,1.9371111707041706,-1.9779677071545052,0.19899365571937633,-1.054086437518663,1.1630072673267478,1.6818245853525644,1.094945522739927,-0.34569219611620383,1
-31.964510156139994,19.502851507493936,9.071813011480742,7.3395855455355274,3.9601692278413907,-1.9168344058207936,0.15385531797018892,1.0833655196657048,-0.3519559629961577,-1.131127549391472,-1.1664541877301815,1.579634192834078,-2.2346997307827507,6.252614324509402,-6.750766705404658,-0.19298856315794666,0.6737177513434887,-3.7501568586940266,-2.172228119070183,0.820031887555146,0.6757126326759817,-0.5556868533451595,2.057118074995415,-1.296832780241914,1
-27.944917332438195,18.227104978143473,12.60326459320271,5.78433593694762,3.802572698394272,0.21889292334708443,0.8563439080121711,1.0643614228534375,-1.351049798058682,0.5400493610089327,0.25901993943946877,2.070648657889933,-2.4221665619037367,6.067049446209637,-4.079128748276162,-1.4171515598902218,1.035347737998606,-0.3917182097969203,2.72238752673764,-0.9905585267769084,1.0902884908138617,-1.4288091125779578,2.4043572318651556,-0.9516788611773563,1
-30.09813079198821,20.113304088701078,4.298397688508089,5.462073959212468,2.691753816492053,-1.140683989787533,-0.23044347309528668,0.36119576957287336,-4.969220958312235,-0.27483800772406397,-1.0491699704825805,2.9779880663847393,-2.7235240555847895,3.2999894364992244,-4.126211212572002,-0.935114990027337,2.554351814097572,-0.14578110749209827,-0.6373412084083192,2.3598051571394336,1.6430600116441383,0.9073900347403399,1.9231359577438418,2.248850487618995,1
-29.969036161535342,17.776018393560342,9.960096443280463,10.111124206612011,6.720168995852589,3.5983513067605486,1.5316835135938796,0.8278952092646534,-2.5698143525959836,0.2643475326607785,-0.6217029626081967,1.3385161889543724,-3.9726661940357246,5.443429752125567,-2.243651359454077,1.0417623657640007,2.077066551519337,-1.70837735523844,-0.36109677804972584,0.8938775981369389,-0.8645417375516331,1.4442679351562981,-0.5046924901072956,0.010406293084258778,1
-30.231977658371477,17.430679207940557,7.572506022872517,6.438499473606278,3.0077722999258185,2.4402516101135916,-0.20247958256218546,2.5511907956219204,-0.6684139133637359,-0.7422143266081775,0.7288393941331606,2.814163354934635,-3.16239487481468,4.588632167902567,-4.225864389272374,-0.4743913719903148,3.0967942256325074,-0.7364359346272522,1.712839903271592,-0.05784134932976315,2.122244510150608,-1.3508905424230244,1.9815064616484364,-0.4116144456124289,1
-26.976095609225183,18.317512205534506,8.138197526336853,3.48872569033243,3.7875029940364016,-0.6082901191533097,0.8587875670480374,1.5345884183992382,-4.072615617708379,0.8028543227528715,-0.3192583388940875,4.8257247944142705,-1.0083650631453906,2.8130669022643033,-5.61413072570474,-1.0800923973533259,0.9556640285303502,-2.5202272893978943,1.7862788777448642,-0.15476560552937713,4.757959438963212,0.28254845800659556,1.5996518925455874,4.008339935441427,1
-26.024781641067307,19.688417279917317,9.683931113679535,6.716644449846754,4.507639472512267,1.4573608691190998,-2.8481809849070547,-1.036992646230658,0.26257636961844355,-1.5351091957609597,-0.549350397032697,2.399150694972775,-3.7670088012145584,3.7870491479382693,-4.311496879197421,-0.9090522947700705,2.1412761227708472,-1.5658039528681797,-2.6598299835699275,0.6883560706782959,3.4036323501799757,1.0439512033559746,2.0237240649607955,3.837730296416055,1
-28.835415995188356,16.457783586550185,12.755250555669079,4.72334029819951,5.093789546085873,1.5826408023063436,0.2233575578771383,0.39037576639134386,-3.8028087705028497,-2.1503132706723704,-0.6472231285133603,2.004725662715316,-3.917958395013187,4.957320135056264,-6.45138730314045,1.5288212831936576,2.01082133352719,-1.6856015205205495,-2.491639876024765,1.8385377814522883,-0.8700227222005879,0.08042176711290328,4.467706143547574,-1.6960711112038211,1
-31.720437084077645,18.567421768728543,10.26516440496033,7.054381492718292,6.433747163936232,5.012028235802859,-2.6414387715844896,1.5835910873754813,-0.20587947406971807,2.0404557833434964,-1.2590310975506327,2.1354692090071126,-4.77546940619726,2.261664246710268,-3.8196056896912864,1.3105407464212178,2.5043964167117707,-1.5255096474206766,0.7757810272415382,2.3446006299878945,3.0175385338973797,1.3648562183498942,3.1868010508680307,1.3579405280071342,1
-29.601705739845954,16.622172577222116,8.602267179325793,4.853521782508231,4.960896595674029,4.6688474093482455,-2.3995385553998965,1.4315541978374995,-1.6951061337841224,-0.14370688819015953,1.5230927270393693,2.3262272435534896,-5.91194165425739,4.501754291517258,-2.96856088381071,-0.13543197238291782,2.275392807352219,-0.013055879480134536,0.7502606326271604,0.12134303180137351,0.37721045198105685,-0.9974063862211553,4.444764697459018,0.9687732187682627,1
-28.016319379021553,18.48339424018149,7.793703366931766,5.744969711096552,3.6586779539354666,0.7922411905009881,0.7776110875703495,0.6658089226766606,-3.4462709386484107,-2.9652006842841416,-0.6500722689395388,0.5047698234459972,-0.6932987005313862,2.8554198910813398,-6.292390003048524,-1.1876046133603282,0.9526779111285464,-2.5583326697711186,1.742568400991464,-0.1375257078143619,1.0418903184439046,0.9235439924384785,1.2852625506647541,-0.9670066392988019,1
-31.54220211032549,17.423484902934902,9.144299081103895,9.947005775555223,5.1889485053839906,2.9360757007173106,0.9489233439907112,1.524947998322716,0.5093938695300153,1.610003486598849,0.2111016939599608,-0.18772594551961674,-4.636332172652999,4.541528389633072,-4.2589324912502775,0.34592553994010444,3.2334928561251104,-0.9931085961799226,0.23958187250638519,3.562653227379016,1.3336111066313947,3.1271186744757076,2.233995187405604,1.643967371324095,1
-28.840845307087363,18.132896625653224,7.23261471516247,6.582390197961018,6.0867806664372495,2.403896115955206,-0.09849762128598805,2.1732742955821607,-2.785747538708449,-0.37121830880689544,-1.1299405683288342,-1.602720212081465,-3.4849282673972084,5.290306057062729,-3.368895500079077,-1.212717335075368,4.491863123552989,-2.8222307062618484,-1.20978467015012,2.1010719583780286,4.92440846880794,-2.301659829150504,4.414900925649306,0.7287455071503359,1
-27.68306500934625,17.07013657916466,5.555256714420125,6.190897440638452,3.747048657723326,0.6288748779302296,0.5002806279497314,-1.75088655387259,-5.6428829903575775,1.3633525664041102,-1.4484015765301592,1.3174959297013515,-2.3154699834075245,6.650352871856114,-4.164760962024047,-1.6799575365852846,0.7762057763010546,-5.558915348380481,-0.6669339542302595,0.692158264022197,-1.841295600717956,0.25499183023354366,0.709425440378368,0.6411344839248727,1
-29.19650300370344,19.727783451396,8.201273963341976,4.662662615331556,4.958721948959862,-0.19984188690818883,1.8774299945270236,2.299927947859601,-1.7502979885458103,-1.2949734125611485,-1.4464990609979793,-0.3287655703164205,-3.8094946139929675,4.610758713528142,-4.772277096294829,1.246061336258343,2.053854349956424,-3.702416319419399,2.7460073247657317,0.7909822946955529,-0.7112358967357295,0.46037643975478826,0.7635881519576984,1.5097133645455756,1
-28.58713635806305,16.51221779496702,9.00150769208733,8.084155348143412,3.3943770439869354,0.14990389199988385,-0.3021176564704451,1.1401074878810107,-3.180393070824607,1.0184194958717683,-1.1513869965846197,2.2561402146013165,-0.22022242647085477,6.43465077009256,-2.6757503557157634,-1.5932149041638581,2.767474255316017,-3.995224997127252,2.482794620835423,1.5590343190190339,-1.9554028138030617,-1.5132435612797224,3.370873365859701,2.7924257227010116,1
-29.339168524971285,15.941945907252512,8.80572168631636,6.47610136917595,4.608500316774865,-2.5598349990493716,3.0367060060457955,-0.20839945687032468,-0.14696232059475278,1.3120399273489056,-0.70817322219267,3.0739031297508745,-1.5007200507947687,4.836097948859823,-1.5110785536265325,-0.7741201901674089,2.881094326381927,-2.028125625264636,-0.2716398890029219,0.22396775755744613,-0.5027479502124947,-0.7396235495918981,-0.2008916880059175,-2.7838685264064225,1
-29.372837008515518,16.778688323479003,10.518339862530638,6.0896310664388125,5.064336078626184,0.46395390879138176,-0.060217138864354425,1.8750402691177328,-0.0729362041761874,0.11828377550227032,0.8731416103997844,3.2839354038158035,-1.2774162619753042,4.753021212892932,-2.006254925895689,-0.0940290537701216,0.7098254248158753,-1.443817432523872,0.4468669697882439,0.47292717028325626,-2.234193897920022,1.9472091748995126,-0.9261860445462418,1.2628945666012328,1
-28.723698487985644,17.271041620837728,9.515514155738003,5.9899924218363125,5.879087336889427,2.0615997469118383,0.2742626090977378,1.4539524569270554,-2.440599778394869,-1.015471693496302,-3.3249620604368317,2.0399895389614358,0.2680562550814045,7.111075499107514,-2.8899380744480823,1.2425320853668396,3.154215713984456,-3.0821938807970355,1.1843782693724951,-0.28616749607265035,-0.7607298296754834,-0.23831130589618432,1.7060767817433025,0.9777467952405914,1
-29.12740600088867,16.643756370773787,6.502890594068731,5.675467625406505,5.076008665610971,3.317366519704251,0.17720354218718803,0.6466693195322364,-1.5420267582538258,-0.15999599073585102,0.20513088146879,2.1613164929701725,-1.9968728750930609,5.79922069042096,-1.6302151464396957,-0.37244545521465255,0.5186952553314796,-3.6566421064139263,-2.501549437422568,3.090528514879452,2.303582638287992,1.6720507127958353,3.018746953489611,0.12166131398527114,1
-26.43379008490834,20.177647995120928,6.510769017561074,7.383024267964757,6.522523475335902,0.3424053502153015,-0.8958733485252299,3.291148786311453,-2.9116778139135135,-2.174747438870895,0.16928989158350305,2.9273955558679177,-3.134972483363356,5.5913922929721735,-2.635230938250743,0.8295903158057669,2.535483140764356,1.727370052010201,0.8417539260948508,0.6590352580214187,0.21931065237521352,0.961824384131595,3.3935432365728815,-1.192585258103577,1
-28.592294740150862,16.589592981697315,11.91449376391995,4.442073746556034,4.376911861643748,-1.9030462602290754,-1.5175926143724183,3.6377110018489702,0.6780287588823626,1.1734428652940991,-0.4233792752231125,-0.03333138665192337,-2.050357443969432,5.050714273858503,-3.512342478479809,-0.3363365803715155,0.9274288614542172,-0.8444029281403687,-1.5012326559966547,0.05550621771502051,1.1778937695539184,0.44490150232337555,2.980058718444056,0.07347734463434108,1
-27.309352823525444,18.200634383003752,7.650037103852071,6.3532504815839275,4.52894974541951,1.7919998668832022,1.4920454456838463,1.5260364263884867,-1.7548992107955996,-2.1909007830727205,0.14160253574800663,2.7587586780398965,-3.25049130704744,7.537319963826434,-5.431919352949535,0.10728261176053167,3.8501887538445487,-1.53251791947946,1.5290390303404755,0.9536050278332766,-5.05322391396038,-0.7177683795447773,3.5362126070601434,-1.8112603036176438,1
-30.431661711680306,17.575928232068506,9.914541128305927,5.695286591611811,5.45636970651168,4.335085136034479,-0.22487784316207282,2.018930014769637,-0.8390162613116559,-1.2526210520471892,-1.0641002191746338,5.0348786593481805,-3.4166493428090803,6.922252092594583,-5.295264758907933,-1.3517220519053765,6.126117061287218,-2.0228674603625905,-0.7319565951921279,0.8504382077041583,-0.7874459394216728,-1.2880397939013148,1.5044931628197524,3.0473433059076456,1
-27.896317868332403,19.590271925745633,4.251960125539654,5.285060888229964,7.520670630269137,-1.1687266889885564,-0.617456768644363,2.2619179038480297,-0.13316442594867794,-0.025334684760267123,0.38376948816599565,1.792512748891454,-4.750898778855259,6.292795511237209,-2.5121473316860943,0.6520342994792614,4.342405328396936,-0.10373382264515385,-0.9164362133725212,0.6693518288730189,-0.956739594195767,0.2401954902534662,1.3739055927674109,0.33913573445511247,1
-29.914601391270594,17.475612138226673,8.126151285439676,6.608724867324462,7.016775993519445,2.1323365655275097,-0.44044328123845666,-0.29119998458966734,-1.135984388255963,-0.5691368891512596,-1.0330147241104441,-3.1679376850381686,-2.6719411184736543,6.110215845858988,-4.599920553767902,0.13578950610949647,2.4467056210894924,-1.3763619025730236,-0.8921375672299399,0.9077226086095607,-0.4190889395454178,1.071236280863114,3.879651529717833,-1.1759373530732091,1
-19.152464169325754,8.279533158720952,-4.648883855344479,21.50681849770531,12.379187756568285,-1.6446166423256159,-0.688770178108749,1.0826572514180839,-0.5585080715535469,0.8627780747910734,-0.6448400290652216,0.5031227972114038,-4.045981712928494,5.474446872486894,-1.2661155403788484,1.7708421680570439,4.88358476871835,0.5570846019077749,-3.134910557435117,0.40018173991086314,-2.375484995293391,0.7429901392896907,1.3425556322331325,2.2014177069346488,2
-19.439567993164502,9.11736172239388,-1.1450297752133451,19.062972452776513,12.246288730258556,-1.3623160367242804,-1.8745168811056114,-0.39317960685667686,-4.632422722863339,0.9863079974835571,2.622040624281624,-2.362764819666779,-4.9842620929703685,3.487523499363782,-0.9321272160451599,2.0728774454107466,4.942089686329183,0.1532335044901174,-2.2222860286872343,-0.6661081221220826,1.566375787105585,2.580863428993487,0.857261291918217,1.1127453900511455,2
-17.401338954459902,9.064013351155687,-3.06459930337013,17.386773060172974,10.761903718835867,-3.7415790524023578,-0.9620280228049705,-0.9246287306017109,0.0625925828758227,-3.455321710923087,0.22570150466816585,-0.5220456984846464,-5.312500242760052,3.34797613925857,-0.14152732055066508,1.6023795200536952,3.119691420335201,0.5478774900140024,0.0786190216703222,1.298690472909385,-0.5676060470644302,0.18425698823897374,1.089252613602767,-0.22515683439030454,2
-18.29074709019764,7.5827459968722835,1.1045834938848316,17.329895147194193,12.566517962839526,-5.147808615291183,0.6285150357500902,1.015054670929004,-0.8642388584597143,-1.1838741434364053,0.19163110047730925,0.6868727530230672,-2.0238965973317704,4.2463471944818565,-1.1362521983699025,0.273692002378354,6.115211716043632,-3.5098357242906104,-4.1931911284761885,0.5672868286410591,0.02940535684359702,-1.0537520725656937,-1.096131865764601,-0.2875632931803125,2
-18.71970618670059,6.424691887152191,-4.664872028333093,19.59224841425975,15.949866633212139,-0.6025853205194949,0.6794199859934054,1.1311194554666315,-0.10494350795772789,-0.4652311034050811,1.5522184768604461,-1.5601132702023506,-3.643765349651659,4.273767825303665,-4.690036958029452,3.9765880584025695,1.941953703591338,0.17360632158573708,-3.185408209748945,2.3090515428087315,-1.3893059783515582,-3.180358578135535,2.2508362335619907,-1.4763231306113198,2
-18.84092645346567,8.571388365793077,-4.793858839215716,19.89360585097927,11.936244704854658,-6.189178437521491,-0.3806253524927161,1.2735189076415736,3.596882299363415,-0.3623352717748318,1.4941227019293706,-0.8752886813749683,-2.58548420459897,4.445758370930349,-0.11524577559339377,3.9087159635103035,2.1919974776739934,0.894342228816754,-2.8278517098103237,-0.22045194033783844,-0.3650289549671015,-0.7191366112194411,2.5551797894094364,0.48640043481390194,2
-17.08586025931973,6.514013150064166,-2.730843879250415,18.75129821563311,14.544480598276778,2.422734299328056,0.6224063474128609,1.435054717879126,-0.968478509548504,0.16490413503525758,2.271812350035475,5.413208152529933,-1.1900116323068346,4.983993858372024,-0.8885481144827168,0.02649716849339967,3.5195994878572208,-0.08197588199880101,-1.0450913678661151,1.230952600125434,3.0534241545670397,0.22878183208818292,2.5067186607257845,0.029773287260184134,2
-20.171651675401677,6.604691794891753,-5.93421895768472,17.09708951364927,11.22085843240697,-1.066215216588546,-0.21365695064425339,0.43215803355184335,-0.4211876695721344,-0.8404351569127471,-0.02189560198928575,-0.2060210424909883,-2.4077890191404663,5.61765877577848,0.1160257662264712,3.187086636918636,3.2494649150038697,-1.8486878048989865,-0.12296467673507916,-0.5421703409737262,2.606644076662974,1.7248452622032993,-0.17590573154635436,-2.063911755867707,2
-17.189164788293994,8.45573265316482,-1.457108798341494,17.89500865152631,15.190769329364173,-0.6917257853368142,-0.827774797737348,2.5616148703730914,-2.5888937198408257,-1.1188516964458586,0.22896152769027367,-1.0969248985872468,-2.239327265260755,5.396664107793157,-0.7534287893713554,1.6553217667108555,4.299056165876607,0.6751216505238062,-1.8936434291800763,1.224435557507988,-0.3247261156446939,-0.6919873724819818,1.5711534458350798,-0.1986481337045234,2
-18.100699355734292,7.871886280448244,-5.043749390200276,18.005641816359343,13.408556216692745,-4.87055514761056,-0.34356651435611774,1.7130640963037251,-0.3403786140539182,-0.001927541741345351,0.6304981222710353,1.5841288499103712,-3.7712311975818693,2.9593336495102562,-0.9417714059401874,3.083646988260192,3.3571118951169012,-2.984888142718944,-1.8216978461149056,-0.9525319010875535,-1.7791385155580883,-1.4023492495792484,0.10603988108919538,2.0157017562664805,2
-17.56137919623643,7.36935233974031,-3.2273284475744504,19.2040128853915,13.442624922393946,-2.1089072094388825,0.9040805152098983,-0.3751223420712222,-1.0996599347553229,-0.9028780227591326,0.516064702512665,1.2963539155300623,-2.23186524790799,6.224989463978872,-1.3675120302773394,-0.6097467293718708,4.2000994044516915,-0.39164699916864265,-2.078666070648989,0.8541192462629255,0.09948202915165894,1.7471077215763433,3.3130538389456845,-1.2669518866209728,2
-17.350425498444963,6.2752344307446855,-1.7411584616262985,17.900574016933575,11.318324009683579,-0.5064461669915659,1.9368407616248469,-0.14788197899764555,-2.16905873018095,1.106715064001385,0.13448322085525888,1.70852730839988,-3.3246247798871025,6.0031801147462005,-5.142057884526594,-0.7958551795925928,2.2263414974990923,2.977081956130405,-0.7359963859022951,-1.44922894632316,-1.863018633673562,-1.5390461755408422,2.373415352454611,-2.083190248514711,2
-20.33644597587798,8.591886434417027,-2.4218186852635313,19.991886247591793,11.862943539718401,-2.1404374188032875,2.3541259657743296,0.5263667500349811,0.1077055724828142,-2.756498336170523,0.5867912611461747,3.2645471699577797,-3.079193675598191,4.026572304427987,-0.485366801956161,-0.30513115626555987,5.474351019535831,1.96659426589963,-3.40328158875721,1.8134411719138228,0.2619802340000206,0.49783165208193925,2.570384169841841,2.1747024257199428,2
-18.79626226558122,9.437316301950034,-5.627180913726193,19.333786452556684,12.935881711381285,-3.250786026207493,-0.7717113486242688,-0.16240783525736902,0.5465939703900631,-1.8562259357158268,-1.2242046779446412,2.479643401133501,-3.270459945195711,4.031595332081054,-0.10057458109400841,0.12328543850298956,5.75779124264281,-1.6620959859298523,0.30015749613840814,-1.9430748074215103,-0.9749552598489117,0.32434745351492467,2.6952708871419127,0.06372441052803879,2
-19.88454325321294,8.45518926852651,-1.340157595534663,18.6807095479491,11.773213188067501,-2.9284153434091422,0.0013657255949350855,1.722973319627215,-1.4636512915143385,0.4951763366423876,0.05059110284142321,0.20593000013309393,-2.954444030209686,5.630826119953795,3.714705915494733,1.6592583064428013,3.610280448257811,-0.7087667805246838,-1.5386661441811609,3.1506802604297235,-3.7506193002548116,-1.045878833275034,4.462148830500194,0.5880138895032019,2
-20.70785230320763,8.027451838316484,0.7988565458415451,18.343786339669254,11.885338802285588,-3.569002976637023,-0.29415473333852304,4.539989520732803,-2.7770153670498985,0.285312099128916,-0.3909905887106788,0.81673910536324,-2.8785608984488533,5.185170024474928,-3.5996082923849713,0.9148233663290526,4.441998768802321,2.02747708281845,-0.726086742163778,0.3352949476977187,1.8289611534712549,0.7691891130964272,3.1771710220268474,0.31316490318391743,2
-17.000199999779454,9.85107221593907,-2.719018718183861,19.51337974334308,12.26705801350144,-2.3206828795552497,1.935211904663845,2.9543304763721494,-0.6434794761686362,0.5435016741861318,-0.5947471921069791,4.578142571497324,-3.1884711712456237,4.469378023587836,-0.6423918103519668,3.1550495492235413,2.8722237164943465,-0.9148519579850927,-0.8564036271345503,1.4789606929452646,-1.0099944383434263,2.1920851943865305,2.8836867096500214,-2.0321569592224478,2
-18.749298985546403,8.037768582641867,-5.244354301072406,19.065958489051287,13.776156739661843,-4.477656546613673,1.0145782900072238,1.8945583473995953,-1.2547219586258507,1.8508779626907597,1.9915004410545976,1.1415264213187584,-0.8256621427927371,5.890917768659747,-2.576202221347785,0.6145527195994376,1.2545313853269704,1.6792598617353178,0.1611529473071842,2.1276933434949825,1.6336110933750092,-0.29805066371017475,3.152057832536716,0.002396340763425542,2
-18.9055419982638,9.551479228602346,-1.0252375377805265,19.58396756437143,12.711085405858654,-3.7326014989786245,3.110370278358465,2.7108014319230733,1.9988117835970343,2.2468508506534164,0.17059124645351176,3.1167176463965234,-2.7387417834530936,3.9056224703552402,-1.8210733902179754,-0.11399989933350696,4.22263270037223,3.11461509739172,-2.6756797176874656,3.421630308539804,-3.4247362513471558,-0.8798606880234345,1.7844111051257947,-2.246783578725399,2
-18.24255548454775,5.7892618294884635,-4.220949583303366,19.824103685888286,14.372897268994052,-1.2451429807907175,0.28385432570227564,0.29871870802068656,-1.3532706751752812,0.6013305549449797,1.415795512617649,1.7369947957178056,-2.816928854273783,2.4190618179805483,-0.2376673854632827,1.8212040671783711,2.313627301384585,-1.7853924974806432,-0.03744430371322327,1.025701760822983,0.4069638622169123,-0.2460596384899576,1.005632851164851,1.6383589728866355,2
-18.345042915724406,7.139805035474668,-2.215739003729027,17.741343031248938,11.097602436048106,-2.8340301359006617,0.8248044930971492,-1.2963029221758404,-2.5299760416292543,-0.6957282168012213,-0.4002202090443916,0.1787742715555396,-3.5579689899982725,6.39277223971969,-0.27402213394327646,0.4872219602834278,2.955165384560317,1.598005940019391,0.7921031438193324,1.4714968528231367,0.8256953031105922,-1.7702226207121488,2.2190716550663616,-1.6613791006781184,2
-19.797396953324267,9.55283689618873,-4.450687955139472,14.4114792577131,12.058149573416415,1.0208886348679016,-0.02700531622944169,-0.31010288815082276,-0.33599275476734647,1.3411491072297395,1.1647997696126708,2.627246652733106,-0.7739432850836465,3.7134064343483644,-0.512956211555661,2.5888512364727703,4.9814560916954065,1.1836514931248985,-3.495317774356231,-0.1168760879998274,0.3261495593322934,3.0354788579698324,0.31563263988930856,-0.214860203530975,2
-20.928436616785802,7.2598049184445905,-4.5098130700292245,17.945913098986914,12.15859959031846,-1.5784719873482231,-1.5769601709702652,1.2961897259876878,-0.10122580411689341,0.8862618275638923,0.40393892258828146,-1.095384658467765,-1.3691941285287612,3.7906459309160283,1.0314644847201748,2.085095378754829,2.926929292290623,1.7900755399822401,-0.3116524106970644,-1.2188661793150715,-1.4664022183649763,0.8255240304583467,1.1060855918643107,-2.2367081105497846,2
-18.936490481830162,5.697497072168112,-3.0900110559243217,19.607994488608295,13.06294233834771,-3.8631299861021375,0.13548320623543297,2.527814760786015,-2.8337419936229935,0.2531397087822995,1.7296409787826406,1.037938327427355,-3.2870229119351393,4.649514449590029,-4.24020042730092,-0.08318564132768103,3.2536742418385813,1.2668682060420338,-2.9292543561674416,4.013485684770444,-4.306896420853661,0.5300036205301577,0.41011230517085195,1.4664389007712089,2
-18.83074504372476,10.856547470774661,-7.835403260657756,17.873424426393854,10.510498736489097,0.14070926331453393,0.16195399664105103,-0.5072061209704088,-6.218241466677,-1.0038736414843825,-1.1058362029066018,3.7868754043239505,-4.665526882258263,6.469061586682187,-0.34344550913766625,0.02962061154455853,2.5579719039435247,2.3286094644820423,-2.4187114474115377,1.3521742132542443,1.9299205101330017,1.6372885911319237,0.4470354521738855,-1.5880188198169662,2
-19.810159155936674,7.810393297091927,-3.264332322892585,20.907904299498746,12.533393120260513,-2.562018262491449,1.1914562909311774,1.957407849617823,-1.7932524861463435,-0.3763177805075557,3.4938011212237825,2.8258923074719178,-4.168559694316372,4.9820935764227485,-0.3938217729244684,1.3136471380862957,4.149057284394161,-2.0219161835401565,-3.566041740484378,1.4176032310245859,0.9998105142866507,-0.15592386613225884,-0.10097380749452256,1.222686995148706,2
-20.27956638857509,8.10917114926901,-4.522955154349404,20.730076248652317,14.356878219397089,-1.1623691179777893,1.9494652790181757,1.50998710970606,3.0283481318277268,-0.05867032813154793,0.7952972006125378,0.8971095639058149,-2.3110033762663136,1.9914599424337212,-4.423065235258321,0.7690315988116936,2.5061173051516334,-1.6441298043775987,-2.5974895926816477,2.185658652327348,-0.770618504864558,-1.3937973669605555,1.1349990518147557,-0.1263776479862031,2
-19.692600031926503,7.076954159706482,-2.471978426143096,19.94206699347178,13.03511476735909,-4.70322784672328,-0.014109390137974742,1.3643344008498275,-2.0280244356036974,-0.3592132441317091,1.5330800750867297,1.276210463580469,-4.335525051203547,5.139152078205747,-3.2126270359776754,1.3530136780889137,4.0378805182963475,-1.3745414961726965,-4.192512318821529,1.2537583724493828,-1.9444841071074848,1.4152072170347285,-1.1880325954661295,-1.7402213880438353,2
-20.66957029372037,7.898628350849123,-6.162420154968061,17.690166458647756,13.797194674254257,-3.0876328948001515,1.5821349018839115,1.4353312126605147,-1.7452899556564034,-0.4557293001061993,-0.8221243457365972,0.16893057126753774,-2.6787439210644663,3.4575226625469284,-2.004384058610981,1.78780994839898,2.9209575615103347,-0.5226108519949548,-2.5588018318301464,1.7940283397831536,1.6283560768927146,-0.666466970396792,2.5912887488318255,0.08277141146481881,2
-6.050911065149393,2.389748799751276,-2.7180243179522563,23.361057524253955,27.075622100415615,6.164105285921323,3.6183938294492775,1.6386378201442824,-0.7734953176916406,2.3996116474549467,1.557497321357232,-0.9061439584579034,-4.795817253561864,2.8641264855571222,-2.288108706650746,2.455854321371838,4.202159865849865,0.9753826026059755,0.33968146341095595,1.3342438819852163,-0.020864642802962408,-0.5812643304820453,-0.2494908318152369,0.5730659295687701,3
-6.196563428784174,4.547305186845639,-3.6562411634344585,22.4383875784551,28.11992038115747,5.532272579694279,3.773552149990574,1.6308989627886774,-0.7275068740494817,-0.5498907813852512,-2.1862534519389385,0.2552379934740543,-4.450614078297633,5.070823343682719,-2.0264002028240498,2.6320538244462455,5.81971458483406,-0.7269374513921321,-2.762400101399543,-0.6691046765356248,1.500120762890333,0.9252516876906975,-1.180984672097562,0.6321931986404365,3
-7.640771510059807,3.892327880324318,-2.764898737980161,22.96291275393808,26.33933490487331,6.327698754220592,1.1373529546379437,2.306375175096008,-0.8573709065013304,-0.43138373444839573,2.1569557931473753,-2.1393623836735287,-2.7247288199725404,3.477022081746327,-4.0375170799008515,2.3051765618647195,7.950259863529993,-2.197553911993907,1.5760615905507236,0.6256466728660541,1.443403968224743,0.06271765829320142,0.358110580789603,-0.7291405051385595,3
-8.749822788981106,3.243458869882332,-3.921022884040326,21.880740728663167,26.531954815480276,7.887672036840456,1.700294171359201,2.4130737696855817,-1.4154013379122148,0.5917391721286052,-1.6021415383182784,3.0030853856986823,-2.900251761458321,1.4789681987504366,-2.4315509900394545,0.9551759646315645,6.008811310090792,-1.368186970843908,-0.8403638315664725,-0.07901476291280574,-0.537713963848887,0.7102289086941811,-0.9798082125564136,1.4370367387458032,3
-4.303444258884355,1.3367620857635991,-4.133456214869625,23.761238817309977,26.106119089532,7.900147512307058,1.1920588797012526,1.0484124347113948,-3.502725330196938,-1.676859265288556,0.5867700446630408,-3.049539650756799,-3.4418803755128806,4.273447579224282,-2.1908688489813812,0.2676192171259899,6.637588426546998,-0.8270246957625886,1.6937538778911478,2.459717684646691,1.8106661741512653,0.6958398325259996,1.2646261855596315,-0.32595579563275123,3
-5.301451129620233,1.677486082983254,-4.640228797325108,23.713727008836912,25.106343207311625,7.862704266717003,1.1507917592946137,1.976916377416785,-3.3658542961011904,-1.447039214052161,1.19939726567992,-1.5627166162544768,-3.835277890581125,4.990325129030083,-2.4041845935108768,1.2899269004579352,4.682431176785599,-2.339247386258535,0.5119439183069083,1.2766869701542305,0.6571732509152639,0.08145064707364202,1.173947446659188,1.613987433386626,3
-6.366110476118706,2.778934202047525,-2.9135994072127005,24.637754500963112,24.798337728508756,6.614159637589864,0.36386879919663606,1.9417579318082119,1.9518054392548265,-0.8232837995985918,0.2916605625062516,-0.5975722197789537,-4.527176219267318,1.5437191152444,-5.958403393222795,4.241736002512049,8.757950217268771,-1.37760477830642,-1.3395041120785987,1.1675466655197653,0.6644089824976618,-0.5522145788745041,1.3231332901484798,-1.8775996298115274,3
-5.011361264328372,1.2855854987062685,-3.6034634286175447,24.052686176282865,22.937116083619628,2.6635315554525505,1.7829638169879791,2.469815627430023,2.4548500440783982,0.1265348003267377,1.9310708938526204,1.0981810589965448,-4.570613945732589,2.1962532134596344,-0.895243495474574,0.03141940404270116,5.749670370248808,1.014146858871925,0.7273738324663825,-0.11268000137522449,3.569932940315425,-1.188187432142402,0.4682008123614061,-0.32310382439050045,3
-5.798690296846587,1.6727349888728469,-2.766426826303814,24.53119339514003,27.06896798416051,5.792668496249007,2.8355430337077374,1.751851213411726,-2.5726165219124937,1.3371233987938567,-0.2780707502411701,-0.6801293387428018,-3.020929326260557,2.3377010005071526,-6.204782019981508,1.4051760233192212,4.90790614629563,-1.5473293523307916,0.5126226126360192,-0.4193321291546681,-0.9387115710499074,0.558599996335917,-0.2374100118092919,2.790051903082258,3
-3.8850722349696127,4.6986626287434845,0.952047466019792,20.071510206438347,25.96032561316838,6.783668627709346,-1.143461543458641,1.4686878441164595,-4.543652468029279,0.4315582387933645,1.9959582660378032,-5.191844498439536,-1.7383941219557073,2.9174741706676457,-2.6315125461763387,2.1616914364913313,4.383515938599345,-2.2144168209570125,-2.1970154654634584,-0.26376375514227846,-0.4367467361375361,-2.253934091587417,-1.5704415099544953,3.2633176484955015,3
-6.415663483356724,2.4341376998349293,-0.24327878760362864,24.79956448868289,27.585348024946313,6.85462271491059,1.655633634515472,2.808772323953292,-3.261386274104268,-1.2909316420748667,2.1488052660908465,0.7175489225782599,-4.4191225613558345,3.342497141704392,-2.753271247966836,0.28988146931220626,3.702067815996557,0.8402564559183361,1.205473339748608,-1.2199648303552806,4.635392234008862,0.04262712914588551,2.441277554197068,0.9011305848554798,3
-4.4937594018999505,3.743278070924543,-1.9999087521646288,22.777754398087104,24.299877609597957,5.511467186285415,3.620972965149866,-0.6945723611826224,-0.8446721970220779,-0.38400783535359295,-0.2887915478187608,0.8592475613561419,-3.990703391235087,2.6011855583364394,-4.98121112640473,0.6280265432503711,8.090485746081768,-0.7004397977934786,0.1577809979764635,-0.10602947542341212,2.9335085399512764,-1.0415810093502094,1.1339021891598726,0.5240037720284363,3
-7.987739167502895,4.167214921701046,-3.636753687517114,23.710469165888384,25.663041442870906,2.92502569055398,1.967443553406727,5.6787274644943295,-0.6589597261863673,1.48332292120066,1.114690342138971,-1.7915802797337506,-1.0657705437157858,2.8768866444584233,-4.733507677725072,5.341826681836103,7.1626571532376175,-2.3206303379518545,-1.270001856501831,0.16017069807108442,3.3220279099138565,0.6647539210654072,0.0596036205033279,4.456446249845953,3
-8.936068226534076,4.080201064735554,-1.422621148984831,24.26241477196472,24.753131791472782,7.4441783016435465,0.9542307352566537,1.3723030862244059,-0.5996054118569987,-1.4026504956413106,-0.611596077345439,-2.230686139550585,-3.354866309256863,2.420506150742,-5.198459219677488,2.4068500333068883,3.5409383314315477,2.246053249169904,-1.3862010408019654,2.06971765979074,1.86893047239613,-0.8898163062026567,-0.20265873766588172,-1.070119812839664,3
-5.60117981316094,2.0020562714624432,-3.86671065358928,24.23458719148255,25.74530446075832,7.659901620718756,3.6139141201951457,2.589951512124969,-0.43534804124050197,0.22101476077263982,1.2910283929467141,-3.0144965229287095,-1.886497268055649,0.9693748806915323,-0.7708512233539295,2.3953118652066863,5.784691859595,0.6107433618059872,-0.19868965928155324,-0.5769337333574356,-1.7536246967569014,-1.1584588421566977,0.7162099270367968,-2.1108319191215514,3
-6.442943671179336,2.734680726737489,0.358766801515344,22.54915661814425,25.305077155894082,6.53859377817065,-0.08640280724867733,3.9125325176529486,-0.5389477898087875,0.2990688522822893,1.6517044083950054,1.0027005604194414,-4.327763965727826,3.814081451416108,-2.7637892900695533,2.048750702594667,4.135507514366893,-0.5075015377538534,-1.3894588537054415,0.797365881320161,-1.3438692074592495,-1.4118978533421167,0.8723187728813286,1.6350116972087676,3
-6.655388863818445,1.5449973351319155,-5.374341926125339,22.775718448414594,25.605348306647045,6.51647634984414,3.3207014350848016,4.231398677773825,-1.2936336879811279,1.2655854039948196,0.01785812198380654,-2.7887095836788376,-3.1840931595334894,4.773673354066972,-0.5008097360183115,3.1863073051072206,4.119490273730406,-1.8881036813307333,-0.8030335065714405,-0.7305975688397837,2.6520837750332475,-0.6286397880709496,-0.22030579476330558,-2.716166640337235,3
-4.496611787407943,0.5089793687535789,-0.34468212669622744,21.51232438348975,25.862315428306403,4.524412991485519,2.469434453295368,2.0161525238171976,-1.3168350564942557,-1.8381254161299054,-1.2800163908397053,-3.2996462551473655,-1.5727844912156286,2.1574294444641637,-6.881945674844019,1.2065789481459959,3.565778763162754,-1.0197488908718242,-0.6328072753135991,0.1563691744568274,0.6541094241600831,-2.0845222769970313,1.8328610598879713,-1.223438357805719,3
-4.916067047257542,2.2856309043919083,-2.135258491895229,23.89915710490653,25.086387417754224,3.6543102204341267,1.2234163141336856,2.5808568595779207,0.43519495623195326,-1.0592111846094596,-0.95395247349839,-0.2712454646177207,-4.140567056371367,3.3669315619145905,-1.9160158304753168,1.9918730485319855,5.6181308122869495,0.22791713580022588,-2.031947646689101,3.25261367576924,1.5524660042470941,-0.8364679021414556,-1.9068217185179783,3.014959411345501,3
-5.367694794115749,3.9730972068925112,-3.9328428253581933,23.792324595455746,24.565525698009992,2.2281535627965923,0.9183935869851192,2.7756507955004395,-0.10092852147948861,-0.9990756893243571,0.8528388890051701,-2.8117021898634675,-4.395501790180759,5.6561625576106564,-2.1058964777462847,1.510650845764907,5.738809585364322,-1.5429466690816867,-1.6419476591332542,0.6418004347858641,0.5551228010779141,0.03556815950688019,1.2534948195375968,-0.7858604482239002,3
-4.495660246560249,4.483232866157813,-0.0744194766767805,24.28644216915501,26.26182051880417,10.775459785841804,1.5257238984356052,3.6675066895632824,0.09267336470026066,-0.37844278582397806,-0.2951729943464443,-0.18080138828679537,-4.7708408114751535,3.3481985744287357,-2.608291734789873,2.4849042283829945,4.08378849785592,0.50562234649027,-0.0528977432650124,-1.3433587979276638,2.149910536822688,-0.6044769161038763,1.4284722489577568,-2.191650806547216,3
-4.441496613239565,2.142418191124438,-3.5519986953383977,21.3799709667707,27.91602901710735,6.921419368968827,1.7955882067572437,1.666058665003419,0.21531707625632635,0.3178027407961892,0.8237860717769934,-1.3325494241146885,-3.8189849146504855,5.129465369453364,-0.8444320316913831,2.052958393079585,7.115009796142758,-1.905622428237507,0.6919439834458863,2.9226138815212295,-2.2253591778089117,-0.7832552630588454,1.862183351818846,1.9534532901545276,3
-7.915522909173376,4.596717334553169,-3.1632717229914533,22.686125373219003,26.908516915023426,6.595754223854328,1.2140497429316879,1.7932523265162104,-2.837831757834124,1.4408335215711716,-0.7569821233278162,-1.186254893306625,-4.0903448165965415,2.4676101119788783,-2.710567075703011,1.697981086558265,6.009626819869666,0.35166400947463217,-0.2966986187151641,1.127637599617259,0.7706232727884981,0.08579456659033102,2.959829749198043,1.078308379989437,3
-5.659686208319613,3.537757620125369,-2.854906702930009,22.434043627329068,27.101412892337095,7.094438488162552,2.4167648128233337,0.6713062247018513,0.02784734527500632,1.541965040181097,-0.7615983419983081,-1.0668938236834151,-5.011791824824456,4.811140071264859,-5.888544099971227,0.27481389842305504,6.356049255233174,0.6127162610919186,-0.37570321524628625,0.33419802966929524,0.3328313258940625,-1.9594996209209352,1.6774316910273832,4.379796063592039,3
-6.936521295193927,4.596581121919423,-0.8118154959694266,24.77730188782299,29.128516948164645,7.357893122194639,3.0069910866620893,3.1193621721221234,-1.388679097032707,0.9752227826701798,0.5464537278944022,-2.8456493637976337,-4.737991317542196,3.9866146437701957,-2.7112279676890125,2.0729130986415782,5.218764086555183,-0.6340802769719289,-1.1609973882906077,0.5751476897504233,2.6347848651598724,1.5438489548609988,1.5767073197171193,2.2858908796359287,3
-6.709414063328836,1.312191874629253,-1.7640444391166739,24.408342820836488,26.62942245027685,8.062868923550354,-0.10187787432693529,2.6112637735078863,0.47899834128037355,-0.3821074429334388,-1.745356389801259,0.024620908711938227,-4.139756379693097,2.1289228401012323,-2.652086724052083,0.966035434222249,3.7664127969182317,-0.7063463714731029,0.8639348877253119,-0.32322155306013656,-1.7715867632691698,0.8546633410087132,1.1264362103907182,0.9633314297366837,3
-5.234934173998539,3.578617334478075,-3.7552378669836344,21.63788992616824,24.45720686858141,8.349544866087797,0.04866527577653468,0.16551466500777678,0.5838978624996116,1.6816479445928607,-2.067617526922106,0.2403422116937577,-2.7563588950043822,3.4558461483227063,-1.4298330299062059,3.5942253876422185,7.966683236514996,-3.0168470144135995,-0.5623548434579004,-1.7605073293279077,-0.33907521353961556,-1.7887304957247454,1.6086086076417665,-2.6099484835658586,3
-7.985570513833466,2.1117395151298233,-0.6744972757877576,22.731736327538194,25.112317126796086,8.946986167390548,1.7616516398606752,4.3728457329518164,-1.059734403169557,-0.8281718836304677,1.3491254382928446,-0.4644127031552898,-2.8561363100080825,1.8012302886825609,-3.634332646572261,0.39617031363223276,4.646186975125431,0.16484304630114366,0.13565431264407346,2.3986335898008235,-1.249698893412699,-0.0648841529561297,0.6638118616164981,3.668246748290528,3
-1.5306928934643622,1.996464235884094,-1.3278709473755725,-25.504208766816603,26.435900817594757,5.883772590188983,4.419724983336206,4.653774026585637,-0.929318859807438,0.6113406668961758,-0.34626365530465364,2.7682587387988065,-3.50833700023,2.084496498004455,-1.4675631539871006,1.442576736553729,5.012055102456415,-0.3320025060309604,-1.6210941885693266,0.9550869727503368,1.402041111182882,-0.834399056059195,-0.062475859490952246,-0.2891930837495238,4
-1.4602385350570728,0.840853584324126,-3.6666289896550097,-24.7122633447433,26.11010907286203,8.55321590537568,5.553345271373818,4.733864565749769,-1.168020285765408,0.007947346959277013,0.9517473304711075,-0.40073664462346414,-1.16046535964918,-0.2652777133440125,-1.8908958447481723,1.1351103400665892,6.531059910424901,-1.3959221948124991,0.17741251452696005,3.115767386320158,-2.1232735374756544,-3.114942214906491,1.5244018425575163,0.7633381905541228,4
-2.8562555492282797,1.4503553289353626,-1.251220236385052,-27.665973325116788,27.132688448944663,3.2162985839848943,4.151218121955882,2.834633194452749,-1.4396003837752573,0.7779014794536394,-0.7249938837805132,1.2045625325894775,-3.914763242695898,2.9863953334757696,-2.9414688019208484,-1.1148894994054395,8.041104709124895,-2.8078447359518464,0.23320450574784246,1.806220866483983,0.9894397265409793,-2.710281543226805,-0.34184238464904126,2.4220741441828295,4
-1.545622368860279,3.3153771545272797,-1.8090249205708915,-28.581991635076797,25.047077307515423,4.296861924668235,4.857508241869255,4.380512962375548,-0.9969912440781741,-0.27508577027462167,0.6233751242794483,0.14764561994098813,-1.9744027237699981,2.8739976847377875,-0.6049048216111714,0.41877574768752623,5.2836845947543765,-1.6882968048503244,-0.01222568025196935,2.205587046765828,-1.4539983865723798,-0.968652559353747,0.45173193904829034,1.3614478682442268,4
-0.5882032694408963,1.3737939181091114,1.2009689096309444,-24.072217155146,27.306580301828376,5.32444282801066,4.264974306943774,3.8069855252776676,1.226785346260499,1.2834222508772442,0.7555926005503295,2.567867064325526,-0.3998774171028572,2.5696533176198812,-1.7676024263816998,0.8530289915265676,8.887485241506099,-1.2034134455195158,-0.9367958311883235,2.9683457005015157,-2.240007692638585,0.5663701436347184,0.28978696541768656,0.03667781336230291,4
-1.492814599775329,2.0814411139855657,-1.3618195574310334,-26.816878053069836,26.234045832154834,3.5202730773654594,5.697372192503693,5.726306673489802,-0.9442029869108524,-0.673229735361403,0.21966490484010137,1.4737152265321924,-2.429830613356586,2.151689659636588,-3.48152037524693,-2.1893244253651076,8.110608037612238,-1.4458562989379402,1.991937877983041,0.8963102967967416,-0.28998051680423487,-1.80023630156452,1.8125917158860965,-0.2629164823638348,4
-0.5142200985733894,1.204110435796597,0.15521875165762822,-25.501087263910108,26.298525553017043,6.81716959156762,3.262077834927698,6.308253137096301,1.1777207583610902,1.8516584301427557,0.45586607119156497,1.925090450787991,-1.573267676996636,2.6293814377591644,-0.0208202495310843,0.46832344714544405,7.245088019461875,-1.8904365151515208,-0.04860573519189515,2.087350798456015,-1.160971197481615,0.15261451162149875,1.613587303541415,1.9225316040597704,4
-3.9686998166738476,1.72754972749604,-2.6635807392926267,-25.584163376752237,28.546761195117938,6.592697338536311,5.029227635879913,5.055311242565011,-1.9286335261412546,0.19514070053455868,0.6826941984010091,0.7227553175159187,-2.6695579132496334,0.4354454531433305,1.448700837148749,-1.7846632847506,9.260381372098152,-2.815073756428717,-1.287836439175809,2.744093602107313,0.5978524700187791,-0.7844444508757444,2.7299677223447816,3.1574989488703977,4
-0.21286097544700056,3.2272780589108727,-0.25957227611917233,-25.235430713256733,26.59255177162123,4.932194817591039,4.6757433172891005,3.650739143198649,0.29732964176560017,-1.1873022191663765,1.0200284782855533,3.6352976830949615,-2.008064316693691,2.579157209508665,-2.8532069395587314,0.5793639215322273,7.701873789377558,-1.1957499983422508,1.5286344259271196,1.6726455444061514,-1.074895443186449,-3.0687882738706795,3.6291537557058824,2.5289529719985353,4
-3.5364804623982025,0.5316214214342772,1.535834427916086,-27.140091559569946,28.9150374407875,7.141733756363692,3.476286026156366,6.266441679941295,-0.48912036022284155,-0.25811694391163087,0.8454554067755566,-0.21677637989114373,-5.821597122675911,1.0263510802257088,-0.1730315725744731,0.9323053396578445,7.207621126201033,-3.034955751444272,0.12827256305405044,1.5476209163063572,-0.14632494178130173,0.8017547934821474,2.1215514800473585,-0.5471846846492099,4
-1.0562549554473435,0.5848343234515809,-0.6710767402470879,-22.3846161467955,27.948390267626593,1.2417504927005893,4.057824809959076,2.515767766201378,-2.1715087625489105,-2.5344519567704538,1.0695757548471931,2.1298539823649776,-2.183316204088527,1.6684316927535576,-2.889117926549659,0.4652007653076353,5.29956599764607,-1.4272353565330036,-2.109646245826937,1.5920099005377466,-1.9077741980913743,-2.064263452018546,-0.026095789016064685,-0.6319366388788694,4
-0.6788804945452114,2.277459117216285,-1.9408734517502353,-26.090770061303232,25.741829098800565,5.826385320189274,2.816150145949319,4.372371245370999,-0.5440875172328674,0.4120637781480738,-0.45241888510616945,1.2534082500756654,-2.3593756197417974,2.2974834156296424,-3.007162984303818,0.27393343415407045,7.381648865160571,-3.8314697326377427,-1.11747406502975,3.51364003494767,0.3733711031406415,-1.4627701801973174,2.664673366840127,-0.9742412103844345,4
-1.188337574402368,0.15601100945801605,-1.9165579845026173,-25.22429915132151,25.397847192824543,6.546483948582988,2.3915348754296275,5.565585779250199,-2.8335565776560543,-1.6230489221632425,1.7890321470231925,0.2709447275572643,-2.7697385193149557,1.9687020909236992,-2.462500632997603,-1.6224458830475825,7.46038086117035,-3.5121743655651017,-0.0021802843188396537,3.602148171403485,-2.2785513109573117,-1.290643492086974,1.4101037340811935,5.298051783773872,4
-1.6011440620252415,1.3314410190496524,-3.0387423581769895,-25.628144928876267,25.011102716920448,7.273570218600355,1.578820114877999,5.321916422986078,-4.140356142621727,0.552969909253811,1.6205682389614822,-1.6484106804336989,-2.2076131260386376,3.202911560680107,-0.49672169183878623,-2.086971190405162,7.634136662271985,-0.3383503003695978,1.2803538394427854,2.6468976635136556,-1.7748371698019696,-1.0487430064947825,3.19340608781501,2.4157294706463404,4
-3.126661259025724,2.163025271109394,0.2896903860520297,-25.54235335054026,26.917120258590074,6.772048178556815,3.690901345697508,3.9244094329416725,-3.5387585681202154,0.4313406344453554,0.1515180343694169,-1.1175396507568394,-2.47774797506915,1.9324593944291735,0.2645445970911169,-1.4644371073796698,7.813457247082681,-0.9966841676454692,-1.250370179396377,3.454047138058968,-1.3256630776515976,-1.949014656524311,0.7970716079781432,4.220326577856156,4
1.2400358745866242,2.0709883964159452,0.8790363819248341,-25.652850751851112,27.06047172111394,4.65317784816051,2.7021233720563984,5.9771647283628795,1.3365065895880548,-1.7582528058219467,1.418033981944376,0.5306903573296609,-2.5919119701819113,2.734993544427624,-2.072453948007535,1.6012646854106904,6.340470599420669,-3.1094162393277998,-0.8594199134515641,0.8021031821412521,-1.694244112454328,0.3776823502838518,0.16041982749149142,-1.338442461798536,4
-2.231412735468922,1.0918483658873122,-0.2886989707423595,-26.14968425623018,24.29096904164294,5.608478848142852,3.880675188349425,5.958429738592514,1.1074219291313057,-0.3182515692386261,0.37102257803633165,0.5033093234106332,-0.7510501068255451,3.2158093283123605,-3.47363794718558,0.6750651961451375,8.015721748041571,-2.2233234449008705,-0.05457784398968357,3.2334602353197255,-0.1828941142219378,-1.0019104397696,2.0877501949811403,3.7969906005865823,4
-1.7378385912867316,0.753296386304541,0.1977066495736608,-24.857646968997074,26.94929263512782,3.9337550529381815,2.597055275740164,7.5081162498782135,1.8971542140224642,1.1061363876136667,0.7443267120772816,0.5567483368616308,-2.5294664323213567,3.089563741623664,-1.4995389476098353,-1.6859753800819917,7.692778819226788,-0.13095576691023325,-1.8139900588643734,3.5443192871924225,-2.868985500145243,-1.750552991560678,0.4953064094647459,1.2296018226595606,4
-0.9707353805613366,0.4758302207705647,0.23493908912399775,-24.23076972367661,26.793865325513337,6.81278781970326,2.569362847738173,5.077709915920337,-4.79890697468835,-0.744767916580038,0.15423431976427082,1.598330953607217,-0.7890588113778279,0.9223679908304803,-3.093016913089855,1.0243413944502961,6.627982958349378,-0.08146158541097748,-0.24163733621308836,1.9325992184463985,-1.9706253573726826,-2.222000955944146,3.420103255259029,1.6785627612642315,4
-1.411370516263787,0.9771426941194683,-1.1016473720079034,-25.028009272372735,26.94644368802568,4.840867001909487,2.264204764266932,4.888343980055282,0.49837698847625234,-2.6487503673155643,1.0568160516382363,0.5731782000102612,-4.5590129438722045,2.829200665987571,-1.8050496489231023,-1.1237130426260578,6.8783015839591855,-1.982414258585095,-1.38557435821944,4.156807667037697,0.26781265079330296,-1.8280642360065835,0.19910720811390448,2.4461673440379172,4
-2.3712300553130206,1.1532054325294148,-3.188538649890745,-25.64538627306925,25.349656360470732,4.091877534202297,5.333706905192432,5.840334554680595,-2.9967157849612818,0.3558651712686114,1.5506603661443705,-0.7853138615529929,-1.997341682537865,4.169292675104728,-3.2581385801836973,0.07547223642612266,8.850290976546148,-1.5455079014283797,-0.626342997969509,3.8768978858362857,-2.4423595346298157,-1.697476023195014,1.5849453205782282,3.244004904354938,4
-1.8951705429977324,1.3314412831440805,-0.7201368264585426,-24.433304613312075,27.3588399834955,5.465697180562984,4.8788199111973505,3.6925539420975326,1.6963319793292726,-2.0187505040232594,1.9827407480642876,-0.5014822401498691,-0.7818640092532405,3.001463625877804,-3.1019961235766687,-0.11701615170444057,7.319746864698786,0.7391529695681811,-0.05783602352915196,3.6933682434636523,-0.1025202863178265,-1.077249877001898,-0.04944449632735726,1.682941771356866,4
-1.1977043995579209,2.409540657354224,-2.8482060386687067,-24.973846805900635,27.260557943628783,8.569638007945628,3.4374626170542832,2.6293838257937523,-2.6366738170773374,-1.6025520497316847,-0.1502436584199245,3.028433851700072,-3.11032716058952,1.307617485150061,-2.317075811739528,0.08565338725090044,8.384543616247626,-1.5726623872085952,0.7354669077601805,1.749477248110054,1.338316624430547,-1.5246706363863485,1.966257441456012,1.580660741193924,4
-2.612865297619834,3.26800166969824,-2.304858815464513,-24.006652506763736,27.318658054541544,5.945308538515064,4.426512273952479,4.341825580027006,-1.063997709938235,-1.2277549018686287,0.21409884381156985,-1.5345239948250082,-1.930145386294754,1.5738162535931792,-4.135918054916829,-0.586291899840802,6.9803820680646425,-0.7969450998429579,-1.7641709523265412,1.2807436875565372,-0.5687798862365412,-1.0220009729894493,2.585532530219364,-0.09056049219122997,4
-0.7790615977293953,0.4967352813445025,2.2346707553782608,-23.837512106157696,25.830472196138658,6.904326800454783,2.7990462741248017,4.476082776651907,-0.37151169002703455,-1.595628191227199,-0.5775747180786368,-1.0603829887004963,-2.577253528163652,3.046802262595449,-1.8876111867218128,-0.4269254699638445,4.917440488375348,-0.8212609261208286,-0.28846960297317636,1.6646349977521027,-1.6506586035813484,-0.7540371606274334,0.2758045222770491,-1.7079078435416477,4
-2.0614608400097154,-0.059011725792469605,-3.0834171098384786,-25.404028160751302,26.63069653486005,5.551979239209743,4.739273018867227,3.8312840904819723,-4.238260206403197,-1.4264873073110849,0.39776507651183124,2.0369932452591684,-3.696753894650783,1.5708297357344492,-4.386673730910161,-1.4123103705014017,7.410833812454925,-3.84089601873967,-1.5563429786371117,1.996944523876266,-1.5334965394994242,-0.9429964236565764,3.7547191680632643,-1.420348327359875,4
-1.2249874043877185,0.9594953539404436,-2.3852331957229467,-24.555204375185205,26.926895038863506,5.617897484136961,4.092711451483034,5.966442729414581,-0.5237196713264893,-0.5566237229566369,-0.920745160271423,0.3429986075153124,-2.3088798264725483,1.5309203246104772,-1.314255297077807,0.5523505968119338,7.732689666472098,-0.8004547594158566,-0.11620716436735634,3.0708360660606786,0.6797654885690463,-1.85942187015503,0.5082030395922494,1.2203985772463284,4
-1.3396949990391533,-0.24064082212141358,-0.5626796560152911,-23.738553150850343,27.00834290600241,4.474702047909545,3.313797583308194,4.649970279745105,-1.8745438392598999,0.842517307333388,0.3642336458919715,1.1982161743721917,-2.194581788766669,1.5336351359096625,-4.925641364049625,-0.5504555497320993,6.562824842772542,-3.422154690702996,-0.4497368671537707,1.9689815086953644,-1.7327944418784682,0.16632482341836852,1.2265740675430443,-1.094685419280495,4
0.08917525126577175,1.7819835950066647,-0.5920216307484338,-25.281042099965816,26.85372926958854,5.446419405976542,3.4796799769855085,4.303137949119048,0.5325443032386943,0.5175395119784625,0.8833286602311148,2.6351020115646975,-3.761096963045503,0.19354433851985675,-1.466906487511892,0.7994093098704802,7.372281618834833,-1.8345890986233258,1.1307609573986106,5.624636650672542,-2.2224831460109726,-3.847430951942694,0.6603747933504742,-0.3054086886438654,4
-1.8329998152377414,2.436147007385596,-4.76340011941852,-24.549638321061103,26.048206582185742,3.405519361125357,3.896829284271007,5.222415972264912,-2.289771503154441,0.11695120971138095,0.9647809600136839,3.342922023583924,-0.673134932436227,3.352233469760378,-2.850798205068827,2.036060827988816,6.719611392888751,-2.6074555194554137,-0.8134016461264117,3.6235947170345923,-0.13778071034920458,-1.5781548616055412,2.792139535826312,-1.5508807085816443,4
-1.2109010934962328,2.054240001963299,1.0594068465431974,-18.13997625573637,11.448784076673093,0.09503598588685236,13.426439449683642,15.381542970406855,2.352583601041715,-1.263323896313068,-0.6639179242857836,-2.0003836841145812,-2.1648516580576143,1.2946975612727485,-2.0058462902771907,-1.7377465711223365,6.865803457268939,-4.754141856749584,0.49401441644328337,1.3968251286158875,3.2605081488843553,0.4351168205570941,0.19834215411023237,0.6037002571767971,5
2.8893278435751313,0.8633350113830058,-0.5152376858114849,-16.732149132154802,11.225482138240693,-2.7478617589607666,17.35128109675628,13.7683287624167,-1.640092456385446,-0.08192113926391897,-0.2759542089957563,0.518163491366181,-2.6920907507161473,0.45469652146567086,-3.7265647707282596,-2.9253929864530477,6.857251140750009,-1.7274972216569608,1.7240145766799957,3.542029684766021,1.3350221322872358,-0.9488198975087281,0.7250392645927057,-1.1404567451298249,5
-1.004838410666963,0.6222491493484181,1.0066300783464612,-15.101153215158192,11.424758346902507,2.146236500460134,15.933136269726988,14.423033067797974,2.246370028811441,0.4872651274668982,0.7116030563420281,-1.28993369206853,-1.1155304325158397,2.3408958408822613,-1.394607701918119,-2.7320915603293443,7.162273436533567,2.064567849000184,2.9476344423768976,2.8227066999756545,-1.5400603342180261,-0.40474753778929706,1.4439534432942587,2.4161754012308165,5
0.7274219973461697,0.5861404751652675,3.6138744266567073,-17.075451680248307,11.513673920644038,-1.1898642754871958,17.60526317163192,15.868870953451761,1.4848856151465952,0.809391976887369,-0.9215637651679742,0.8552150348651821,-0.6476133966923499,1.3149234555620737,-1.6931098549954413,-2.7489229643809665,6.022546005456334,-2.214134858419925,2.429082452486023,2.0034768283207143,3.3176784264755383,0.6064291412479852,1.0341338101210695,4.804647185865633,5
1.4327624630472258,0.20618559207313503,5.4020512264481795,-16.208031214442343,11.174173058418887,-6.422759628640563,14.530059247366518,15.036607535107407,-2.7204388598958076,0.35016115863514585,-1.016180933887938,-1.2016773256322608,-0.6554872908789378,0.5250139650371537,-1.547039524820093,-2.610325695193282,6.607205971972618,-0.7262120863964583,1.3323855490878813,3.649269559006001,-2.4117045329507505,-1.9738425837377664,-0.6871323590170242,3.9557806446202903,5
0.2984671263540406,0.182837160507491,3.106006580750318,-15.7407912649441,9.248061569558757,-1.8129322780413304,16.729290268911043,15.303895011245714,0.5350623133048771,-0.489431328820892,0.7699718876486372,-2.121276625688779,-1.3913673736437033,0.8273209593070305,0.5957110452096686,-3.8424982926727793,7.555260766353172,-3.6271480232335875,0.5132905908472463,4.104698401403823,-2.512233025597766,-0.8018062930295891,1.4089305402661374,0.8283983402862418,5
-0.27153583426527916,1.9960045918512375,2.067705722170672,-15.192782001823474,9.374847648792894,-1.8810497770692223,15.682005183237251,13.2776047943251,1.9364775556337577,-0.6585728410400762,0.5082542975927709,-0.6697161141644301,-1.2443551964395851,0.30252498174476017,-3.5406319105048283,-3.736886248144195,7.642953020190959,-2.705577149541625,0.5842859824221671,4.079585389702771,0.4386400256960883,-0.7023040615050462,-0.568354774095301,-0.5007385176570551,5
0.8406387461663485,-0.40399558032798666,1.921416383493522,-18.20214898923313,14.14919056805195,-3.1549955811645987,15.919697382594748,12.999730093701146,1.0799457720594887,-0.38830056279378056,2.4301566115155993,0.6559184305188523,-1.952000291643401,2.164017570254039,-3.5697638801120775,-3.7579268512985706,5.332409804538528,-1.3157736937918116,1.4411185715166281,3.7861023908936318,1.0257966269934968,-1.5143402791125764,1.737029657286282,2.3541994750430604,5
1.3344834473205367,0.5429729013313693,1.4728898992069048,-15.099524249668178,9.61688755970917,-2.084498208161847,18.343453119830404,11.953669112123265,2.893742451526009,0.3783962048837779,1.271964561220443,1.783789761781179,2.367863876135374,-0.024488063346133515,-1.757494764232547,-2.3165703200949608,6.548563110766011,0.6552748736219769,1.0165031759080954,3.480535687753175,-1.42420649380864,0.25484530364820657,0.3279801804210827,1.178362382017724,5
2.0615449580539007,-2.0060769339600295,0.028337494035099553,-18.504727355197716,11.74389422165504,-5.851591725068374,15.734946181810903,13.452578460831234,-0.33394395149827005,1.3603875610904836,0.7487974939127753,-1.020995118291637,-0.9793795304107107,0.5620726028374179,-3.8927994870832094,-1.9675658179926998,6.969106798681381,0.20456310979983527,1.5579963864417232,2.0336133578893367,1.6885000038670341,-0.2410370654914109,2.4188848892143575,-0.22325792186558147,5
1.8489660956608418,-1.4085204688240465,1.6675866069539893,-16.336310915088376,14.562678564287097,-2.658949830758047,14.971235744817301,16.39231298275749,-0.3466477978730609,1.8337361907269454,0.28467770095727474,0.55736794643542,-2.128471846498826,1.4266427164898445,-2.8117877727520977,-1.5141722874706929,6.7126811292831405,3.133300670779761,0.10387871445142771,4.036961212158388,1.2443560095054522,-0.48253020042692985,-0.4019288758152264,-0.16632515664707626,5
-0.7626639876563104,0.32021259208611674,0.1625777471901415,-16.407714401245272,9.44082050775691,-5.601493074580503,17.471959940388285,13.08022799420226,0.6412803043699569,1.8169023563161488,1.6543640658690606,-3.649270607235792,-0.8673892706273989,-0.622452675521572,-4.486295928816503,-2.7676567009974207,5.239288004051133,-1.5914994597968075,1.6999873890229624,1.4018475486791715,1.0115585887793372,-0.6199059046226356,0.6710119229830802,-1.753665664327059,5
-0.039411167334947095,-1.5081583473585267,2.427531470942256,-14.936764308256414,11.495344138028628,-2.838745785535707,16.16716349410156,14.33398350669873,2.0862688485406693,0.17979883972451915,-0.7704793002446593,-2.3807892171586786,-1.354175573565044,-0.3037198502898022,-2.730758162139807,-3.9167511332931397,6.302454019123786,-1.9408148441913227,1.9120236647787303,3.057685147108728,-0.005066034514982221,-1.057824451027412,0.36558191891498737,1.8270504575709765,5
-0.6969631494033308,2.294647152111029,0.28653898958970103,-15.129932440917564,14.302041641718318,-1.8519133333916784,14.949109165640516,12.933895682356251,1.2720132454580835,0.26979934443831866,-0.2513796599378111,0.8401045529470821,-1.6342181683711487,0.3268238024129815,1.7233597500491555,-2.9233573362601604,5.506571924408277,1.8556373561675628,2.9979965033207767,2.9562827470185624,-2.830220168997812,1.219596322306156,0.6754912682443184,0.11882352609819691,5
0.9409557837574027,2.71247526473592,4.076849948521101,-15.496311521987721,9.926657934956637,-0.5030639979843841,17.44195989197097,13.44932447228041,-0.4699493082308095,1.15703872294025,1.4192509133176259,-1.96074789552938,-1.2686511241518588,1.6886331419794516,-0.12261877883236139,-2.3249861049739238,5.978699723187788,2.0179095652314913,3.367091600459111,2.2694044770807835,-0.06572608692232507,1.1509086810631048,0.4341341674252881,2.230247318872557,5
1.9027175345439389,-0.9966651065964429,1.4339108875677198,-16.17789510949612,13.184170686056916,-2.4806727676040623,17.11833993465553,12.810367541006514,-0.25445353153213546,-0.08626443964747921,0.33476825945379574,-1.7454608259238853,0.32976038757570336,0.8178188798309733,-3.830598283171696,-2.151230721590288,7.3794693185109,0.3703464697935033,0.9095349730582347,5.2622092675948835,-0.29283878709554756,-1.0746571090960382,0.47825189043283345,0.9771026826752518,5
-0.3923496648869218,0.108583900443044,3.1228692411539782,-14.590609319419485,11.709689084428163,-4.257462036684558,17.10177897710507,14.41135934848674,-2.430040297563721,0.8296182854424572,1.5559509108872476,-2.4167108369709354,0.3641089850375181,1.4915296813137147,-1.1942203081911202,-0.7710952898259293,5.714128180318454,1.2080315913556205,2.9608019066245514,2.6957842720689484,-2.4360164375127056,-1.6727566121924538,0.9672110794551294,3.501567976041713,5
-0.5978663592449323,0.592792084249453,1.7613213619737849,-16.876990919225513,11.894441715291919,-1.4842011796073393,16.971597716974546,12.600634325398318,-0.6455884650729331,-0.3855858447043943,-1.8320167813541843,-3.046356799923444,-0.14263544115468108,1.023475288770932,-1.553391737993536,-4.440733030293416,9.829830641112366,1.1508785472203158,1.4618878619875977,1.1079561942952267,2.649271051882181,0.5783295052089406,1.9090210728710666,0.742320652750891,5
0.14955415972511332,0.35930788208458075,3.4529126783004926,-15.969931178097426,13.279327946865408,-1.5477164345299457,15.085941847572576,15.950728667522242,1.6379715360760088,-0.002237105287498764,-0.09052381172037371,-4.8176591741634525,-1.9872978891228854,1.8558740960721778,-2.779810460154863,-0.11408175659187236,7.095486510816386,-0.3497398963335172,0.9026118301331278,3.3270049144349656,-2.993599379042678,-1.342756578096437,0.4515091934549922,0.3879829311463254,5
0.5881469651991722,0.12039381415597283,1.5593970698711246,-16.786854186666652,12.152359922106655,-5.2740761376284695,16.024493747754413,14.368601238820162,-0.6061735353765698,0.14586228825503866,1.2359905920241374,-1.7557603290258612,-0.6223643124958755,-0.22335723172693633,-3.914257873810868,-1.888832082066692,5.784581233788586,-1.0794687952924278,1.130937557162215,4.430218926339322,0.8797149735538028,-1.0304036505885787,-1.1562728114062928,-1.3371209943256872,5
0.45715448660843094,-1.1666198363239344,4.202344526610773,-16.558529106658128,13.442361093097901,-4.778254808796476,17.26630377785014,13.450680405560433,-0.24217958255206895,1.1645050244914827,0.0773935417068401,0.10863123608123715,-0.08752229688855095,0.794742957896311,-1.7815886821483105,-4.001185991244178,6.482184264446445,1.3363701315493586,0.01455744431137962,1.0064179357470096,-0.287799713548452,-0.17832213583520495,0.4071205872411099,-1.40807530246866,5
0.17507043153207746,-0.7782486943205997,1.2300163474800456,-0.43793990474379285,-2.6480910614155846,2.1392270684572168,0.46100904784482566,-0.8939322338538886,4.837408327957746,-2.7371243794298223,-1.0782173704953095,0.9658133340556674,-0.642586212572752,0.05139425714421719,3.4789005546747944,-3.147339440393324,1.3740383219310388,1.2726433249086995,-0.2589719528353549,1.5559210791956417,0.9248366075063927,-0.1712633566074171,-0.3238752141063088,1.9186011482348704,5
0.5320853042254328,2.729172077049528,1.9529514259585312,-17.59848402832877,11.473218907696833,-2.184369178184511,18.042095726695095,14.080681518554456,1.6254812022772285,-2.0707435791567264,-0.42405335052660575,-0.8346266438060184,-1.7265292576581146,1.3151940228907506,-2.542622070864354,-2.602859466138561,6.836619635396602,-0.3212686253881998,0.7014353365283288,1.3394056494528854,1.2458933221468556,-1.310177358997894,1.5995187828099127,-1.8774050812176029,5
-0.16551586223653203,0.5957782681064003,0.21843019014301035,-14.483506263353306,12.058153663600422,-0.9242124586832574,16.53177882831461,14.857969370293716,1.505913717831504,-1.1131882173701442,-1.336540066404325,1.6388164902084554,-1.2466616072852048,-0.3453934777720846,-0.5043553754016443,-2.0959819156423194,5.815124862325845,-2.282014016543485,2.6546933018417045,3.2083632656461702,-0.6594471711718484,0.24819363816885787,1.780197536209652,-3.0871836589273016,5
-0.9498621536188807,1.8124751969592303,1.4336851679604479,-16.417081191878665,12.451679946277693,-0.8727521718567459,14.592095600689232,15.319641805381025,0.2867160898620682,0.2746856126052535,0.08526588930124035,1.831319274074417,-1.5366160352891143,1.6819818116616077,-4.399122232151797,-2.935845957760449,6.211369301498365,-2.266254849670645,0.5637882430801637,2.2327528105172263,-2.685024271002135,1.7897322108848241,0.6267585555547548,-1.0725576470140368,5
-0.6128031533361025,-0.29309062996600055,3.5586860241097042,-17.024004056145323,10.97557166107282,-5.237070577629481,16.85960684097092,12.518782963402941,0.9597149928863473,2.438214735074375,0.3492978993408542,-0.08234044912984473,0.40917668158729725,0.8478186499134708,-3.5482980918361022,-1.4792850340416805,5.877567728172238,1.1863537266249864,4.029263432280539,3.8499022394933036,-0.9557647351566061,-0.010946616327593084,2.1816003281261693,2.0099258154965582,5
-0.8844301186128973,0.1404842239052062,0.0397200535568345,-14.94409453040781,10.592089113813387,-4.404847853992294,14.754176946294868,17.235565076732854,0.7580071408376625,1.1460437780873036,-1.0734676339683347,-1.250954100457193,0.15940045414544102,1.267818752099032,-2.0019066780741355,-1.9362079190216264,6.460193925952666,-2.993341147305671,3.479761230342554,3.5876391787983835,-2.093926842322219,-0.2513538327146918,1.0554465047569366,-0.6770387598091929,5
-0.8350194669010307,0.5535611489671535,3.9796184866379463,-16.369841234095105,14.100050721871582,-0.34297218011994346,16.074584245405667,13.292264651751367,0.44198430761343843,-0.03400190299876016,2.2478479415407264,-0.6970841401383723,2.02767907493876,-0.46390085266935444,-2.7736818676420967,-3.2946248638447457,7.202997680802326,2.054050165927947,4.016231871747352,2.6964634193663954,1.8939242341060094,2.6889177281398267,1.7804686576187976,-0.046092499469125414,5
0.5200052178150827,1.6825659398471835,-1.276489889705374,-17.243370887514857,12.598965704593923,-0.9266145925386127,18.47553443298522,14.775572047444797,-0.19575240384551762,-1.8669893543363543,1.9800176943953147,-0.882361328124432,-0.5789245008928958,-0.18480541785047677,-0.9633843530157833,-3.369013528401048,8.674356001634052,-0.808995615410538,1.2520235449113573,3.469947752111281,-1.1055612201944314,2.5721757325657046,2.0951297681990333,3.443963686015877,5
0.2216293191345926,2.826909799748446,3.8291638437681854,-15.156402580364954,12.116387389031644,-0.08958483941893292,17.726077466792205,14.672675846427609,1.4586113336491735,2.2796628811522197,1.9368509667855278,0.7413316910003118,-1.2135359223657929,0.7629773040357932,-1.272837566392468,-1.90865217196788,6.079287780347627,-2.2180712117323083,2.0979964555291737,1.5977318044811,-0.2520981240935498,0.992899601816065,1.51155483276926,2.094247402830433,5
-0.40791752520976843,1.852205482146342,-0.8399790911776677,-1.798034518626011,4.5091174716859825,-2.1118676973224524,23.3851120354494,31.691837554241033,12.154028324179649,1.7274921456592338,-0.41732580069327696,-0.4334887634548181,-0.40886306113708315,0.13685996242892884,-0.5721658631746891,0.06762096843451104,6.52303136544225,0.060316475294939664,2.117948465015571,4.395508852031099,-0.7998712114007844,1.5027992130226862,-0.18701011502360387,0.6838578377984845,6
-1.1785490236587748,1.4019338219759359,-4.109717142648321,-3.150749233263184,5.3625581698176745,-0.14300979489922838,23.23144729591831,32.99812693710655,8.062354679436282,0.9478997334614832,2.857153950548451,0.00013768592305041238,1.1371572947779782,1.721429978038472,-2.0438651040188347,-1.5189855397083036,6.126380372750987,-0.8614657844088356,3.438084261247499,4.187272785998232,-2.640609002160204,1.501984591649686,4.291405835906922,-1.0059814933667326,6
-1.404297160015176,1.7076353198608345,-2.0353034115609034,-4.240116494778675,6.285767823646182,1.958997985564281,26.27027065312931,34.290025403881316,9.03123544932987,1.9628773051128903,0.4452042611925435,0.5310064509470749,0.0035318672557309583,3.216814688013784,2.0164765713382167,0.07182900068870168,7.213032736661944,-1.279762743366632,2.4354599057414594,3.0527023492184924,-1.6231161882903393,0.5886814091901558,1.6845288653827453,-0.5108097056386782,6
0.15950574724675448,-0.1233149726660443,2.0578894562187315,-4.723373760862131,3.9453587665813075,-2.63047397471928,22.824478644064772,33.383239482068205,9.009988697173469,3.2896644165592335,4.165345724666452,-1.9240373452298059,1.0975192001132825,2.268624214690284,0.44292608725487526,1.8735934172754654,3.981041988045007,-5.000215430902017,3.8659575803382618,3.141888410887759,-1.560041850231812,-1.6227665956921178,0.516971671160583,-0.9017383900631444,6
0.499820130775106,0.3613006749649532,2.089426597630279,-4.55586212206542,5.478214074043848,-1.0514487752088826,24.3615376590195,32.25097824552353,11.10739959136896,4.355411807927709,0.7169725601399364,-1.1154735604535517,0.4819038525056669,1.6683539580609192,-4.114120242019055,-1.1809760963820608,6.1290950010827885,-1.0381946259228698,2.116319507023345,4.574285775163247,-0.47903999542592146,1.5060570491207317,-0.14425026198852464,1.105873660541306,6
1.66438844927589,-1.3922743322277462,-3.767627796017223,-4.147400005012699,4.959115842240607,-1.3442580605065473,24.68529331361775,34.190931541201024,12.10102147277621,3.3814285921814005,0.5318174286575186,-1.221689176394932,3.0150747752467737,1.311474678005112,-2.1181120517086356,-1.3578543532014251,4.086787826607292,-1.1358848733333957,4.959532207075321,2.12881171841876,1.69348614750578,0.14031031200088417,0.8761570202927231,1.6106823470868221,6
0.34710483961808336,0.6657801246556936,3.3692837256527923,-3.8429211016349427,5.490696384895642,-0.9535490750268423,26.283302220081453,33.4407962558106,10.24079482521364,3.1274473980520483,1.4162039038192802,-0.24405019299200603,-2.6116219192438734,4.508443975250209,0.21822510428506803,-3.308261476335595,5.673528712208082,-0.7337907322665274,2.4275865089165336,2.6974538643264907,-3.5413762223595313,0.7214417860610585,2.229415085909121,-0.028778179461482978,6
-0.5063353613947186,0.8142869518159372,0.7902927721124229,-6.4616098662502495,5.150110864423169,-0.1344718879245761,24.406469904904043,31.968490405604683,12.08504219269281,5.458895127102359,1.0822690611960581,0.4355220306539991,0.8842586495927662,0.5567240818766663,-0.20335946779499636,-1.8227865144204216,7.112715222665273,-1.2068295981284223,2.639486998683747,3.0338329440157565,-3.8637500811954624,1.2325275674486749,2.850998915762993,1.0850759448580334,6
-0.037060818081300795,1.4688571865548035,-0.6454994586921998,-5.738486900985599,5.891828587044046,3.8422116329147116,22.516198123862964,31.48020724998213,12.313674005431437,2.180750266511062,1.8389177643784933,-3.009639648989321,1.5133086774314108,2.3567238126039314,-3.179406924976547,0.5755844475930871,5.172354275664759,-0.26971726803259344,2.888717745075959,2.2334721599598026,-2.7065213092780596,-0.5101872915234447,1.6332161124044475,-2.359206110474645,6
2.250953009557662,0.9849203986086117,-0.7685880916814654,-6.88418897306012,7.594227793421368,2.179530129273587,23.53837025512086,32.68482577473202,8.600893050388663,1.3551392900976893,-0.41651076041560486,0.31944951315540493,0.33068760964206945,2.352652097952401,0.6203209576503923,0.8886160437811768,5.233573434959354,-1.7333245451907828,1.0019755939687638,2.7886747787270423,-0.8968901273281062,0.2016678958818492,1.550817686572934,-0.942682816586796,6
0.33067950577512306,2.0004408116060386,0.9280558861095187,-5.552377535927974,5.916943752927125,-0.4266245619824076,24.683257027570072,34.63808248362807,8.937721580816742,3.002017693981408,2.640504305601837,-1.4332389888153898,0.4312753422937021,3.394642576606117,-0.6604204068415811,-1.9909757539223634,5.439773937104675,-1.575640964697243,4.163921440901829,3.060576788855002,-1.1434941975168726,2.0434778201456183,2.4783751873517588,0.4874131494588596,6
-0.42488774281528663,1.321028929093325,-0.8507090992641793,-7.198441731517768,7.1325529832102745,2.52161221244495,22.952894883686724,34.507358338783064,10.639824642406495,3.721745737481534,2.2190121700231202,-0.37348418996077726,2.267248289634466,-1.3573027636497201,-0.7756115324955886,-1.0731942589532153,4.722896535744127,-1.194786643739576,4.973785701501996,5.000394840568646,-1.7737946727625626,-0.8844407948881212,1.4631256139764517,1.9067819520430476,6
-0.21705987355534262,-1.4289259293154863,2.881348470420903,-3.6713368160887256,4.476399562369323,-3.1238833654061295,25.979772918269788,33.34903531146142,8.1672627897658,2.9050950499660644,2.9881524221839584,-1.367985143324404,-0.01194188431298926,1.7644613477612836,-1.6428724127716805,-1.816134472946338,3.155701295878714,0.3671503138484127,2.675867059152611,4.898175273636554,-0.36077681293687647,-0.7864316613603997,1.4335325372273644,-1.8300972568972043,6
-0.6912220624693646,0.010259689175718734,3.3865933512007587,-2.139844246221415,4.555266678063219,0.7516239444514099,20.969094015475424,33.32961975208107,8.296482224685178,2.674868241530284,1.068962982867788,1.027271706974318,2.2934475476016587,3.733873907167002,-3.10801647783461,-2.3739177050699496,2.9431227372805466,-1.4473009055291186,1.1907991696941473,3.998448143592441,0.1477531677528532,-0.814938480407938,2.9517226311524674,-1.9205420236710893,6
-2.0192302671409834,1.8770471012236527,0.812847830794567,-3.312288516428751,7.231378898792883,-4.032756579092165,24.2443883292946,32.761112373731606,9.894553430894575,4.480841470571761,0.1734415824506641,0.8143949184509438,0.6399143024976865,3.505276592410084,0.5581164119950017,-1.382695468471148,6.5820827548343885,1.476620263562097,2.1578579302422245,2.382521654776511,-1.5374818479781993,-2.480006449920026,0.1780124769599709,-0.02507005896870851,6
-0.20443098166657592,0.004422542986299405,2.5962112214107265,-4.659844545183219,5.549069151726968,-0.8589409925360201,25.131628131124366,34.066317457380194,9.087297565995982,2.0175831467296987,4.454213174534772,0.5877344307883163,-2.2497232812392554,2.566995294079071,0.4326305887219064,-1.2711123490830758,2.6731211851648027,-0.3886362332298745,2.6263194564376144,4.530982940535935,4.505065814679142,-0.31159008489636,3.6349354465191865,0.9015524819496932,6
-1.5773762925094843,1.1897620322283764,-0.43087024312376343,-4.1551386276176885,5.363232194028484,-0.3541337421117987,25.71846086937068,36.564868438582465,10.410738048709504,4.0297551932357365,2.128194384544315,0.025321951335911308,-1.5134329510859743,2.9404349379044135,-2.5537166753564975,-0.3248233556273661,6.083483960458224,-3.5961776653300603,0.20555019973360533,4.175869955071704,1.2353303040385413,1.5884553435523223,-1.1877341704562383,2.1093631039448724,6
1.859728207963343,-0.7239936271598371,1.7449302288078457,-5.2082606207386775,4.976764295758898,1.114296389481126,25.770179791808808,32.07830814523811,8.298445485387617,1.5485786391038943,3.2491918177536263,-0.28697538985113624,0.2807307070906404,0.7145971061051384,1.9989508371488114,-0.22545671620097352,2.529636902131813,-0.6757526783655976,2.6984009112572975,4.308357801894999,1.2491323137246582,-0.628151174386157,1.218102918771656,1.2239216181558845,6
-0.3625766894313358,1.783381867766943,-0.6958773243065366,-4.010296816381469,5.862510446401387,2.3613068543867257,21.135926627802206,31.96781196255904,9.92215129151566,2.0151394965401366,3.276067350775577,0.360180427103046,-0.624565666923985,1.242650952507546,-0.24759901946003993,-2.411519635161774,6.445519244025917,-1.2668465995954534,2.644916883974073,4.029399002282531,-2.4290488330955213,0.15985788099745069,1.2062933962378075,-4.625248607514038,6
0.4641206955021744,-0.7007809798836098,0.3218440814131327,-5.277355928516037,4.504501404912958,0.395074982656638,24.01266892540198,33.17636409265839,5.854134873334715,4.521021859837973,0.0033533107011294305,0.4918042052951819,1.205843898306881,2.631204085130044,-0.03493914049187197,0.8134123320427662,4.168641977992166,-1.1071869990139476,2.17075385703492,4.36903577129678,-4.108382163482986,-1.456069680621181,2.6114062815878327,-3.4145962052145364,6
-0.24705747909922593,0.8451013673290575,2.234622440390524,-4.768577422888654,3.5751789420974376,-1.4894516662315596,25.17764605711178,33.59636391866675,7.103772998378986,3.9765412779934124,0.9473357552226389,2.009723132932379,0.46778516425888483,4.954643539083598,-4.321298611601605,-0.9268588849927326,6.253303214923463,-0.49068927913270954,0.5508895957496982,5.576230787458684,-0.7368062909840774,-2.8972915768801433,2.2414965842752537,-0.4937335326589505,6
-1.3877353946464268,-0.26150505701124427,-0.32882865857379784,-4.837401113864068,5.986854898443767,-2.454826919209893,23.49737487390798,33.20785675573546,6.473922056725257,2.914732822193905,1.2157060116035154,-1.5784536944768206,1.5320423691690621,0.6864976766595703,-2.1078188730640477,0.758978293647516,2.5087324715870523,-0.10699210077973476,3.2656860275101574,2.9734244544950172,-0.07957536488464712,-1.17860373605592,0.4953879120771134,-3.0819231194537338,6
-1.0065572145215071,-1.916934895157274,-2.0506416291796654,-4.135998057853115,3.6793005964871384,-2.019663184808337,24.795926653434922,33.314827205329834,9.427204367245622,3.944641899143498,1.4501407073004202,0.49552989065642805,2.607563032193184,0.998714660644616,1.9120093226373456,-0.8221987990298274,4.598144038826263,-1.4429204316974165,0.15912491143829133,4.2243302189755525,-0.6562081243586135,0.22990323341109598,0.47502578994273037,0.31001952186062454,6
-0.12963510421849378,1.6902597457920479,-0.6976309665312215,-2.383237035207685,6.183412764190734,-0.500431062309417,25.45850597713018,32.58736138501732,8.699445799124874,4.574370687631557,3.317470687106379,-1.9303904974055968,0.7581504610498939,2.786633756059423,-1.2891780182846446,-1.1170396712636332,4.579276200929002,-0.37396385116858255,2.319124945566683,3.3122486481128988,-0.7683425486285955,-0.1613185319334045,3.0152518520097047,1.3325513264243796,6
0.2093228212931706,1.9784498681116123,2.6870912710342054,-6.626813299049715,6.293231788048047,-0.21331621900134223,20.89551923858861,34.4313413991797,8.607023299964396,1.5120625755345358,3.170591489213251,-2.411760247829875,2.709101642867296,3.815050450942188,-0.4000243521982725,-1.61265057725182,5.929140328662072,-0.02705526802373015,2.935007314350292,3.720440208193594,0.12979665240180793,0.992256043489717,0.20828402955073955,-0.20770876067086874,6
1.194842865680414,-0.04268158611451689,-1.442895328849147,-5.196314960117341,4.900743254924436,-0.33661245437491516,24.464569073793708,30.741883040622156,11.189964084263465,3.9236015238352877,2.7743499015700763,-1.6715251271514262,-0.13465383924969387,0.7175842660757965,-3.1713027818769888,0.7828693835917875,5.935928929393825,-0.08925227404216685,2.5576316950143374,0.6794443367662097,-2.434744462647018,-0.3954815130066489,1.025478611769234,-1.7087656631118193,6
-1.3513588143606512,0.596685146780592,0.16985002695543017,-4.808214937581283,3.807848368510605,4.4906778001058,23.644659789668076,34.40201665790249,11.106304714566022,3.867809646537495,4.905026253954503,1.476665304745552,-1.5851093935041547,2.3063624692891906,0.7392396190527961,-2.9474468372052556,5.717646373075766,-3.0149336031394114,2.7649168143310368,4.430800939775878,-0.4680866152381782,-0.9310018658815968,2.6147998362753313,0.7324720635743915,6
0.027695273282546395,3.134739430923837,0.6680823273125043,-6.107174574701048,5.929295956710547,0.660955225604198,23.553709391460288,34.56301415739432,8.677324973819054,4.626768316346691,2.493083192850861,0.615543925980603,-1.118411307080578,4.411113134461935,-0.7975192871088552,-1.118126217872394,7.060046432840522,-1.2848002703215116,2.037722214840672,2.8760934652615333,-7.767281973031288,-0.03059453574941351,1.5099579083542523,-1.0734290141794531,6
-0.21447826596113373,1.596323167179527,-0.599291343722939,-5.019844672224728,4.5693881556994995,-1.6236969734289914,25.627103466482865,33.2131505336846,8.520083773928661,1.935727762904186,2.8483307939758618,2.3800598812885596,0.2463871498623007,0.12355618672788893,-0.21824519672594533,-0.9503432488075632,4.708914451633817,-2.0712456049157595,3.137948571570341,7.809400543351188,1.1089651602496815,-0.08421455564163693,2.1181032639931345,-1.5125297923361813,6
-2.8498641158577698,0.9507123006760452,4.087404925454791,-5.071156796899942,8.582599132416675,-0.16469611065144818,23.697465287843027,31.26654531736054,7.793862877479569,3.470885915074497,4.493988197844146,-2.0769024901233593,0.07371670435534838,3.9275835266114285,-1.8204877554081236,-0.8333292778326822,5.250407752680189,-3.4608329520240204,1.4538760984780148,4.976503042920342,-3.2043269987488543,-0.7155719740806079,4.8656143811602135,-2.008147164322679,6
-0.2640281838812939,-1.3548164088477854,-0.7618392924998147,-0.2806076749914439,0.9016542982555507,-2.553652980061713,-24.281093911391196,30.207995981345732,3.691192111054761,8.253185623376197,7.204884622564947,-3.426141331460542,-1.746313358635149,-0.5640726475779729,-0.5889912142511093,-2.8616607758536006,2.490601244344049,2.2139257690988075,-0.2954579542761966,3.8857979973842447,-1.3085907109457366,1.2683403404654552,4.455037849081112,-1.9176168997228729,7
-0.2196365414445438,0.6750027191369448,0.3789535403710147,-0.6950419716123619,0.5203419650665637,1.5872750139197933,-22.792632787195412,31.593562271601314,6.146226959091052,6.903185046856329,6.279770851376611,-3.312476968479814,-1.381290632015208,0.22665060935739234,-4.545304182647612,-2.4017508897048785,2.0855323850883565,-0.3372602185550022,1.8288408230505544,5.700189610822363,-1.8600483464714443,0.16444892716732173,2.525806738771518,-1.2067291944680392,7
-0.8983725696411113,-0.01866246555723805,2.062447258997281,-3.5147700220169256,0.8089367452074612,-1.282781221277105,-23.020686870074528,28.622612244204532,3.6412603820530762,6.0569409494530575,4.301128709611561,-1.6640275928612027,-2.6738688812949363,1.084025413409691,0.20906311753270757,-0.484738492939897,1.2386092197885716,-2.6203915651065017,-0.5231050966379298,6.414078885592147,-1.1662389959959683,1.0598334651791799,0.6541324747008339,1.7789614859883613,7
-0.7084663483635723,0.917853557448602,3.5291121765419007,-1.2905615181902022,-0.6909233434343491,-1.6323046223217261,-23.145031517167048,28.461343165885125,4.968856171345351,7.325492688761699,6.0343400232648605,-3.9999254338184187,0.30128876063804455,0.4951567966927968,-1.5821799946085093,-0.144284985158329,3.202048346472168,3.931571944155394,1.7106055784182468,5.825889188326528,-3.3087574943433538,3.0490643307699035,3.267255281854059,-5.42518506577386,7
-1.524029760852983,-0.590291275395515,1.9411181508065738,-0.1018287323136775,1.2954517869212623,0.003870776699045564,-25.613717898891153,28.82840334820625,6.862376999523349,6.6884334261105565,6.894973369339198,0.9342468245154691,0.47464148805337913,0.825021533396523,-4.460334987449983,-2.9395795267373686,3.475713658121549,-0.1592046494973829,0.22635203064945086,5.413354645466029,-0.9548985811116495,-1.5235602708359135,3.3440877381407326,0.035682091898991075,7
-0.8630809237798189,-0.30943155881505113,5.222903962148848,0.45038798654127987,2.1380341788586747,-2.7481337448736554,-24.138289076429842,29.639762046019825,6.287921952330237,5.603683139300564,5.346377246977227,-1.6116888140503534,-2.9605642390880007,-1.1586433563922256,-1.1216114673177913,-1.5016160116757646,4.623317103045196,-0.5179378689721261,1.3005150090148687,5.208650050098726,-2.5726847779972104,1.1594715968041527,1.8556265949577728,-0.546650771196596,7
0.6469663467059092,1.7415639476862683,1.6428314435455036,0.5691669989537829,0.6672189673511184,-1.8692731193434042,-23.45195337166089,28.273608746696794,7.50055515258299,7.658343549771665,6.390540104240017,-2.5139849787226467,-1.795724479848218,0.3623972398577422,-2.6660299265584513,-1.2624308337734718,2.9101933776028517,-1.6650923878935373,0.5457637958569848,7.226931135773327,2.4889534111201215,-1.824374743925505,2.040105337462329,-4.787451751294213,7
0.3738436472617934,-0.916626221151903,0.5281006500111403,-1.4336389370051634,-0.05576398644114988,-3.896376457110364,-22.861591880936572,32.17184277316122,8.764214571992284,8.890786914808295,4.910223431202837,-2.9287780778282695,-0.7428713486618506,0.37434384983812663,-1.7797267127398868,-1.094918715118915,2.0776587049390827,1.9386318337287207,0.1744968473814259,4.35331007461221,-2.4323044709765895,2.5758516611621607,3.634857434268511,-2.868534581248639,7
-0.9646162065189685,0.5900253969943545,2.255387479894864,1.1004786382476084,0.7420145133865219,0.9326708918097211,-22.90584518190977,30.841933834300164,5.373799135234663,6.253772503330801,6.2089116862712785,-1.6557089981831723,-1.9554981416040675,1.2465147115440587,-3.6090599326564075,1.0220492930691947,3.4455771354573272,-3.1041631732088604,1.5743158221417577,8.688378693593776,-4.748494004745339,-1.2223384840121647,5.046758119436479,-0.2063163648228965,7
-1.24249086571632,0.704866885362188,0.16279358517800802,-1.434724827693131,1.0060422150621662,-1.2961332002522568,-20.96059614095227,31.24727597087312,7.250240310600532,6.9611486744601265,5.05384481549126,0.6749414211642488,-0.6397082085936177,1.0766967723726353,-0.7282835765160485,-1.1406660319195439,3.0782480256095113,-1.921545930473485,-1.4699376357184313,5.402767759297419,1.820986042005984,1.5944037459619622,3.3818250537372343,-0.7932455618322365,7
1.7987783313593013,-0.004816223506999506,2.0815006396268814,-1.3995672589471084,1.4814277722109637,1.3435299022559093,-22.751908233953422,31.254466740810898,7.418645033893085,5.287936296834232,6.161943338385214,-8.009459346166466,-2.8310648571725494,1.2287325502974653,-2.754510106979467,0.01263831753959721,3.2779323067645123,1.0976552601815683,1.432867857709744,3.461590784685825,-0.3136543090262762,1.7240415732849943,2.7177530377073573,0.5172728116830285,7
0.6270154316756589,0.5852742398810253,-1.7506422411883023,-0.8762629902697938,-0.20142303356360003,-1.29175918896658,-24.59724768366764,29.477271146057802,8.858813899666586,5.1117372667132415,7.381221306295686,-2.6710069215517933,-2.4379410751138835,-0.4006344564445854,-1.667807679050668,0.03218544427509329,3.4180217785038565,0.9874938732860983,-0.6786706529149087,3.437833160814847,-4.824925569145421,-0.2791710846499562,4.383092615498743,0.11780666216731106,7
-1.2743905311000958,1.0921521442292708,0.550218023102218,3.044234866042977,1.22405219831478,0.16462483981774767,-23.14543821524726,29.779306765180735,6.930702045700173,7.682777997599594,7.004791122781455,-2.1745283186547795,-1.3632352452345913,0.4636639851704629,-2.8169272814439523,0.18910893684482488,2.652274432014181,1.3955008020191144,0.7693384162613817,6.165933601759335,1.1854353833786035,-0.09645610755816225,3.28232290970476,-5.121210986659094,7
-1.8342106182394957,2.273826201771209,0.06905739403686084,-1.1462630406721317,2.1661320030243587,-0.7696488031581339,-21.86792682224823,31.16134367681289,4.798251475891448,7.015039669123276,5.624115226089401,-2.56062373676491,0.45888883896188304,-0.43511420354361974,-3.027826807082022,-2.3839687698848593,2.3380211142977316,-2.4072945529017034,0.2575737255903463,5.660956764739211,-1.545336388220619,0.13268412913241256,3.3563050621689214,-3.3319461868765075,7
1.0749750484964125,2.097491407264979,1.7930676302677853,-2.417665466999111,0.1816549555572351,3.372820425180805,-22.49589050413811,28.37555180503864,7.100869083180783,6.01960939336589,6.65606112353268,-5.307609953314341,-1.1886649769229507,1.3137093403674527,-5.241963653978189,-1.46767985375876,2.4619580807234343,-0.01707232969749839,2.4126869771987813,4.56806011769585,-0.9086912394384399,0.7383854669208549,1.2523683584567564,-0.7936906489716193,7
-0.6666522951431375,1.875274283292633,2.1298935093950604,1.0269044616146346,-0.5046817447441185,-0.38748620329243977,-22.807293409718795,29.415915734752645,6.209746798554761,5.958931296232166,6.455022186417068,-4.826450594664095,-1.941381248508975,0.8786412392181262,-3.17981014586519,-0.04179702924503914,3.175170838783373,-0.03416960261353097,0.6732297920706141,3.498104811448499,-0.8578730921674946,-0.4491258556961446,2.925988437462774,-2.6948603974074103,7
-1.1560212965748065,1.9587584496407757,0.8774114222467233,-2.4579828608586993,1.4707045166564399,-1.2050377600479578,-22.30815343839565,28.801524942941654,7.212788420664879,5.154632501800769,6.230632123713804,0.08954216286565497,0.9477162845660416,-0.448281982697992,-3.599434992310705,-4.358403504246617,1.3622744140626537,0.7984961644519899,-0.6497565671156957,7.239146017359602,0.478699394399257,-1.4904380854913044,1.8649924034360872,-1.3414169651216525,7
-1.1041677610650709,-1.531422722415141,2.252320559955308,0.25830788148900297,2.124323169552582,0.39391909113453494,-22.31439704316788,29.186100254248544,7.936373979249765,4.8775743293590565,7.216423843590633,-1.6747579047424779,0.47368672974155857,0.7245687996014922,-4.547274844898425,-1.4310272792627217,2.1377958158606702,-0.05299538563110673,1.6030941253506912,7.936341334554612,0.29408097183488735,2.1107838717585956,6.379925786739097,-2.1053011099003243,7
0.16520398280599125,0.32762724574336843,0.7941886334317019,-1.6831412691833378,0.4538234766616256,0.5472256223933414,-21.54647844910096,29.15813173623738,4.319731459674301,5.656624626470467,5.264120042619368,-2.5768366903582773,-0.5955888906628672,0.19176298654139856,-4.500411803370184,-0.35075586476055065,3.7386542021463782,-2.5870988758478006,-0.6044172527930294,5.841366053792868,-1.374289422634547,1.866575728558864,4.297843364560297,-0.5534419127584442,7
-1.7656584853783954,0.5767223207983143,0.9286562632570394,-1.153322547049612,-0.11522457374849182,-0.5959812199514545,-23.58973697455236,28.144513701978127,5.436220949475683,7.562641874701839,5.6006313973678346,-1.4097664828056509,-0.009704982844169763,2.5426239136571596,-2.4102345141928367,-0.3545565425821948,1.6409618557892571,-1.3661535986984745,2.790198316904238,6.260277272220293,-3.0851531557103726,0.7903766114852111,2.690874435666519,1.0820862650466552,7
0.06706206143033455,-1.5086172449319006,4.772848257212104,-2.7226883220414493,0.8740953509987435,-1.2291205204056723,-22.44566365565664,29.038267899871244,8.190416771246362,7.046397533572211,5.774796555186526,-0.8911582997863547,-3.715047381785439,1.6040713264845863,-1.6754760421816854,-1.896909583182456,3.3361664464615615,0.2847003963701127,0.955311464849113,6.00222331741837,-5.35645657942365,-0.41111671454657994,3.9367576247341027,-1.8836711895277745,7
-0.5223541110632937,2.4257268647586905,0.5235036532722575,-1.3030503053967948,0.7752726943068922,-1.2825577939404411,-23.857428906988922,30.33505409509982,2.556750828532131,5.612641177354455,7.822802431684522,-4.445819894367105,-1.5758147842617234,-0.3562454169777567,-1.813451729752387,-1.1912984707518248,4.806168461174067,-1.66224210133214,1.2433656214761646,4.196251179276729,-1.713965643558538,1.3818245681227737,1.5005134058128604,-1.2969628237896131,7
1.0426696512210754,-0.04486148747921703,-2.1739783841641156,-0.28535802946485234,1.0904763584047146,4.158174197098219,-22.607881499243145,30.072522196635788,5.10157659387437,5.419475164353145,4.328547690274718,-0.46694374767946556,-1.3136912275636803,0.7825325549372408,-0.9619577216924426,-1.1998503868138428,2.8883382623596248,2.30328295014732,-0.3126976874446399,5.927292706934239,0.872476238820866,1.2181141381414902,3.679653971434778,-1.1062073024554593,7
0.8082305090715636,0.7161339894463232,1.1259778141355241,-0.3245886005384975,-0.535902483772162,-1.569893109489442,-24.252451635852815,28.22826868421444,4.444784347603843,7.683863984949561,5.806018937468764,-1.6151944138188128,-1.0252285567757156,0.20981786584645334,-3.6679810907004935,-2.221615098910192,3.9996963525834133,1.6723191249387241,2.485990125470594,8.704123761621744,-1.555403405374534,0.8112814385491918,4.385400381338609,-1.1127758452121839,7
1.5484591533951289,0.3341429387606283,0.4619581768335479,-1.3707879814045114,3.663962258455115,0.5910248371664579,-22.01507620902097,29.45338390533294,9.26726378897473,5.585764491292785,7.26569777379072,-2.987476333272298,-0.6436439543161896,0.7617633890696496,-3.6127891530856004,-0.30636596914447267,2.855760678666911,2.806766262417568,0.6961711296841129,7.33837710557502,-4.121704045221861,2.6697883638925903,4.432233014033461,0.003484859415266328,7
0.14755794583803095,0.07160909497361878,2.6373307398461066,0.038668611690404475,0.49875974049257366,-1.3660017178215185,-24.793537869432015,26.532382398510236,8.242757428061964,6.560560392906332,4.645922493636533,-2.118459877531393,-0.8236426369510639,1.4292299695598274,-3.6274608447039327,0.13603149110258528,5.547886763767039,-0.8828057016219759,1.6250851045000232,5.417291606368181,-2.8293664429257888,1.196801876866453,2.560286413374044,-3.203392642749975,7
-0.49032004405609086,0.5274462295118152,1.417250421999313,-1.5203807063729116,3.145407943794339,-4.520978209620239,-21.490551118333016,28.568176369231054,6.225288890166041,6.268976916559247,7.063705818279544,-5.184522673593278,-1.0527800058221146,-2.843394161034432,-6.055565849476295,-1.657859373066863,2.341008039517803,-0.9682169736278183,-0.12373850467948966,5.535255675165018,-0.22933272169240126,-0.2740126287171165,3.7889293750401087,1.2743721117395808,7
-1.8997752182907561,-2.798345829588258,-0.7828675885087364,-1.43947557917123,-0.6910607139625426,-0.8200199024316248,-24.36227086080161,30.469984943096335,2.9870901895244515,8.347800313405976,7.028278597041748,-3.084058033109727,-0.04771571729872903,0.5624878950162895,-2.4327918927631913,3.1372537339153794,2.181641704576734,1.0273514597627127,-0.12183797141976438,4.570369235077791,0.6760298658005581,-1.0491258771646095,1.499698714208865,-2.8637253147310275,7
-2.2756555606620736,0.39264988670523415,-1.2228429645515462,0.010841537820745373,2.0441014600379503,-1.2262720842313684,-22.156387922278505,29.32849376861418,5.47432837356007,6.719520208850817,6.6836174332974,-4.965079165082557,-0.4525121968129895,0.6366050912158698,-2.864889452903526,-3.6183128449454145,3.0804210014517395,-0.1688493088935843,2.2420534594199424,3.622041674307752,1.3547227413131395,1.1065303347833693,3.309201233842316,-4.7221923546419475,7
-0.07271857987512931,0.8268977891999842,1.374003908459997,-2.2298551889826044,3.2842323884572124,0.3976154608408251,-15.353796786355852,11.53780870532529,-4.260866272800627,18.920380956796677,13.597173365251734,0.030714735489141276,-4.198682381884851,1.1529500401700545,0.006592453624875816,0.9477175116214624,2.9545922337874373,-2.2121700478112416,-2.5630128105334107,5.254052805490801,2.0195877077962905,5.026843593647074,2.753549113795824,-0.6305693823347269,8
1.4940653562240982,2.951467892344752,1.9359791994402826,-1.002162575424066,3.4216076806526985,-2.2280288605145415,-15.510991524182932,12.969393583961988,-0.09824580431575214,18.569881196932727,13.919977936204987,1.0589473893529089,-0.2802192885457657,2.576932337627241,-1.8711529684622406,1.1768581946186742,3.3424192413745857,0.023647867470913297,-2.321655288490243,8.25771831184511,2.3097737794079194,3.682952227396152,5.555223762443237,-1.871445427389176,8
-0.5337154855860149,3.059658029681449,0.20451850387144077,-1.9651494757881878,2.5017883778564283,0.015671455211247576,-14.216647658240296,11.137492206279774,-4.675009057506145,19.939837121126516,12.680204901371297,-0.926772648737483,-1.087504386798571,3.2116839362788454,-4.0717137186036325,0.20586270845845434,3.296534785344207,-2.8004189574637053,-3.632967624948051,5.241158555665351,-3.2468184869683228,1.1447619633739476,5.003684934279573,-1.2873592258637814,8
-0.1890543908859854,0.5685719428213627,-1.9272687988275834,0.8665251535268226,0.4760386120546798,-0.8386611018801204,-15.080403132935013,13.37595192197196,-2.6419866628511954,18.231466108020243,14.559889183907188,0.8000800858584967,-2.4446987608485244,2.071140384380726,-1.595202559940958,0.30102128801294725,2.7459480055038057,1.6587303229290455,-3.011655368096161,5.634687268701796,-1.633410692585528,-0.055102304119864165,1.283549603665083,0.7625145059306533,8
1.0306253181558702,1.8277575131110169,2.8750594852505174,-1.4165972759541035,0.254639921023994,1.295977536853627,-17.07343504206638,12.801610135039311,-3.446605947088301,15.249654605296016,12.759344037776316,-1.2979848235112854,-1.680987047290671,2.3475216362034956,2.2868645102390133,-0.23449940539062197,1.9826450272643683,1.8540786707267216,-1.5696190824098744,4.87342010981375,-1.4660881971811364,0.24639093636172493,3.7662186952134142,4.225851985603981,8
2.089045601270584,1.8059022701358618,2.6017445802996235,-0.09904115882294207,-0.6211977243556532,-5.268901094323951,-13.02777834762823,11.32848686943197,-4.42600083736869,18.231872937716147,15.370294490485946,-1.6963484737339627,-2.1334272521699518,-1.0396289168137116,0.8681532855147225,0.6099797610458992,2.947938276334199,0.11650291532686197,-1.291338598218979,3.5942798894133148,-1.4404664118835058,0.33014657581338724,3.359658152964382,0.47189906166096307,8
2.078048474617958,0.7853591908890909,3.4806057305665945,0.6141715405493713,4.896628117763811,-1.582620250856678,-15.342665689606568,11.24174505863769,-1.3680329600884988,17.160152945609283,13.724231768991842,1.5197308101055,-2.9316204872652065,1.1415482587167816,-0.7233515597376936,0.7769476725719926,3.784545250525994,1.3740288538874097,-4.452334141168139,4.655409463735893,-0.3386584732257347,2.7424996384431024,4.037712520651208,-0.26460979368397375,8
-0.7579703457520282,1.0226443261237375,-4.282227145785669,-0.5710322291862653,2.5506577637267753,-1.0620522593497412,-15.210991930249685,11.191925816600389,-0.6643805721502076,16.816577234121638,13.678758133417546,2.8230240020066617,-0.9107617502344851,1.0151672968800511,-2.3588778595379836,-1.0796572634322388,2.0483442291675544,-0.5935087835383683,-3.3481711424616254,4.091113338556937,-1.4715676352379319,0.5907800881334113,4.939748631714767,-1.3169286877380841,8
-1.1810878530651792,1.032961010682655,0.8650349165287707,-1.519900475825743,4.3502506371404195,-0.787853256017911,-15.429679065419636,11.074914517639712,-2.0990822621336065,14.435583433332638,13.28250834331223,1.188598682524912,-0.9961453769047921,0.9156649543452318,-3.882271364513599,1.0293013891158935,1.3214233754707578,1.440820315814733,-2.678940423503729,6.1947771809437455,-0.2195078229942169,1.9391511426015313,2.056219049755857,-0.22213310856142243,8
0.626509974414688,0.6297937909596829,2.2127972738004473,-2.716506890068324,1.2049984818537212,-0.2703450038438291,-15.885380790719184,11.069212149365143,-0.920176757811987,19.136487554558983,13.873690668856653,-1.4412105563749833,-0.42601201923105236,-1.1565068877896962,-0.8569469668007628,-0.006037997422794206,2.326898090897785,1.5584233796139415,-0.879890610651731,6.0128767077417535,-0.7004472893756883,2.8763457268913637,3.7344546638938176,-3.2356210771788483,8
1.1583666390118879,2.929884023437703,0.006101164805443204,-0.18252533552772832,1.9419694092345594,-1.7116170041178407,-14.678050511606232,10.966178867805837,-1.596241724626509,18.84721205981519,13.698711561660105,4.613392101996112,-4.509541074727224,3.0971130804002414,-0.7445990023369973,-0.6231416880060436,3.510745047038654,-0.6854913600726036,-2.104596436916979,7.339255853713567,-0.7271699997564269,0.9855312799199254,3.7717839415192707,-1.015144334611307,8
-0.7881051837354391,0.49526883322514514,3.9284797186534206,-1.2370044425861622,0.12065903966529845,-1.1384768088494752,-15.244928236611925,11.73749344907705,-1.3029958860642523,17.610560748829727,12.305952043489867,0.045169545169812864,-1.3152881560868082,1.6617282558114042,-1.5181201287864496,2.441744645062542,2.907350373833566,0.8192843509179966,-3.154053529736155,6.0423339174022175,1.6301934085350354,3.3948979756174307,2.3387075904743213,2.919496126891886,8
-0.4149351751408119,1.2646805618338135,2.0091162739065,0.2790133262391947,3.8801598936051676,-1.300322600351194,-15.380131632645304,12.699798467989666,-1.0031747384044252,17.869158051158678,12.051833316578268,0.5716520918769561,-2.3101734514196153,2.6067963148437343,-2.8356537340253567,-1.0311961226658326,2.6759023755105176,-1.75970743115397,-2.2297548898507094,5.867764698563832,-3.3245630805238875,1.154942967857183,3.7907888513280845,0.43028567877775004,8
0.31741671656237713,1.0225085019720268,3.326210785050762,-1.9749224712666091,0.17780657406592582,-0.583526471029586,-17.098819690419646,12.0483539646888,-1.1974317997024855,19.465943024303215,15.232510055610732,0.2900178189520375,0.9112325306885225,0.6756651435265937,1.5122434529444035,0.3379441916348398,0.8525537769439779,-4.398931605273731,-2.834506014168002,5.081520793794155,-1.5707675775720986,1.079739386331994,4.820698575567942,-2.466047406364396,8
-2.5525401362771447,0.6509702029465716,0.35256736734709193,-0.461755227205515,4.667626862814728,0.8927917778746064,-16.127960137803193,11.012606170792083,-1.9602233875666002,16.786984538842276,12.979933502058856,-1.0986929694122978,-3.031258819442286,1.941366941495268,1.6059815773257355,0.1440983063709922,2.668436602148148,-0.6465082057757172,-4.643329620445497,5.449123291430084,1.0905688879786908,-0.44184439718668944,5.235812361255565,-0.14591185308199783,8
0.12710027551409553,1.3906534715669938,1.0262287089495885,0.21643320723996595,1.4593907760685454,-0.008416193482560175,-14.87705468488504,10.411520822101835,-5.235876021855006,18.410787435057102,12.260474154787062,-1.39106655759457,0.30688378961457374,1.2996927236842666,-1.0726586035813739,-1.182281526591538,4.759884541093115,0.6804351425521986,-2.6834200460209656,5.64948237009196,-3.7093502473438207,1.60331413355134,5.413233049038919,-2.73017069296111,8
0.8118027111758863,3.5118299107400883,0.3280403207638187,0.9296473392813809,3.6962214882963735,4.1491624120657775,-14.790448582377463,11.7836471985689,0.7867505114807045,18.2822347988631,13.84708235106288,-2.24890004706009,-2.0407184263206375,1.8504167117987151,-4.494614026375473,1.2790757661706493,1.5561288974124778,0.3370413282581808,-0.921021763154283,6.0591678484750275,-0.5114446645877706,2.800463409637455,4.079386571029797,2.2090392027985786,8
-0.8725401694183859,2.53621896604394,1.5684760841617162,0.14530330219520238,0.9397534740323579,-0.5887826474559574,-15.660720156371964,11.765185541351201,-0.8468088544607326,19.277527465889534,13.235001104708402,0.33534896091157407,-0.2708549075582596,0.3247611776499397,-1.9022492758629141,-1.3297032331234533,3.896536325031974,1.6331069358037666,-4.15667805785293,6.2688974461622,-2.5021990535955183,1.9308705198042162,2.6418297078750292,-0.7871578927013161,8
-2.7994638125046833,1.5725539046369743,-1.421591148410414,-0.8072310963627203,2.257852317291878,0.6634838281697171,-13.490403032993386,11.577991159015909,-0.9092196216146249,18.897031115432853,13.014546580594839,0.7479666676246097,-0.25212205816100663,2.9536288249849605,0.2766253518502708,1.7570383670857908,2.4646796259126376,2.6683390516744794,-2.559890669803283,6.356044540060239,-1.6715112398582619,2.577295959079989,4.160156153924934,0.8109176494897383,8
2.33297869293051,1.4619205974000824,1.6481950407422232,0.39697788179830695,4.298937055630574,-4.286454639555075,-13.993887570584073,9.075231348097844,0.7030865020067267,13.4377094176281,12.934729733013711,-2.4817045931573603,-2.3549678982698765,-0.8532493020311591,2.101152067021019,1.2284423089350298,3.9540929399724973,2.158713006619962,-0.6902524799545393,2.1856377462673464,-1.1831326926385373,1.5643548195480923,3.2157667623321977,-0.7569367079232734,8
-0.055208767300030104,-0.17844166316812426,0.47346268404510283,-0.3365963631885336,1.569345637670665,2.256747065894217,-17.074113618022288,12.270435931865705,-1.7004858497855935,20.616532793761564,14.17504425463062,-1.060147776883639,-0.7192230732778171,3.2013668130728803,-0.13334516899783466,0.28893946513863256,2.5406986299404224,0.27505938140791386,-3.232515091624208,7.273555346873209,-1.9154842529291614,2.080191840875221,6.352328270856152,-1.513157709319671,8
0.5318977906927671,1.766671471755453,3.509730933832941,-1.4009857534003771,0.6686664213289362,2.374347146979858,-16.049226959409857,11.04966486728,-1.3100000983184827,17.629157318598715,13.084187334845751,1.8055311329013648,-1.7184543617216832,2.8621356896448873,-0.3567420709526914,1.1296178916136341,1.324137541205772,0.483552492444403,-1.9851395226474307,6.9785782847686875,-1.8694935170164513,2.557205477103949,6.338888961205196,-0.4568980707362016,8
1.5197255025317133,2.165495251388057,0.17013372719941344,2.5640352712777386,1.2347276293720881,2.818930318289233,-16.05221348676217,10.030071394561872,-2.110685542455599,18.402098794031104,13.565677429475073,0.2998748033623997,-0.9900391823611869,1.8315472306472529,-3.7359759499384495,-1.3363543735694918,0.026534393172596538,-3.6473143669571755,-2.9585784079295046,5.077039922654009,-0.7718408849373759,1.626798215363376,3.538300700364669,0.5135070314714767,8
0.387868064638468,-0.14694841051747787,2.573280158548357,-0.49352049441798584,0.11210405113220645,-1.9393812614884496,-17.083073003734505,9.657854211038824,-3.9888678492200143,17.371510383364466,13.202828175816308,-0.34663092013346386,-1.0614402899421407,0.058425087009695176,-3.435945404742654,-0.17463521275593763,2.894998715500094,0.38391224083596853,-2.487537678041077,4.798622920524124,0.22594552736637752,0.6086985977289459,3.2947712830764218,3.448388402326657,8
0.45641848520105555,1.3416487943187771,-1.1778308193839848,0.07702284827591654,0.11604371857066553,-3.4189755516909486,-17.652665517168458,13.373781638857224,1.5440666934748606,17.991736115399704,13.598667925666064,2.6815530713117255,-1.3383653415320396,0.5843071727494547,-2.818135180442596,-1.064997188516415,3.2659939807185765,-0.7774813657729283,-3.585999304410034,6.050885702280098,-0.6058397868570182,0.5416397595599847,4.862644083946609,2.283282007830735,8
-1.3852563609129902,0.8905629711647567,-1.322381015138376,-0.25161994595772796,2.582558533819224,-2.6097525596095466,-17.454203740331494,12.08120546090629,-1.9199286954710146,17.025627435951918,14.009435079582886,-1.6288918943097883,-1.9000813573779851,0.7014569503992121,-0.7879593439571408,-0.8837754207283979,3.9193416140458623,-0.5790624248792255,-2.776949404567624,6.064597160374078,0.7596553822518217,2.2491964092654007,4.382509180371105,-0.48186059349313837,8
-0.2888259095069543,2.2492509038934063,1.3387471575850327,-0.5380458480352388,3.4867651541175917,-0.22764022399019268,-15.484792497945685,12.810160746164172,-2.351373648940694,18.12924789090411,11.845770495660389,1.9255384018847508,-2.625922013088882,1.975032069486815,-3.8728557112330577,2.5814282330128293,4.737894202599307,-1.5280060195571536,-1.9183521010519733,6.619664107102807,-1.3049019996327047,1.5574316407523146,6.6964452809813615,-5.18410834430631,8
-0.03620509856239096,1.870110504301449,-0.5869596902833223,-0.14315800842016557,1.581290121086795,2.3682195763227014,-13.876330870244386,13.08613610729347,-1.5745669530802502,17.13476859673564,12.742239335694137,-0.5787679736101268,-0.10429000757858375,1.4547153577848562,-0.6753895816020759,0.45319254810446097,1.5978029149950146,1.6567613729768027,-4.084732328769865,2.3196187864279523,2.0351404598465592,0.0358479051331102,4.135856996665776,-0.1975955120098547,8
0.25021873563849795,1.0101556819682926,-1.540509837430534,-1.4434754740858224,2.2430547717337106,-0.4718307818238827,-16.289226740884665,11.5811136734213,0.13192928649129954,18.238524012570096,13.472556754409709,-0.8880083372361014,-0.635875286672217,1.4521356385520932,-0.6865563915126245,-0.15834579951091143,1.3654061652137415,0.8985661190263272,-1.4223340158581212,4.901926807386488,0.35558892187111724,2.337160219841971,4.274725844681061,1.230097187854085,8
-1.6731391024354707,0.5187556552757657,-0.09988925460828568,-0.15515283755486564,1.4984652204553015,-1.8933435169059294,-5.381383901574537,3.7914459037949655,-1.370689551443661,23.935786380888857,29.878715426759868,7.72527915547289,-3.408390581364273,0.14353609621910834,-0.22971501000813532,0.27444763701416264,-0.9019771434385575,-1.623537028178248,2.2938272891632714,5.400151411376029,1.7131166892769443,2.4423502615156467,6.201217935035746,-4.810015556507494,9
0.8588052622244504,1.4023303494820416,0.3227955797295863,-1.5883662121803752,1.985798147071705,-0.6596940343514461,-3.5056370541887887,3.4780046781648934,-1.2151991491529657,25.983526927067913,28.09147307244882,11.594435633042963,1.770750253530423,1.3846672185147781,-2.266462068168778,-1.3842405345106528,-0.9041496014485801,-2.726229424247208,-2.045448885316234,4.910242262620372,1.6493869551582634,1.6256987797750249,8.835380100819958,-1.212866146863803,9
0.24564091802375287,1.479570014345179,-0.8081409591738407,1.3235342037148499,2.5081488208335543,0.06389718586558502,-4.764008353828885,5.973845077031001,-1.192865142683786,21.362030807633403,28.425544277553456,5.44697566216297,0.4716577441182892,2.4132197200724264,-4.002502527020624,-2.1129274100740574,-0.6649614960682158,0.7206857871498187,-0.9186163015403412,5.263728039771891,0.23110772677523528,3.155020050713408,5.684023242346374,-1.1202364043493276,9
1.2600737992366362,1.112782874159163,2.370046263544282,0.10548052923272877,1.3423552699020718,0.046595928486112825,-2.4945964270415075,4.814565261495261,-1.8192079161212291,25.557688170075096,30.874414312440166,6.347957444411691,-1.866850081638205,0.018785214937729222,-1.0376266299971348,-1.438674351964167,-0.5174068723651288,0.57591453918252,-0.39205517320233996,5.362821791981318,-0.9523896650075585,-0.24095291826842935,4.516195330624196,-3.5266535191594244,9
-0.883635809851171,1.3025566477667878,-1.483991640116301,0.20837667156229145,2.098735542676735,-2.9211301998633417,-7.236904604385394,7.64447708640779,2.2787997693372404,26.013660864023294,30.97948231554662,8.440984661120183,-0.6591132818025756,1.6533101964062453,1.2998076398346257,-0.12627614051518066,-0.23844701637496257,-1.6574914655722068,-1.157123100478731,4.524313986938097,0.6535719231658845,2.265336752317631,3.160221782252858,-1.8998846595723649,9
-0.5938190285525593,0.8721041615818583,3.187588319804888,0.6272899544141239,1.5903680370206246,1.1308896771604964,-5.264506075160039,5.683344632938088,0.9490099180752054,25.250763403638132,30.231244229277678,5.9049078297341,-2.6836350810196166,1.253672078266483,-1.063251370390617,-3.9111635354850165,0.8976158473503943,-1.537683292716224,0.8302072775671441,6.843273916115237,-0.7627299042432583,4.335608509926808,5.389452856314211,0.2746155978248339,9
-0.49105569637546864,2.1342762577134797,1.6225836689812354,0.25928029912191164,0.7115449853953635,-0.8662142737197769,-3.9455920224643215,4.969591189008696,0.06641515616206561,27.90026664029658,28.839571261168402,4.229088964402479,-2.3677552937643895,2.178514129086409,-3.4966077184887467,2.7457142980928566,1.6413721994254757,-0.49019111957738914,-0.2432769601609388,5.124315499008148,-1.1464262540647496,0.9299973472232868,6.948909225015161,-2.7018782169111546,9
2.5098962863557404,1.9500680406795068,0.8939629585651119,-2.9493614988025882,2.2920423611598153,0.6558780777190236,-3.1638271729698317,5.216239226604131,1.0120837313971265,27.010038862478922,30.40934701082375,7.979763361452456,-2.16440933821346,2.535526795814569,1.1730090359654923,-0.36736256698686987,3.637798038672699,-0.26111438540567633,-1.8769874415964136,4.6806957510695355,-1.0717477242994278,-1.2681475664673876,6.863389087418167,-4.027731493919077,9
-0.693458796850905,2.2588915813109702,1.2248717416622412,0.4476978977944839,4.624306483756044,1.0075951540853794,-3.0954109585490457,6.795245563213342,-0.7279151473235288,26.725787579497833,31.664326733895365,4.495177141146996,-2.592282229876872,2.944260698827776,2.4057785075611946,1.2825017609746396,0.38245740726536326,-3.062397256013355,-0.2003809506715155,4.6997002483386865,1.8845993519784656,2.2866489679587056,9.299904919689158,-5.1531996418528365,9
-0.8741343483214905,1.474547601186333,-1.5337119278708542,1.020005184121736,2.0886931052916395,0.7940641018282122,-4.537447291676312,4.322076700753939,1.7424618124297808,25.888502279635702,30.209528832068628,1.895590882176748,1.6187160152933586,2.829960610506312,-3.7911706736286988,-0.18342573934020834,2.210557364899799,-3.3390070651638553,2.4204789064141026,5.650604265998581,0.7352634752373888,0.5474633639775899,5.601896177852932,-1.8933116703631754,9
-2.5493854486114174,1.6007919312688772,1.2047292563327119,0.7725384054744211,1.0803677442728201,-1.282754994387517,-5.068623510943322,4.988998863530583,2.761923741958185,28.082032225112812,26.807988509095964,8.010637373842883,-2.4452679261084995,1.5983328311972826,-2.074176359564433,-0.9161855481869452,-1.2098486279792695,-3.922209113072938,-0.9325982007683717,6.703861168218609,3.3398782025511764,2.8197258821731497,5.5655161160085775,-1.7303753380402327,9
0.2744196708297011,0.4704299919292536,0.3793003531758927,1.5813175497615433,2.4603729723067715,0.7434720055771322,-4.7812481669646445,5.555468537619419,1.7976476741467309,27.76139862771727,26.979707054724912,8.720438570463386,-0.9899273499366075,2.6167038988485416,-0.5893221645436029,0.5745835576121223,1.0658075620902991,0.7953670786869225,-2.4670779103785225,5.182413421216779,0.514287321479685,-1.3058849927505216,6.594746867287835,-3.7986504237656504,9
0.0743263091348183,0.37608589360941735,-0.7912834356656617,0.34208668179742574,1.609645052119788,-1.7268981049821832,-5.723329457852682,5.596061777244017,4.04988736058624,27.06270846012191,29.915904658390758,7.461588638513433,-1.8158106197860207,1.7551195746375186,-1.369203955188027,2.0466200211468006,2.156938187267045,-1.359638163155978,1.6659992235909864,6.215990020614058,-0.6924315168970452,2.6528933820163756,4.040945726869399,-2.397240180243614,9
0.23274407903724637,-0.182782822919636,1.930942254114484,1.7932181762418509,1.1825861512607787,-1.4700061863682095,-7.09749274284489,7.52583050095194,-2.689538229549214,25.30112566524201,29.28007039341975,4.9375734587110856,-1.6416480856505302,2.070188084529086,-4.107627381199052,1.0446743149562252,1.794087787472975,0.06344602338072036,-3.895810957614675,7.225401123875599,0.5828344141073103,1.9419884292270462,6.081624016981937,-0.1408417902461565,9
-0.5218733410039533,1.0373077687181658,-0.0573999481886176,1.527697529788405,2.1858898655123653,-1.8103443211338686,-6.7271759223981675,7.723886379327922,-0.37509559928190583,25.1091799825265,29.03735301988678,4.094399536685842,0.6169019593111216,2.4217715567335034,2.02778734302143,0.13856541732847916,-0.8176764212904715,-0.1384712814393083,-0.6609692169978103,7.88594489188236,-4.497201649108604,2.0310381344023005,7.90130824842505,-2.4209003066665105,9
-0.24454026525182826,0.8792988299331137,3.8216078797772752,1.964937526236767,1.3488760201981052,-0.42054042350059717,-5.420207417263747,7.476965105841799,-2.6275636290118314,27.39501720949775,29.996408096244267,5.321272542686529,-0.09155407493923917,2.489645094651536,-0.7851154890097973,-0.09125394346497728,2.909787859334287,-1.7687424819042121,-0.19481535205096767,5.592371596945,1.8898548655796503,0.8273729617261383,7.045425760847497,-5.229408911242729,9
0.25364634159114985,2.2565838924986457,1.7456693468747062,0.4952081605384109,2.647700057775893,-3.526021767179941,-5.319890713242966,4.041894526002295,0.4334672188741706,25.69940635874498,30.478171081542797,6.258166444252652,-1.582053635265197,1.7419519680938933,-1.658934058279442,-2.0184480779312324,0.9863953416920737,0.9042095814706954,-0.010335718227727053,5.216892878329759,1.0477773117140146,2.0151558385737003,3.4784118623691036,-4.546988582834899,9
-0.7763967365250153,1.1662671079549485,-1.247906385326246,-1.0715784786449518,1.9019084456081998,-1.383942970516955,-5.533827103407718,5.528451422367368,0.8162870928048278,26.67352505665798,30.2442772650393,4.1151993236979365,-0.6204237314632337,1.0700062253098395,-0.3992233925378059,-0.498628540384388,-1.5903465284803673,-3.605319746336079,-3.406444478646144,5.565764238866919,-0.9690387299821168,1.3259701727224327,5.564293828317016,-4.7309599498898365,9
0.23898705032809175,1.1927376562740113,0.20760180277466134,0.21502749785679498,1.5909138321678427,1.0027727967694773,-4.779890742975162,5.188276121665638,-1.597795071010239,25.118410673046768,27.205181319983097,5.830675049933461,0.5700731361352211,2.427201334681534,-4.1260284037174415,1.0649002782898407,0.5270276327695456,-3.4675563009263897,-0.29363891950721777,2.9094725015909404,1.5777775823676734,2.3425764334709074,5.975334986242306,-1.7559938368294752,9
0.24699549803557375,1.6058146296669653,1.0008301317039354,-0.510538071576363,-0.7045626066047816,-2.1922793233874245,-4.777311518487926,3.967639154908568,0.41792181313672927,26.300085036541233,31.0374446002389,2.7521165346177554,-0.08368342583449362,0.4803235314831724,-0.35323417559953896,-0.0844670205095639,0.40309208175190747,-1.8217404956379255,1.3945060011040673,5.742233059568278,-1.8781209269383794,0.3599973622242354,5.839588417881831,-2.2121823321720626,9
-0.6538192108294822,4.30961561603032,-2.8045900939659987,0.7493258863077301,1.8300975739488479,-1.6554991515831716,-5.68233430448597,6.003025695248084,-0.9329013053233552,28.448684221017658,29.52699529863571,9.053539565143126,-1.4982959879191355,0.6973818496083481,-2.888867825468708,-0.5413895015803902,1.7499684902555117,-3.3598166288481366,1.6624697237624404,5.5859891285617636,0.647876845968824,2.16719199192688,4.834248402694843,-1.1751929561556835,9
0.19758421111620805,1.5654977967922727,-0.9358222529202749,2.081679214132258,1.4048010563220998,-1.6657882428055473,-7.802424776159317,6.5690915983033165,1.9973799756084532,25.777733361637118,30.450069556602898,9.288534141023376,-1.6719172009776742,0.9542147871337647,2.5314935026562466,0.21146090926078642,0.4880685058871421,-1.360951440870906,0.45201727600497055,5.6773454388236075,-0.3470591693026108,2.708413783189962,5.241218336183099,-1.6594236811981204,9
1.7361372056501523,1.2741855074464121,-0.6057902771266868,0.7988738360512144,0.9159807084713805,1.8798841436745874,-5.129981270617531,7.003886788070162,-0.6889224372962985,27.698818550144622,28.959164457709363,4.764333812041059,-2.1566678986012278,1.2301881010997135,-1.0310513485173374,-0.9373617612399627,-0.12306137223036728,0.8785793451514223,-0.06178368574515769,4.780739656336337,1.1599081732984473,3.094612797085543,5.328095806933167,-0.8204076065816821,9
1.2775868707024642,1.3032352992398915,-1.1476001324540448,-1.6580039837177765,2.3001862737729937,0.45570809066623497,-3.595094373629678,8.828728207134787,-0.1068117035045475,27.809858760436967,28.29034234784831,6.996429797971473,-2.81924754809927,1.422676244123032,-0.5212119013577876,2.0388826896701175,-0.6610272555112431,-2.1504694122722867,-1.1108335042879118,6.1958996775357065,-4.2983409628193385,3.522893501570892,7.191216993271585,-3.4756216107530236,9
0.7457301508698322,2.3399322532507343,-0.722950822234111,1.223217466466501,0.06158736478326432,-2.2783460190711367,-5.613374743832766,6.0286793790097875,0.011009540264865336,24.90080942511257,30.08368906012467,9.200049790326943,-1.6360831707572743,1.9402781963090376,2.0312796586676996,-1.9465027286996701,-0.31365102155162106,1.1273710423816965,0.8090308320560111,5.160557187455993,-0.4460533872572796,0.46207879328836743,6.4957878463884065,-3.028194007838408,9
2.3820201081838945,4.021561190346282,-0.4908074443000032,-1.2291799585679826,3.286657969478739,1.869157173537019,-4.04699475224097,6.15302667567704,-0.8233957563714966,26.06307176429459,29.085273695725476,5.7391284743095525,-3.07038207013602,2.4700968942772548,-2.8104633617827517,0.37476375631607795,0.8008302113806423,-2.4594829515821175,1.3533747168779464,6.45327476812183,-2.204659371906189,0.4941150576302471,7.827191041868826,-0.6802490422169853,9
-2.1797468761601806,3.4844117972732436,0.12372168465918776,-0.6094979123767956,1.2732639977637064,0.22048671808772724,-4.404822712553072,5.926059810862483,-2.112024271554617,27.364340284045696,29.19631314653057,6.636602806402607,0.12496031223463433,0.17502902166452117,1.5131217549187568,-2.7121129014374503,-0.05478217836945021,-3.284030794307,2.0486688480479818,7.4349936893516855,2.014906814506787,1.4028028379759814,4.380040688044414,-3.4051053748491427,9
2.5128779918271107,3.995226291842086,0.840958509903146,-2.1382754189332474,1.5129907867289774,0.6944176638509703,-6.2576283019959575,7.208728298273229,-0.45284585446967185,26.921807158664578,27.72387152762417,3.587408553318255,-2.0270334936636516,1.218242450835021,-0.5109196893332637,-0.5719330576211519,-0.22772327060600617,-1.8913835145416442,0.9173566382486951,7.313772297164618,1.7959028972097144,0.7027574741214773,8.001082166335255,-5.695888817695959,9
-1.238074998950765,2.0715610917423897,1.5003847960050507,-2.0556052951727253,-0.09234669625854508,-1.1725963140283397,-5.524325061906019,5.055650414099773,3.7500719297940464,28.282937720320575,29.255775487563,4.690972757883856,-2.147031110254602,0.3563865132742592,0.016442481684521226,-0.4277700795308448,-0.2072248343211669,0.23646431404279156,-0.14228140778293463,6.177166607196696,-2.704421831915795,1.3459250878985802,4.738683877211418,-1.787531558213118,9
-0.5305609498177262,1.7362670304095795,2.5791984714151113,-0.3107196304529154,1.9967923186285645,-1.443723370995997,-4.660298066208304,6.586873693957784,1.4794341483142261,28.677414925899143,27.788078040213435,5.7128442228159315,0.6808414361873645,1.410865713542485,-0.18416052356514,-2.5052364176755617,1.576485082704167,-3.5711503050094393,-2.966489729559277,4.8685685833548575,2.1347027250960764,1.459816487614404,6.409995522374022,-5.989801044170065,9
-0.8540379622223497,2.5970298678781374,0.08811282344333904,1.126156801619139,2.065087287687277,0.563177935009719,-1.5689321928406823,1.6295384044496188,-0.8729173715818774,0.6148588599863842,0.04916421838973406,-6.301057693746998,1.1455313631171862,1.4019252594672764,-2.6208878307851933,2.5969957540325197,0.299330915979354,-0.7745295640232257,2.0630563561843833,2.814557134809718,1.0582121322060516,-3.432678395877044,-2.188742430784533,-1.5798787064876478,9
-4.018411657549507,-1.5141449185971148,-1.938851484065026,2.4389921126559386,-0.9876608646448233,-4.064664702125867,-1.4050833675850836,0.1902918546509227,-4.934018538116334,-6.9883412490775285,-10.811277324694203,-0.5919069940206327,-1.2875955528848522,1.8148723906781186,-2.3026832612321755,0.3217765763916205,0.8981090466254926,2.4305020497876626,-2.8811268691342464,2.8785601491800605,-2.154350619661386,-37.26239615932653,34.57806526211726,3.910509899295448,;
-1.0923945660486538,0.3576649609820528,-2.8126707713953465,-1.846256611819797,-1.7923663713968097,0.8730094552023502,-1.2538615813277154,-1.874007356808022,-2.4509363234847115,-4.853861501978471,-12.997883629156348,-2.520458439200638,-0.08637328935881783,-0.12033175189669976,1.6034807648124456,-1.4676351427450385,2.757704049365202,0.7478835918725508,-2.359995602217743,3.0367069754624083,-1.8311054218301024,-33.721853655607084,32.77399078914614,4.590291244300374,;
0.288289229310692,0.13924889155428488,0.540503526230907,0.8287654616411402,-2.2150807014572536,-1.910533699138739,-1.379291687149836,1.1050899663723328,-2.775514103815567,-5.2249937441726075,-10.246298275494865,-0.8314949487188414,-3.412843698078973,1.6066369322350482,-0.23439944830795412,0.05666363304440125,0.11173054690830497,-0.3738549489839329,-1.4270091543149124,2.3959813710210085,-2.8148789631727027,-33.433255495748,35.70191044796239,6.530459861514487,;
-2.5379587463106645,0.8831401583382679,-1.1403549097666996,-0.7334061878602114,0.659217918982506,-5.5488546357991595,-0.8382054984494278,-0.270298145415353,-2.629432726553091,-5.095083313954845,-13.303175763851272,-1.2009578448673892,-1.4594514690418805,0.5532434638529153,-0.7766610742623925,-0.5402141805106027,2.9002369779700814,2.076370328739813,-2.155153997779979,0.02788154042809765,-0.9439173915699257,-33.88244138584219,34.06440009822266,8.113419922980427,;
-0.8943406623394878,0.787981896387528,-0.805938345101481,0.37795124299055516,-1.1925022643770262,-4.02720728864665,1.41708871706793,-0.9555446501169911,-0.5902882295490599,-3.8486580512274884,-11.036754862651975,-1.1742411827668207,-1.0256019651665724,2.3277227973766372,1.7640124500676961,0.9216400861782432,-0.4913931619633871,-2.434025615432631,-3.213977540730905,1.2261157256943847,-0.3696852193590985,-33.44180759477741,35.7000088714326,7.4450183204899645,;
-1.7553794917459697,-1.7174931491575567,-1.394398723618849,-1.6571621581203502,-0.08385895438252078,-0.311363142056166,-1.8487033347393371,0.7795673839168558,-0.061604550736547026,-4.339653397918227,-12.176891360460274,-0.8945709162226763,-3.4583194878352117,2.5279497839466956,1.7800022248838445,0.9694239645564409,2.575939227488419,0.7577389192198893,-1.7382761130014757,1.2462088926843649,-3.38166233310875,-33.438956957816174,34.472045455794785,6.4868794343015,;
-2.1723945190985603,0.8375293973431024,2.158295771396695,0.10510172420167407,-0.5505541961811389,0.3743392483125376,0.1744641386351251,-0.057855079340498605,-1.6826762894154967,-3.8136360509535194,-11.580283382364428,-1.808475498112557,1.893901473791658,2.1454159329100264,5.107774298068591,-0.7050102450686708,2.109377496641855,-2.7566302479181672,-3.9087287190322053,2.8287433305975185,-1.7625567273748857,-33.74900274384956,34.31281578367785,4.0977542420821464,;
-0.5109861646284628,0.46069679174813594,0.9929693465433616,-2.0181126039255517,0.03342364722860225,-2.972045012460626,0.6828351508783381,-0.79305566958638,-1.3042285487657637,-5.9075268046521,-12.769555528459904,-0.19134859138523552,-1.5015306109262383,2.5818402020899853,3.8191578242104356,-1.3890371237363084,1.6851691101904578,1.7454506366441933,-2.663389246635859,2.2788327084366244,-4.439667466690139,-35.77135537674328,37.989785178965846,6.286918458136711,;
-0.6396751322339753,1.2078461798154656,-0.9559524853729613,-3.1496959912054976,-1.8299660161224836,-3.7648431678180145,-1.1596535211969012,0.9890255684827309,-1.2015246637261043,-5.907526849530889,-12.824534630132916,0.07714746369987324,-1.101485317869134,2.9683113281803344,-1.49192160324111,0.40648215011656674,2.4889254788361654,3.6310838998653594,-3.010900582640972,0.4527701995989446,2.283334087635069,-36.09619673107888,37.202725678111904,8.24526527812219,;
-0.12221235263223207,1.526714973113144,-1.2378085838069524,-2.4890174659971436,0.3974975119194539,-4.016911928202319,-1.4349474384428973,1.2449048420484417,2.6950022425592692,-8.304811399571996,-11.714537471996067,0.6106495228768836,-1.4333833952341024,3.4070444834438263,-0.6220372054841619,1.0231799569107523,2.1966632798140466,-0.5825680075246851,-5.3658328568282965,3.8348954603102072,-2.5347679454708327,-34.06420591082849,34.66915065637674,5.577347510429149,;
-1.203434251604392,0.6519638367993998,-2.078350150681615,-1.5691984428302987,0.7341479218768541,-4.284763413372673,-0.8053547280600952,0.13979280249097314,0.13572094947556934,-6.992956825636043,-12.369917513886605,-1.16679475561574,-1.8536564018976946,2.4204381064851788,-2.6357853606206163,1.8529993867485075,2.011775135713634,4.726978912768345,-2.025923147842901,4.51213708689437,-3.694837254895333,-35.312667495204494,34.495800870248345,4.9886647816661025,;
-0.9031613609352007,-0.6305703115592589,-3.9587198083102635,0.9875889220086123,-1.553859829864166,-3.5913969130015175,-1.3054454574412624,0.06404991350098044,2.4184032871717704,-6.426622616452818,-12.017250401838226,2.8939873671041596,-1.990353913872724,0.9690355406887221,-1.9021187826988921,-0.9163683905278788,0.1335846817225388,-1.019260134044771,-3.4418960335346527,2.526300067055999,-6.523495387319031,-33.28461297475716,34.1822275801441,7.877996333472538,;
-1.5847473995160613,1.3851311265160309,-2.4399240457519795,0.8409829565539582,-2.533137524359205,-3.335815068447232,0.735640668687763,0.2520568229016078,-0.8653455363134412,-5.52160029650377,-11.547296338388179,2.298082052792438,-1.0421619630013197,0.6118855759289232,1.0448078348156287,1.8768891821122509,1.493494885475016,2.0991443959237586,-2.860086069877883,0.5143974106734248,-0.034167094403301235,-36.86778094499164,38.21702310304971,3.6755168423896976,;
-2.0248342268589,0.7415565223262526,-2.091928429236077,-0.8544922704913063,-1.1999659664105877,-3.5129886656881126,0.399396304234104,0.611786738192535,-1.7328262536229317,-7.024857751078159,-12.690010577310176,3.3173264375581084,0.2396911112925295,0.2475417825691082,-0.39383849379544245,-1.1351919503191255,0.1083370198385154,0.933599514923003,-4.286918705032441,-0.3625242922681906,-1.5039111389185678,-34.359861771556766,35.741275527678184,5.064444457456204,;
-0.5803523711471428,0.889927379478717,-3.5631971650958576,-1.0130443039286376,-0.4165755518576191,-5.322845152979596,-0.9123231227236364,-0.3902961072277833,-0.37324867766312764,-6.348703257979267,-13.56652788091506,-2.1726811131259183,-1.820532553556518,2.951207047268376,-1.7628348990733116,-0.11749968129162625,0.9369350837260271,3.674438745559655,-3.4151539917493987,1.051954358407471,-5.986717839197922,-35.551581265163826,37.813179263913526,8.40601174636845,;
-3.0419868594902653,-0.2198010276259197,0.6434338489384004,0.4325210190163915,-1.9081588038107498,-0.6683443763693617,-0.054947637721983966,-0.08405589770870847,-1.9329997481258943,-6.922775792877019,-11.82965108852514,-2.497024225709083,-1.1306692225946335,1.0058224443117254,1.7924825058333909,-0.9664585727330177,0.14661804889676944,0.25074705208538717,-3.9136155663081604,2.289555908755659,-2.7721666712998854,-33.08167206497015,35.65453320595607,7.2352170133985965,;
-1.6443360501806126,1.2812851789397044,-3.9900462541530146,0.807725262395877,-1.03001186153395,-1.8152671826387632,-0.5812370865248138,0.14386399931029814,2.427168267021898,-7.289427232975292,-11.525168429137779,-1.5883770906605719,-0.789407150890213,3.2509356065293673,0.25945074877205343,2.145396529391803,3.1191972523686786,-2.580105639426961,-1.6610362341549627,1.099466671766919,-1.1388359248260826,-35.32841431695754,36.34738623426645,7.302006763027464,;
0.6731286626613553,-1.070253417062533,-1.902271292155035,-1.137931685780039,-0.8049457723353726,-0.6611186147831631,-0.6719158068696007,-1.5263582321791773,-1.988842828672432,-4.576531322634544,-12.504310051137395,1.0896071142142318,-3.3630220533002557,0.49500807100191935,-0.7319788658171547,-1.3172277365292757,1.6229970567799796,-1.2599434350469778,-2.1597692586496495,3.8494202049568003,-5.929555846921971,-34.58941013953607,37.3474301015589,7.273543556455763,;
-3.5172312072481304,-0.5211583581898402,-4.508641484462714,-1.9397860739868378,-0.7549920320125807,-0.9508591849896106,1.2908443298080794,1.0646353953086418,0.40312563520808453,-5.678387105536089,-13.254578771531186,2.7634692090070985,-2.630127694384811,1.2813879688660847,-2.220987621738402,0.039151866515751976,1.2954395318356546,-1.3512720240245812,-1.7525295334752378,3.4249388933140494,-2.1007010487301727,-34.75488417332331,33.421231810211836,5.9087038938779415,;
-0.1611700433932981,0.3495202534964914,-1.195106372401085,-0.07232065344079075,-0.2335869889068647,-2.1330432162042143,-0.400015442584996,-1.0012936757639466,-1.3270104317638243,-5.713953216276508,-11.031189754434706,-1.019621318557597,-0.7051056278282886,1.8118865839756353,2.4558517734998873,-1.2689012770157504,0.5049888962967373,-1.453550292415855,-2.630402860225606,5.157748355365101,-1.9088503744159766,-34.75950044032478,34.341457500820496,3.887724370758633,;
0.12457656294154162,-1.420615356315846,1.1563452700798962,1.5203942586630674,0.7103945304211265,0.17789323432248239,-2.0853099073954073,0.44169577371556556,0.46707575871448626,-5.214269304508484,-12.703179920317808,-2.936566362613462,1.2459856172447132,1.5599404289971375,-0.3206839925493341,-1.605011249663164,0.7663002711509108,1.7233329873759544,-3.146511387101678,3.2947603019612757,-2.7905620045684145,-34.15244127571654,35.99077963084251,5.521288376476605,;
1.2077002455764045,-0.20812672877417882,-2.859534558601922,1.0219328693372063,-1.008835589793307,-0.20712277290670045,0.283875838266761,-2.5295242168723746,-2.8637690065128254,-4.25562657448603,-12.196977961337808,-2.1693943561530773,-0.010762261162199138,3.3826097490820928,2.6319338909171393,1.2502830564748422,2.3981089499635004,2.1440428787168457,-4.013117743352438,1.54919425059893,0.1701589172889726,-33.588957235719455,34.954896109671864,9.053180571267717,;
-2.6446557943080222,0.7183438465153156,-5.391231689452468,-0.2587001577524717,-2.47259367349929,-1.101972206633036,-1.1691558673565474,0.29766626860296697,0.1532431485971415,-4.994903695222966,-13.710555135183625,-0.9212864183790543,-1.6881815318114377,0.9165012422450332,-2.583448404579201,1.5027726590945463,1.2086979212697884,0.2334466508552282,-2.167642635947985,1.194623856626663,-0.6765085079443907,-33.802757945646704,38.00294986838803,6.297433959409318,;
-1.7024358987250707,1.1223257850284725,-1.2752597280642135,-0.9704185590787944,0.12478287806411004,-5.086541248718049,-0.3504679381772089,1.3484825240602447,0.28551660598185435,-3.875942512891889,-12.22996670380374,-1.6965706875480464,0.8395541826479018,2.2518406909235864,3.7120612859256426,-0.6351009533913299,1.2431785452313449,4.430011089619029,-2.325244448362441,3.20897015629437,-2.073329404835249,-36.03592538812385,38.91123250134527,7.298067316530705,;
0.3609110814431915,-1.2236472565577472,0.9947213869403981,0.25401444572338505,-0.6225043439911815,-5.366426215399997,-1.2006489352058232,-2.0226493245814368,-1.4509733864618966,-5.582278176147966,-13.038610469490578,-0.8312771001611168,-1.9534327950458419,2.338582715755223,-4.07442721516145,1.6545366648677557,-2.895465159696542,-0.12133858824796562,-3.594203766416656,-1.323203318047689,-1.7086775703559738,-33.67271253210728,35.96620781593866,6.4071606158095165,;
-0.6620760840509945,-0.8284888263115384,-3.495966305278955,1.2237889905557822,-1.1493360338862146,-4.386374078672475,0.20161338611100454,0.7001538792947883,0.9462510329032057,-2.820106616404196,-12.8905095880435,1.640847923037768,1.3043515763086475,2.2743746945481433,1.7000654197456129,-0.594784671144879,2.9520929990744236,-0.21398368621356667,-4.083977543961967,3.8112763600070707,0.9938339020440026,-34.671672360824964,34.0449882327121,4.903470833481322,;
-0.8340661256543171,0.6406968966954629,1.4079796313814654,-2.0213694957889317,-2.917977192460512,-1.9836808540719062,-1.7732282180786445,-1.5256792367791832,0.8794505675998607,-5.716259444154716,-13.432274177931475,-1.2370950209667626,-1.3569603647087831,0.672836998710892,-1.6686662420897846,0.17462751196943316,1.6596483988353725,-0.263478447684804,-2.4212173012905076,2.2082447631285476,-0.8103292479665924,-36.16502065766794,35.96457890223188,3.5646950330094,;
-1.7476416010104856,0.10368339962335327,-6.174395183027457,-0.9040397265681008,-0.5286999370871683,-0.20469931817331144,-0.8106489629961491,2.2281191107975644,-2.090672143443669,-6.617889162227534,-14.124173556090938,-0.5721911471952126,-1.1655542804150798,1.5209810708163403,0.5391214848173718,-0.4157346122362853,-0.695148605415568,5.4256081073473865,-5.442393912939492,4.656571391800611,-4.37637831802283,-36.65533706770028,38.13842705352948,5.598589650426675,;
-3.6026198465342247,-0.22142981014854257,-3.3301739419093224,0.4232908083539684,-1.2670266458506205,-1.1921944850726618,0.31414754663871314,1.4907453099588395,-1.4242490190181343,-7.254269274129008,-12.306392799895718,-0.7272538615086432,-0.6072312807111189,1.751206646811461,0.011756690116442314,-0.3291278624384404,2.1582459573186554,1.2058242104652663,-0.8674615633482317,1.4472489621263378,1.933798120528877,-31.24447760280242,35.009329994443576,3.5132307139960517,;
-0.8407157954569016,1.5907872178522418,-1.6182147520585204,-0.9402840214380532,1.137858514155397,-1.2294274769773779,0.48097993457153976,-0.5720642708484149,-2.0878273528080626,-7.014404572637872,-11.632002916707592,-1.4048532963396951,1.181910993066623,2.7357775392835464,3.4840763077546626,-0.8594902255374279,-0.13736419953896473,0.966889939528869,-4.100945839169357,2.6048954382160474,-2.6937665159778135,-33.572259617070976,35.956978230127106,8.669696574078046,;
-8.09460472334814,-1.8867529852012694,-6.349461792543991,1.9943782658641283,-8.220601383261368,-2.4424553493303733,1.6617258877581556,1.208049651132626,1.7477919402666657,-1.1680641886852783,0.4184327116397526,-1.934824132029803,-44.59433875064124,22.314208829025553,10.170748250694317,5.819199082387463,2.5891790288175685,-1.5737531683039947,-0.48070313861683256,-0.08275083985462572,-0.630055962885649,1.481576471871394,1.988134513475302,-1.2167885361058097,A
-9.233927465102624,-5.822183093137894,-3.6066468179964772,1.5766850681908622,-7.581237573960635,0.7696828861846825,-0.04393016128843641,2.295783766526114,1.0636123356198368,0.8351490223052593,1.0781652782315803,-0.7944684047780015,-44.87153477346894,22.518235288594305,11.299275337047163,6.556169043148223,3.6017113484517864,-2.1939729003900084,3.4441385467538135,-0.38790821389572727,0.9973743962772801,-0.08602526662791554,-1.34716018586996,0.7577550258728252,A
-8.35808890833826,-5.405848142267912,0.4569857569911733,3.2429750855734625,-7.470741639841037,1.2755806498123547,0.2262056301966897,1.839404184194393,1.1479305259744024,2.3723433632139574,-2.2762721433341255,-1.1030452527346597,-45.24022063131946,19.309864430837685,7.720960106207201,4.519832453317704,3.9161004072510224,-3.082473959805725,0.6666272244172964,-1.9584962282481229,0.3587507418125142,-0.7976090646458966,-0.3651690575094335,-1.0748779865795086,A
-10.553790362466344,-8.476708046740576,-0.555040764855562,3.0382708526887185,-5.771870679760781,-2.5070619183703116,-0.7382740665539558,1.7591799752762824,4.455995507150192,1.2034281022430875,0.4906543830419423,-4.88875233811541,-48.62926877010622,23.384299721006023,13.196288508489147,6.980782930192859,4.249221714762157,-1.122820738916971,0.25192125311588365,1.154308015435177,-2.851854434189761,1.6493593872650862,1.198360234118212,0.7546854270146355,A
-7.855420774434293,-3.04806521714867,-7.8562090495522625,5.199084383658132,-6.9367104251917056,-0.6899859110968691,1.151726066884942,-1.4456598364372155,-0.0993004111721234,-0.28815381715516253,0.24006281152747988,-2.7379062417141427,-45.48103844441596,21.775973030884536,12.779088276721268,6.965036232719555,2.9255567207165285,-2.2585851586797503,0.5308805215283248,-0.7829319361344176,-3.5596780917477417,0.20542256688964322,-0.6405992466162296,-0.8753619318478059,A
-9.310895876509363,-4.409196544198443,-1.3585688730639731,2.53953687303634,-7.246348594424262,0.7668394211995064,-0.20112482920816532,-2.732269275510305,0.7955562583962319,-0.7913674665769648,-0.7006613084615481,-2.0992915077721364,-45.16175935798799,21.995066588389044,12.70987899407487,5.696483578574018,4.4757850018671235,-4.400881196310593,-0.8305221518369867,1.3229051927939395,-2.135937238735778,0.9178208557976957,1.6024780461928998,-0.11432495282838318,A
-8.975056295127672,-4.3743097361051255,0.946466223531786,2.1519805121788167,-5.724492636840637,-0.9692066992844275,-1.2004912429460273,0.2701737187584854,-1.2252008868596818,-1.1455304784989835,0.8548603570856699,1.8414718293761325,-43.68347965734196,19.73773684609548,11.20554334379915,5.91096364120547,3.0982277392911044,-3.01917569729153,-1.8346398779299569,-0.6011666171387162,0.299176839009192,0.5378661200180401,0.40655057901931,0.8676908588673768,A
-10.872388810240125,-3.6502373212797172,-0.6141703814332686,0.47537357527093604,-5.723815643725175,-1.4589095160707188,2.087698854803495,2.010311818394399,0.9383479235900154,-0.1779285815484215,1.1750878497504118,-2.372170826078502,-42.76026650987217,20.782306301755803,11.775825823339915,6.101145735865757,1.1179559312364376,-2.8144144579850945,-0.6733275944690398,0.6724061889650272,-2.6952673323267504,0.8358298279829253,1.2343333868657353,-0.9033963457335403,A
-10.588135038212215,-4.511549554494725,-2.3066353842613125,4.455192535607495,-7.350604249980478,-3.6555258485261675,1.0382416106802204,-0.8677871933331858,0.13153162228729798,-0.6166612914762197,0.3574874648699051,-1.8389034898847285,-43.83687180352587,19.497600596846688,10.87987988336539,5.306484637713481,3.7889061864793945,-1.323871537842308,0.21336927488163138,0.7659363519316571,0.2612935603220876,0.01714209989509463,1.3259622650147094,1.9219875957787735,A
-9.825914543324814,-3.0510516744587832,-1.5799811658206409,2.224605422973589,-6.527026548636286,-2.6973761361923607,-0.7784551362840499,1.6261494748211192,-0.34326740358056895,-2.316073451805913,0.6569442105526946,-1.0509231625374014,-45.67691524343411,21.812624866606633,9.999917918486233,8.366485123785338,3.399991869344049,-0.5755238230427722,-0.3788931750463702,1.336479011087036,-1.3475127356338135,2.308408979671592,0.7380442311559321,-1.282935593824618,A
-9.687047562957702,-4.024626415690699,-5.457669861115505,2.78944632662256,-6.4588846355459,-5.629190697578792,-0.32560452650900373,-0.5664328480719973,0.3360869715078252,-1.0297391369849151,-1.430841135707226,-2.0086303285618783,-45.75931465142074,20.325113843685024,10.20556016298923,6.314539800790591,4.0560550561966835,-4.694126427283095,-1.0167666210707555,0.3152577155619838,-2.9388069681705815,0.4163728938092017,0.6374550986312073,-2.107488987710724,A
-9.165781630296323,-4.730237259226165,-2.890940152405051,3.143879721179772,-8.344133653459863,-0.43199210077978023,1.6390563227817427,1.3345640272594608,-1.3673334276012952,-1.5911869847914062,-0.2315183221467123,0.987358336022055,-42.62017689313981,22.128098718289543,12.36647672875921,6.157344449763869,3.9853316528874103,-2.910552838217086,-1.2961330665851691,0.7808700804561113,-4.597546125454642,-0.7479257679924158,0.47130162324522473,-2.270420348844425,A
-7.963880039957672,-5.082228182093608,-5.1462554031297145,3.533609192515897,-5.927710777593774,0.5338092659658287,0.7184227359586046,2.475108535421043,1.904595647890062,1.9418914047863467,0.01214685003321847,-2.1781361426438366,-41.59474685765656,21.77624407116665,11.017859962153182,5.146168073766312,3.558950704859541,-4.260504728152682,1.185722241102848,-0.12483311634996141,-2.2373291993286557,0.48302449049777785,1.7471841422379342,-6.034451861765092,A
-7.935645149058672,-5.495848194175198,-1.7140105577005897,2.659807621951515,-7.505626311013458,-2.8817823718310933,0.9532644771148604,2.120131187473163,0.05137161075418817,1.1241527828717963,-1.413330259849971,0.7563068797950336,-42.489585727605856,25.07733057634885,9.61162471001444,5.713045654642045,4.924426665845672,-2.790981183496001,0.6819665070982586,1.140462811638514,-1.0568951371821527,2.7167351142562035,0.1220260532431432,-0.19031143008913887,A
-9.066006120915148,-7.539241883946793,-4.4841997722085125,3.7862335834071317,-8.062594785940973,-1.4696399384229153,-0.2231157716237746,0.2229356700496794,-0.043233212845962044,-0.4294663636910201,-0.6521984139700692,-0.34506834446085577,-45.6550623514172,21.71515819497798,11.180784142680295,5.571054678869409,4.116869270704612,-3.169197901936627,1.408889589145721,0.45792840824749703,-1.2491805143739043,-0.9372922789209026,-0.5651240682471972,-0.036575691878567795,A
-9.179086369165304,-4.826753116024042,-2.755810857297604,1.8203513140095353,-6.519427008857946,-2.4172682945280144,-1.0568714108596797,1.0109466392548256,-1.7569430898255973,0.29487734267299004,-1.41373704121483,-2.7072472884918852,-44.29338947444634,22.00755657006193,9.749380588169515,6.457615276008667,3.5273236608722556,1.0129102081718884,-0.06721907407665739,-0.6159638727108785,0.0004581906423481996,0.10076204956171786,-0.213539991905197,-0.4717360845362464,A
-4.100530919416229,2.0304868956842252,-2.8633435345812472,-0.06014631721881614,1.777406854551515,1.801626118518186,0.43471238050200345,-0.7118160218117282,-0.9146502558500629,0.06940226614429434,1.095402835345027,-3.0355365862948815,-3.415059454318367,-0.4449339888213757,0.9839403507012889,-0.5604843060248399,2.287005811320313,2.3685510165536243,0.4871701487998643,-0.09999124159300266,1.9732449343587746,0.30112404906696444,1.6134734881647645,0.05277447426965409,A
-7.8646497595604785,-5.526255477950605,-4.078386712121187,1.0604418455788007,-8.455581625546102,-3.8460607871485877,-0.16311567673102267,1.6180038775272294,1.1781594160956388,-1.701955101876166,-1.3864541468559253,1.60779809846548,-46.99691836975978,22.512534991648614,13.339302247751334,6.188294980493559,3.26397342181329,-2.653879762398674,2.6756770453712138,1.1845811284269985,-0.613846820537276,0.06316017745631353,2.6253289337849353,-4.30585410167248,A
-8.915871456923327,-5.36919663712236,-1.9448423978359415,0.7710301229899343,-5.679700123230617,-0.04589787023149938,-1.836871387643539,1.7857845646781243,0.7070799720734158,1.1268678703481498,-1.1704787056352757,0.5199953254256116,-44.2601284489011,19.78484014105492,9.29757041247666,8.357933290576462,5.6403537967735105,0.41196537842961334,2.4932336502895254,1.201139324205684,-1.0082739793590463,0.6194497879522505,1.135238550660894,-2.0573366759972487,A
-9.6413041298986,-5.265486234472907,-1.0644454262844079,3.815418962228314,-7.720375580801004,-1.0548435804266205,0.5180606577536508,-0.11941803337580836,1.4407444510486584,0.8783157361061669,0.02965470175035989,-1.4424988472358677,-41.75696113855747,20.425021973346894,11.9462153767725,5.979516305707648,4.242300983964199,-2.255294452373221,1.725586529514918,-2.16347580632673,0.997142849331567,1.390354743773055,0.5841067938481501,-0.18571404670211678,A
-9.495509631679425,-4.856345938738671,-5.547246133518968,1.6715724417569575,-5.146080205443042,4.073366924027539,0.5890562807078705,-0.03199456207170215,2.821349798280721,0.33438007254630264,0.871965114403281,-3.436968233548157,-41.458453517172074,21.838279320212173,14.655078592844689,5.247434591232874,0.8246081211557481,-3.7852593171126614,1.853188392250797,0.8938116118143853,-1.7892526352820823,2.320219150574517,0.8622517545536645,-1.5943538906731192,A
-10.431209205040915,-4.767703377356913,-2.029161637663833,4.608314535632907,-5.668971026528851,-1.2372708684993086,-0.45089852142983133,1.8681886262502019,-0.7749272228944051,3.515330050921648,0.4305123837842757,2.357449038130767,-43.25180125130407,19.056559035357488,8.935558417549487,7.1622761007455225,4.554381042756802,-2.656068742708328,2.165134046237406,-0.02505911903881497,0.005711660532369933,-0.18335563826560453,1.6464598658635694,-0.07906220890873783,A
-9.346188116151637,-4.753857211066603,-6.475173501130655,2.1567314155543684,-8.323089988191072,0.6571176807530037,0.41136396706049005,1.7591839798453464,-3.2820971966906995,1.1458725091581243,2.1421452012554596,-1.4860793296842303,-45.971759802633244,21.93547531749349,11.741437235422836,8.335534444610424,3.4875495765653,-3.3292936415169834,0.42350507587653263,0.6377918607273472,0.6390763491813232,1.0816671220134397,-1.318110327189821,-3.6444492270348974,A
-7.164059044195312,-6.714445513209635,-5.8080840716464195,2.6846492205313055,-5.6767108505045485,-0.05705934992249695,-1.210672251690589,0.5128910508648801,-1.2799474611579171,1.337547082547232,1.113727135843476,0.7806182596203257,-46.37031347656301,21.929774513072225,15.830039734715797,6.55100975658015,4.170488172160162,-2.9212925953578406,1.3495683875429232,-0.5123887453379581,-0.2111016470096274,1.4656941308943,0.8690393990219469,-1.8805929485333195,A
-8.262794484134531,-6.47091605848643,-2.3388321748615795,4.036821588783752,-5.675490313085874,0.9365664255829529,-0.9273690902464207,2.5170533447262358,-0.5009553752911984,-0.37706880056796166,-0.6189398878282191,-1.1816680897150036,-42.382616465573335,18.893663981166007,5.495435010539381,5.6879324565213665,4.426778459505954,-0.570714860320038,0.5406543417624254,-0.19813476479629344,-0.5761820256154238,0.579268824323818,1.1786778271705884,-1.4014152163677522,A
-10.789175604773163,-4.5724997395498335,-2.161442883244945,3.035826619074861,-6.193905917759224,-0.8756981333731346,-1.277052550637368,0.8437077426820565,2.2722962850860995,-0.73408263759692,1.0744983909914083,-1.407678124888946,-45.799360756438716,21.02855150386778,11.576092279080854,5.497072402125518,3.3822100429622566,-2.050523767807306,0.30513397567196865,-0.07284195484817246,-2.147104435294409,-1.1246226763045648,2.2315280446877424,-0.9038340589423228,A
-8.672616794500215,-5.084671733085944,-3.5133500799803414,3.7130666576402476,-7.10137490858574,-2.2217049151798847,0.6291015666879556,0.33112657420957703,-0.954732236283462,0.330442773327114,1.5899266976055344,-0.7432155270117846,-42.24184905481172,20.77484251341688,12.308006291868992,6.184358250889794,2.62976448024574,-1.7401937747449097,1.7025096342714763,1.0728589607344219,-0.6009251808402496,0.15994751871226143,0.5583153011270774,1.9699370078527636,A
-8.139946360040398,-3.3742643436619675,-4.8538753247838144,1.214106402574032,-7.392820886672752,-2.0414599791646424,0.6467485689814696,1.885969824328896,1.902184759218187,-2.6470236890973453,0.8634132190545643,-0.10569357092617793,-45.4856502166339,19.84158357300928,14.231968666595037,7.197841493425287,0.97854356308342,-3.6540738321014032,0.3010615242422996,0.7220911329452377,-0.6346587593452568,-1.56403444053577,1.750306287256361,-0.44392446277964837,A
-7.991030327844754,-4.555531365831529,-6.928067755098823,4.756415572429653,-7.312727502883661,-2.557871062265235,-0.7969165263866618,1.1401786816624053,3.0226170372601473,-0.10082455679079061,-0.7229228460393529,-1.8056050561407346,-43.29090049667752,23.29972897697919,14.13253168138931,7.327208973120733,2.7414856191783343,-1.9379526521840944,1.1068534199339295,0.43525770727666213,-0.10356739551605187,0.9484996454456915,1.1342880385731746,-1.7259806239610498,A
0.4164947429671031,-1.037139287223626,2.2011021457867628,-0.5521843161605275,-1.564946860749643,-1.805255779835477,1.0766552195484138,3.0237276895788057,1.4119446231623556,0.5617978256709648,-1.1920885172713156,2.3291852494633645,-4.370097987662916,-5.0622405394126275,-2.437096681896378,6.037067957882378,-8.81241432017319,-0.19455386449135403,-0.8242778149999652,2.311805364824721,1.6201363553013834,-0.23927782999821545,-2.153978639593987,1.5652013011265922,Alt
-0.3386622029993873,-0.1542433761061357,-0.5923071344292339,0.5055533018499858,-1.8069820490361792,-0.9892459269384517,1.1377409727519314,-0.8001193259401873,2.494712216753328,0.3976807081818805,0.21940745440835485,-3.051973142566794,-5.408152427155841,-2.148846895657968,-1.131833435334272,6.693944676394864,-5.691871018905843,-4.5785796108325485,1.0673512425023617,0.6645205524152829,-0.6345107399774861,-0.15362168948952082,-0.8851547898166814,-2.36329918936417,Alt
-0.7543215732491433,-0.9133383997662392,0.5257019098209526,3.0588116850701397,-2.354856285682473,-1.160720773825858,-1.7823042213992615,3.021962834560753,1.6782540730616233,2.1182685292102335,-1.251135363548883,-2.3010051967947334,-5.7100529127857556,-4.623100105665323,-5.662600898569508,5.43435159999099,-9.080107493680956,1.1549519716847385,2.6858578899532626,1.3695883207711432,-1.924225183822898,-2.2762915396782155,-3.2995442663339105,-3.33283356016625,Alt
-0.32006586798101466,-2.6560532979533615,2.080202658813448,0.47052998282998715,-1.3818221700680908,-1.8144493038120686,2.680637019757228,-1.046637712159594,4.234037195542896,2.909807993271855,-1.2250736970516414,1.7264832424286283,-7.381908138499881,-2.7580785597028026,-0.9093209355551721,5.862225920871317,-6.399518834454838,-4.99403506566324,-0.569617210287853,0.7842497662161918,-2.1789267688590144,0.44474937692649563,-4.034747212716319,1.0934684495198894,Alt
-0.4454987066625904,-1.3279085410363933,0.4795007268988911,-0.10299910787874467,-0.15535648397766977,-0.6158401320784606,-1.1904489776473515,-2.2078128350032387,0.6106163766443728,2.000577081809837,-0.05520796887182655,1.4098003181321133,-3.5918656514028555,-3.910295409741913,-6.1853651614637215,8.204126327790789,-5.9155820793046985,-2.059162173447419,-0.39708324808987916,-1.9359762765183604,-0.5600490921497681,-0.9964724172763706,-3.69809567906303,0.5356684051105844,Alt
-0.8083459304191365,-1.4939267150654363,-1.167631117876283,-0.5664375924503844,-1.6951300987834372,-1.0678664716482444,-2.2171007400530307,0.6269828933091617,3.3398429093172695,0.6606213833908896,1.1940689440417884,2.0004595364844135,-4.915119134549428,-3.7407472507942217,-2.727492896722481,8.105303363851789,-6.488704688991234,0.7469517816749089,0.13545069313589142,-1.0371982845805263,-0.7013075321243036,-2.0661557591808384,-0.5795880832240101,1.4044519882554027,Alt
2.1191665086009266,-2.314243619228371,5.093924300940955,0.2548290755327258,-2.646036180867725,-1.0989637180513228,-0.6944310102333553,-2.014506071755534,0.7251497587321865,-0.3063009692575491,0.34171512738362253,0.9779332554641655,-4.099557047710476,-1.9369472081800652,-3.749811271563374,7.784126612253274,-6.962053915860835,0.7508891016073562,-1.9246398954165003,-1.7406364418822164,0.7180656340592009,-1.0297303437037715,-0.0911737520726561,-2.130929208055761,Alt
1.911200564561085,-1.1232026631713286,-0.5110621332361802,-0.5639940630883302,-2.7840864500852263,0.19381604390611074,-1.2890010441396313,-0.5302549096020073,4.234481039884997,-2.517749124311159,-2.947560401882299,-1.6584478127008424,-5.58815337444355,-6.666358258277526,-5.519588429722319,6.155302528415817,-7.738793196872237,0.9703302902297537,0.7824190737100833,-0.03945947141328077,-1.031568099767867,-2.3550245031711823,-1.76180581841097,-0.10076176735651643,Alt
-1.7145904344933172,-4.755239141550544,-0.9808208151419535,2.990123106874435,-3.4896969204039294,-3.0811757260140666,-0.031173001405901957,2.8465800391837206,6.2048637165058835,0.6341513440577344,-1.5017275426531,-0.5226910154280517,-3.903809444376037,-4.6008374012389766,-3.131121643894403,6.05254310069359,-10.486306000446206,2.402837338271354,-0.5716533992959354,-1.8590082241419168,-0.8578995223233505,0.02515658982361657,-0.21307309881696312,-1.0869398176782283,Alt
-1.2127373408670508,-1.4437004802151332,0.8268363075779916,0.15478396199076627,-2.202550095778605,0.35611023667331665,-1.2993179149023852,-1.5848748980909022,1.5262671439750761,-1.2992877881493996,-0.18226899629513582,-0.8312689404758089,-4.996975785337753,-4.789661377367324,-5.7775733747520235,6.862950198971795,-8.262369227344522,-0.3537678255790979,-0.15368955276238694,-0.5456604982952484,-0.027432263680111646,-1.5983729454656568,-1.9285032299265694,0.6188824667268022,Alt
0.9859504170824493,-3.2256461963092526,-0.023340832463702554,-0.43842849020296626,-1.4146751990688813,-1.0945869726115234,-1.6048831858052672,0.06540097529179434,2.5858113301140975,-0.6508267164272894,-0.4458860639342106,-2.049807388757756,-5.412091169400782,-4.310204499119479,-2.2805068182615855,7.431593411613868,-7.38965334378743,-1.9222816112391001,-1.703237172900288,1.5084572758050712,-0.7705110979031247,-0.8658842628827457,-1.4441582987167791,-1.3985846350477686,Alt
-0.01653559178174646,0.17548524149728983,-1.414453754683393,0.7141956555810296,-1.7135897260988884,0.8304635678119325,0.07918867824086284,-0.554690721054726,4.748924112035809,-0.3506903850157741,-0.8736270395687598,-1.14313262825857,-4.6581525928621375,-3.487716023302646,-4.2208876224012215,5.985890704331844,-8.912459868694214,-2.1863974686697816,0.2764914149817357,-1.2773345131160312,-0.7249540706300763,0.4640253915037049,-1.0917612775914307,-1.7032141378404617,Alt
0.8356815033646399,-0.918225318675649,-3.249491138026144,-0.5368449869286067,-3.2929995575645705,-1.538945556640158,1.1678770090853856,-0.13767648080707318,0.7100380063990883,-1.8566642320036877,-0.09620343293784117,1.1809453542339838,-4.020281880236638,-4.227806037039713,-1.715257087810528,7.092497749639271,-5.80875006352062,-2.256253088764879,-0.6364045676397518,-1.021995497345202,1.7309611473953055,-2.6501377178732732,-3.2322133613344377,-1.2203145039409833,Alt
-2.639297755729359,-2.11808958104508,2.0015756239400275,0.09627711113969895,-1.3449002917539588,0.7034449335854447,2.013985332178308,-0.761705428041779,3.094128157258126,-3.777342314638119,-1.668284433494648,-0.878791686428201,-4.7997390208527975,-3.80929972542458,-6.101038492469797,7.117339027163084,-5.404631875154507,-2.1918758020178757,-0.5626941514025976,0.21587763183057973,1.8722165494208411,-1.0525357829968862,-2.889181451340022,-1.121981012266076,Alt
0.24830249658612047,-1.7344696813816256,0.5191348860387848,-1.044266685865665,-1.9921433392696883,1.2080264644023941,0.4792341965550033,-0.8920199054703914,-1.7393073984545708,3.285961889137596,-2.084485331954255,-3.4496891573080575,-6.2933576847959785,-5.0455436267420595,-4.366967894954939,9.008017640057695,-5.85395243787103,1.61968030724222,-2.2960426475462414,0.5931180570440233,-1.0891697661105013,0.16524713428474147,-4.292937742310919,3.275839646007796,Alt
-1.6744125239172831,1.0881094772114785,-0.5309990322746785,-1.4889716651192373,-1.554764788183519,0.968656662056901,-0.5521684517493863,0.6920045428381343,2.0071980764818136,1.6484499513790922,1.1705834582571697,-2.67374808357539,-3.0852571872351575,-3.8311549787563806,-3.9642178330912543,5.909737930435888,-8.825311697705175,-1.8283205014045052,-0.2612008483765855,-0.26412089200239564,1.1989941914422388,-1.8515403590790331,-3.1065116986926,0.29038147911722945,Alt
-0.8622343946088904,0.023313132592480912,-0.6008538790736679,0.15084731524015638,-2.1054876267104703,-1.582091833329855,0.6877410631568015,-0.8276770718262867,-0.6024554205841355,1.7104866779725256,0.7698615863503449,-0.6854031747359954,-4.024621231286545,-4.417716573585686,-5.069527118388919,6.990688326529195,-7.740424409754013,-6.998801441865169,0.9136860258104669,0.27900032160850685,-0.8018359143005114,2.833618258250268,-0.344339698791444,-4.468585386249799,Alt
0.8153164882743056,-1.4587683380696426,3.6252817338630052,-0.023723004854716123,-1.928203351465669,-0.4566171676147519,-0.4590461735617737,-3.124236497974266,-0.8941659073629467,1.626323391944652,0.19280267168247178,-3.912878799338273,-4.6904631408418425,-4.102105258164833,-4.446468036357658,7.083809709298613,-8.056713560630712,-3.305077872021002,-2.5954996557322136,-0.5918133364024101,-0.8876836567177975,-0.34638183461432703,-3.6423040382419387,-2.485502122144851,Alt
-1.7084833423738814,-0.3023429849805659,1.799434919401051,-0.2918221277436217,-4.062415199797982,-1.225986743494957,1.5524469224230621,-0.7672703015084323,2.7678130843914914,0.4902598274197132,-1.884391984068202,-1.8965018241190705,-6.808784707186248,-4.37617681608581,-3.7373227605339707,8.825846596074825,-8.07028864933882,-2.786693033485335,-2.0434181816232764,1.322077623048159,-0.9249121745522189,-2.2454770130739035,-3.1939333178834843,-2.4594437559647986,Alt
-0.9470793791208791,-3.4242434968473656,1.3925280872195458,1.8698068025338088,-2.300557684575125,-4.303216846586395,3.698600926947271,0.9854920640485432,3.4465049656662927,-0.9566633827588547,-0.4712694807098785,2.1415034696451016,-3.9760240042158728,-3.185001180933533,-2.1955325137862474,9.342497276685862,-5.032956993137404,-0.3583670041176674,-1.5913819911048481,1.3895434060767258,1.3014826859009645,1.3881882666802658,-1.3084129455358777,-2.527991842830204,Alt
-0.4032792391543012,-2.7451032410617238,-2.3239762885316964,2.214738288499589,-3.330059883497796,-2.49292629162494,1.6877863106878532,-2.421613021919967,2.405351390166061,-0.19200295916935062,-0.3618633969685163,1.2777465873098208,-4.768241800852252,-2.1966296831363223,-5.028794823555415,5.97584657881373,-8.074089054435504,-4.821460315548336,-0.3093909679829241,-1.0692364113922395,-1.7358807444846889,1.133934841011997,-2.665471067575261,-3.9245778234139266,Alt
0.3771292213678521,-0.17514839870571386,-0.37878113621445664,0.5491276635216735,-1.829514944499806,-1.8137960619338855,0.532989939055275,0.18838753319622015,2.296508583587297,-0.7505996435518583,1.4980013480204946,-2.3918952440321277,-4.79389643742519,-4.608032807501125,-5.6385063178286146,4.5571582906040575,-10.51345575669221,1.142031602402767,-0.453961081290136,-2.230954284529716,0.1497499779064242,-0.6508615791457797,-2.06289168320734,-1.2685018426535066,Alt
-0.9553639487705539,-2.6458724367909756,0.8577235212374603,0.2709833552847414,-2.0510556872617656,-3.865648327028623,1.412220645024215,0.5023707289196295,-1.9443008199142469,1.292793690884352,0.3387273598231957,-1.503169183069872,-4.485618924102397,-4.283733403408618,-4.047880019795855,7.160371090781048,-5.414678620903587,-5.859103182002343,-1.0417438787367574,1.4165590368764498,-1.80728458621968,0.9178262420439722,-3.455381245090912,0.19949330988464453,Alt
0.07373612237267935,-4.070125986409944,-0.5815804404689402,2.5519324637019736,-3.0368455015160407,-4.261390475863834,0.23516199660838843,0.11671095268943077,0.33269141177419215,0.48211385383440586,-0.6078346761991327,-0.2699572756355906,-5.204802190858629,-1.6683043994471234,-3.0520586357284287,7.246569999384079,-6.6294727971002345,-2.706316222867713,-1.5479429917432657,1.2316692771395594,1.207537152459281,1.0045683371066083,-1.4836612322707552,-0.0878405143075156,Alt
-0.48092979438089856,-0.5997636342717314,0.8450173549744022,1.3653722290452706,-1.9993339435011706,-1.8987682950804583,-1.1316707046129295,0.5293817130383616,0.15354839507978113,0.613789549883748,-2.0052102611423948,1.0823938206773391,-5.275935696563323,-2.8873082822220653,-7.540343420796262,6.456525440958231,-8.3804676908604,-2.971093552256434,0.2261293328930396,0.06832162724164448,-1.9382451801553202,-0.37611042586764265,-0.8419872060576736,-1.9379951735269856,Alt
-0.13640361223207265,-2.5302161398753764,-1.0410490921498194,1.2892188130373796,-3.203544568368585,0.1554949415393594,2.7633067009869707,-0.8636515933769147,1.712421084029188,2.4500337377350547,-1.5182878166650653,3.01927082020012,-5.361047537273208,-3.6382588529974456,-8.36379870660653,6.2603712047041284,-9.504587162069484,-4.598948257652751,1.509613620715995,-0.5498682578244853,0.096964344422247,-1.256834398479485,-4.83823198182116,-1.1918484251266364,Alt
2.182149017747946,-1.7169584305275478,3.314069713748438,0.9210735167765947,-2.361507322562062,0.3035444954579134,1.738555680996683,-0.2848294807540128,0.8123119388085911,-2.133857465441892,2.8385015159362297,3.3637629358940444,-4.8495548244842155,-4.793870289936258,-3.1747018501656044,7.327067385505181,-7.1717816907786585,-0.4869249118435732,0.1822833266668238,0.12302822489345999,-0.7444594152107697,0.01755480410988497,-4.183525515353487,-0.29151886290060247,Alt
-0.21438768454186174,-0.4206136425501521,-1.4776768771205866,-1.9418413481562098,0.5611454973174546,3.1868419172887457,-3.9237233050333753,-7.427986800940687,-1.2917207379227875,-0.01572309868578259,-1.9241114496433056,0.19223473016450043,1.4689758220687565,3.198548542212677,1.7056210445909414,-9.156010263365467,-3.245485527211045,-2.755098311341726,14.605276414243969,-21.333351752509856,1.5440195058423,-3.0267042851890436,-2.076013644429853,0.30198802606287245,B
-1.8016726529914138,-2.595410067389995,-1.2468423580665444,0.9347643666676788,0.03254728153245878,-0.25350323237722705,-0.28109852378294153,-8.70577464384229,-1.8181943917247168,1.8550024242833345,-3.162932515554644,1.1889224820380946,-0.5573096307955723,-1.1374703092272327,-0.9638247285726038,-10.119404535423179,-2.9296013694520155,-1.8902472978818992,15.353918919915616,-21.05575021873227,2.8617704072846664,-2.302088855732622,-1.7137061226615664,-0.1782921501602459,B
-0.014296753206167523,-0.7069032175314289,-5.173383951454241,-2.63238447888412,0.7806493919679838,-2.031820037427053,-0.7420940686739561,-9.75237760932231,-3.131351776260601,0.6480793770492923,0.03512358376309521,2.358619024078905,0.3775698206282243,0.48945232926458004,-1.1532697615812708,-5.645332242180437,-1.1085620125471252,-2.909935112723872,14.408443811432354,-22.622536923507724,0.6038345113216792,1.3148795795052504,-1.430131572153737,2.2938300284137085,B
-0.2747946481837005,0.2661283680411106,-1.178739358340522,-2.2045107276192297,2.373906829971702,1.684244001432205,-3.3716417595876624,-7.898617222298697,-2.3523518193442783,-1.285223699923506,0.6583352951115558,0.7548528511433119,1.2073957682473235,-0.021496311032322524,-0.686568554355631,-8.597279080697454,-1.519331148035235,0.37732124377004084,15.882244850895079,-22.10439278028666,1.350205101324491,-1.882631703260257,1.761271579483573,1.9764893605509997,B
-4.533570412752624,0.6092959202986652,-2.173460645856437,-1.6175429624670414,0.16422376813898154,3.1158789095646284,-2.8290623130367116,-10.582060386692604,-0.31385214081450385,0.682965297923424,-2.9469587175881884,0.24523495331567347,0.9394305533151908,2.2913528356078317,-3.4101104493287266,-6.867187492060033,-0.7123176700366116,-3.08426574209858,16.54604548228444,-22.553034071425998,-0.48221702223497687,-0.439645286012011,-1.0473258505773337,-2.8197007476662748,B
1.4821770165902137,-0.6686225732872302,-2.263462010171679,-2.2259586058052108,-0.899759109980721,1.466774938799631,-0.7296054633559308,-10.284231084073127,2.026423356967314,0.6073545562606597,1.466841469328557,-1.1224470143030771,0.10445160906320439,1.2767838439251804,-0.9474101380218372,-6.8864645071591895,-0.3734940771040982,-2.4493683253494396,18.320525410883675,-20.467559603177534,1.5085416751366552,-1.298785601003134,-1.3269640218812029,-1.0532159252592805,B
-0.5711274709574639,-0.27617920257601725,-4.266485321734876,-0.8432437482463442,0.411825873603334,-1.8351600689775296,-1.7172977089946873,-8.102239714057589,1.3910966227954873,1.9325133374245027,-1.9465065050775934,1.6407307244907656,1.211737687745,-0.22728910661923862,-0.1933761008417605,-9.3675057068563,-1.1259376720582281,2.3980738321025683,15.733195249059714,-22.03271720092218,2.8648335435968306,-1.4521792714477098,0.6762485349146452,2.388217224397863,B
-0.37131155685523254,0.42468040859862555,-3.439301284996759,-1.9974977122173811,-0.3487644440667168,-0.8658433534091046,-0.028745620667137928,-7.9275388139409415,-0.8872092732557917,1.6650930511337165,0.11697704470503822,0.005856285682739326,0.16336493748428893,0.5517602998207849,-2.2305574199965577,-7.544426871252405,-2.8014578034412523,-1.1905278110411928,13.453059350814835,-22.54950429234566,-0.9999334291477453,-1.0209122344444186,-2.469678623285734,2.6302230274327485,B
-1.3748839638829793,-1.7719711547868817,-1.2783819850727127,-1.6894886638245126,-0.6794432268102923,0.29641142887487604,-1.0981575675205075,-10.529936045651397,0.16948876897942,0.03192486945111028,-1.1966440275031687,1.8586357051804043,2.6361263281358163,-0.18398576451635762,-0.6103558603687702,-7.176689706172475,-0.5266150103951617,0.3387768521551493,16.26491450493863,-20.154121615724804,0.05807015784137093,-1.356885031398062,-2.3618965200363427,-0.7021495499410548,B
-0.10578803815914739,0.2502462674784045,0.26604017494213394,-1.029896315837945,0.6750365603344335,-0.027492341054028202,0.7174534167035054,-8.732784081368806,-1.3162346937079406,-0.029568185107144984,-1.5905815794244518,1.590799271666242,-1.0770872722645493,-0.023261566507258635,0.8059446966253745,-7.225151254300208,-0.02245297199769425,-4.54831487512314,15.755050267640916,-21.3985108761334,1.8994697519714236,0.19822798880410275,1.0454794681256168,1.3621800133896613,B
-1.5516268904330843,-0.08464072412170154,-3.2301470057971073,-1.3904384336860645,-2.5942840079056566,-0.6072041170279476,0.8237430493151896,-11.027038601836864,0.56084668797331,1.2406119362672072,-1.8508043328888562,2.9952693649920548,1.488523946494297,2.480583896895965,-2.5906019839459304,-9.548453917697692,-3.418018933602454,-2.4395188805760313,17.002969016280744,-18.789597312961718,1.9761198829899058,-0.13190781774131466,-2.420810388729006,0.8589149915605958,B
-1.9613092894406066,0.15250870045279363,-2.296758151645122,-2.7074527913090023,1.2537221585783982,2.6634163205251298,-0.832501176316292,-8.468892617894909,1.2728290214716935,-0.4461757406519027,0.015303521479637539,1.7870273818630835,2.9547237126274695,1.059317215103988,1.104009744083669,-9.918635544237652,-2.5505973734444183,-4.133950679174404,17.297674907809032,-20.745161640978466,-0.1896164440304915,-1.7326317562301767,-2.924837281550726,0.11430472727005281,B
-0.6950671577284027,-0.18210667898427246,-1.2444391471202607,-1.7862760845892751,-0.3065456670013589,2.344767705166987,-0.2669808832833258,-10.604461089950178,-1.847976592878922,3.778666544918636,0.842950085946029,3.8828952189318215,0.44504165884140434,1.8747468301074832,-1.4907573059905985,-8.883840451132798,-2.298652982547665,-1.6570141524226756,14.55966578351597,-23.032355540003692,0.646540672061235,-2.009962108292731,-0.949860596082825,-0.16931296729120504,B
-1.8409054024125737,1.1745448666654745,-0.35966101129406525,-1.7281767849469816,1.4213760113605076,0.6369699806460289,-1.5386553622543744,-9.685727729625143,-1.5663484787051516,1.7571286502338168,-0.8800827868710712,1.184319409401212,0.2311037976016337,-0.4704113144679667,2.1044164702131525,-9.546282450473292,-2.0498285583218347,-0.7137633979066322,15.26853447765957,-21.586518835007297,0.8983978254919975,-0.6415004599752381,-0.22782413427426107,3.3111089430594802,B
-1.1735737931612675,0.4677120631291469,-3.4574792115910213,0.6806472726536512,1.1001945060623086,1.9991746643899546,-1.9936777559945202,-10.503736083432415,-1.8655054202527594,-1.0551340928573438,-2.0519821456981617,2.872852781546726,-0.287719292688422,2.4367386226741203,-1.6004796540268558,-9.29773043705881,-2.3251229770020387,3.0169882956118386,18.031792661039646,-21.075296900132088,0.6290255430754428,-0.5229937314512405,-2.1159231401330914,3.3706787860583063,B
0.7002732499753961,-0.10975394252413473,1.7905255187716875,0.08607702988837929,2.0923687081312323,-0.27015155167339344,-3.089967468859415,-8.740523049195275,-1.6679605801262483,1.6315636331550252,-0.6658751833819565,1.0369321559722948,0.7466720708093533,0.44452080532443716,-2.114474849648616,-7.665378234656281,-1.259783357784059,-2.3107395892245677,16.554190253851736,-20.708645812159702,-2.7094906232318863,0.3085900970648998,-0.2286383408420818,1.1769073547093285,B
-0.7664701295053078,-0.8160435401821484,0.0244719194097911,0.3036786989927762,-1.5301657201158037,-1.9234147783507751,0.34482915406204473,-9.8321947606984,-1.4826854082335785,1.4969023962237316,-1.6258721758125034,1.2885737254982246,1.793411081167136,-0.651904892381971,-3.353384982699822,-5.50157729515675,-1.0558917520789066,-1.9134660655572588,14.875412152435532,-19.616564667990787,-1.3435547029653776,0.5241557360170273,0.421995275195421,3.7182428757341768,B
0.982626260196156,-1.4419711606340666,0.6096542405353489,-2.9758226713983973,-1.0232883008036993,-0.9709645620488345,-1.9252615191343363,-7.92767263559233,-1.1999561756525736,-0.7870360850337974,-1.121299386003244,0.7682189703900235,1.9324151558852236,-0.4497779069442345,-3.42216044623558,-6.480444987370539,-0.036842403636100585,-3.694629069746327,16.89084231634117,-19.87163202898529,0.1336326478990486,-1.5865684555191777,-1.4578238870956959,1.8293239050133252,B
-1.6228901994112732,0.16038188671959297,-2.1335926475002225,-1.3558237636791262,0.17209771756100167,2.7459814486271057,-0.03363248606721925,-8.064641174040617,-3.501469488497264,0.11920948922693952,0.48173254228788664,0.6497297921166023,1.0934994302462258,2.4462407366723298,-1.6635531635538428,-7.114244689596319,-0.3961638874035174,-2.6442850082184464,14.580027618091657,-21.350591429283128,1.4943131926529531,-0.2272017194199787,-0.3751091658993104,1.0523006310102119,B
1.8324053046452207,-0.394007205134594,-4.5693667886997105,-1.5636517019833605,1.3592006990593575,0.06382787975513793,-1.2690625812737846,-8.454368377271663,-2.9257049748342183,0.24939010357753943,2.520098482019449,0.39197053907639656,1.3059452028574299,1.8678240866683495,-4.618801579401577,-8.125694667419296,-0.41611859296550335,0.7185290880856314,18.85686049166481,-21.95140583435331,-0.568712234427494,-1.7882877482073338,-4.246466435531662,0.8087634531432855,B
1.5116286336628377,-1.4639621363311823,-1.7304158642794505,-2.22025888883158,-0.021072241321746787,1.075632907505451,-1.3729086202259193,-8.791430912622332,-0.9391168014037703,0.472015418281444,-1.9421647098596395,1.8338863083514525,1.7450875456794677,-2.094484429337797,-5.147689739796476,-8.209043455167198,-1.6667533102594945,0.4936152553650004,15.379439249800972,-20.5670628709059,-1.5713115864053293,-0.44914752838945127,-0.4147473641304522,-4.277401589233364,B
0.44982374400112235,-0.9145955299705335,-1.8712298247043577,-1.643742023657964,1.3944954242961671,1.319820427390198,-0.5382026814022911,-7.437084215259517,-0.29897019551083304,1.3836898142267202,-0.07225203155968529,2.888176196068798,0.4723268592797467,3.1245666072380374,-2.982398858945942,-8.485424161540038,-1.5591037616987222,0.5851557550910798,18.116090891605694,-21.724573067367302,-5.157298439266981,-0.6009122391696344,-2.3120767567146636,2.2739005585413565,B
-0.11922509351387589,0.36074377613155484,-3.603338763344425,-1.8132897890531865,-1.0090342719310286,2.2063590822527317,-0.05575926860102953,-5.856312926970247,-0.266122924804165,1.1130106890234615,0.2645358317790567,3.690173122769181,1.3199323202968003,2.4366030334887796,-2.261431432386985,-8.184880237493168,-2.637338783781857,-2.264753216911231,17.272154621480915,-19.86932496221891,1.642566040592044,1.289630711827363,0.4259322102059535,0.246572826817669,B
-0.7158305860151302,-3.5558174264722355,0.7132409259231736,-1.9870451068447466,1.2852178457955858,0.5879079888119918,-1.8545376001504987,-8.454098690257752,1.947803060816966,2.334187844531101,-0.8313473607407786,2.1280157205579826,2.234589540231042,1.9901317838091472,-2.4051050693972797,-8.313159855286067,-1.8400990296789672,0.8897935431991186,17.10437193722379,-20.242898631376335,1.6406084415217492,-0.543491472006914,-1.2675069040496538,-1.0562863802666698,B
0.019915688907104823,2.1859927179241865,1.608532464075381,-0.42704498325544193,0.757435926894459,-0.6634843308111158,-0.6306461887187167,-8.518438389290907,0.17320915173888807,-0.7587991366148543,1.1155306495904824,1.6589056683714603,0.45345778548963267,0.9281863993649893,-2.7618593413059216,-8.922118683897132,-0.2898746426265717,-0.3697058470017396,16.358986709200515,-22.44389472650724,2.358934620024968,0.9745629273863567,-0.32528932490279416,3.0145740276360016,B
-1.1795450475358962,-2.478939447178562,-0.2030716447782197,-4.140800653863366,0.3785662427527541,0.28217573816687036,-1.8683837265515457,-7.9785758868605114,-0.7744259154715678,2.922920910037014,-2.058766507110249,0.4913978580809726,-2.661792842537295,3.398775024759381,-2.8858138173646353,-10.253658738977911,-0.30317792466091475,0.14889830383083336,17.870797223167287,-21.422809296344695,-2.0864110212363016,-2.732405636354812,-2.7508103901098977,-2.222260689160862,B
-1.4260561288689928,-0.1325592060779428,-1.0793154915507444,-2.567089614177803,1.4263939573534685,2.251030851200653,0.5077249556580181,-9.844275606595914,0.18700549979286052,-0.09757759874433702,-0.4475947674370673,2.197880896383367,-0.22948600914062922,-1.1190088556901756,0.6302999886219709,-7.352209961835207,-2.654173522672906,1.042878359419774,18.690434977551497,-22.43032058370595,2.1962125183387684,-1.1414552920608987,-1.5228463996783255,3.090573678548026,B
-1.2118512595339155,0.8376218227973542,0.7189411400156587,-3.326049495714372,1.155034801085833,-1.7442720654512982,-2.6107820021685715,-8.435499786791581,0.9780525813733902,0.49943592482352983,0.1620466883039171,-1.3559095801437593,2.3302895030023763,-0.4146193819347417,-3.1392061016371713,-7.486191226389742,0.9982255594246539,-1.9198108495646125,18.035050517581276,-20.96439266567313,0.3662103420626295,-1.2068850941852158,1.2766564727714709,0.5341284212834694,B
-0.268955323646793,-0.8070841946019218,-4.782020122268705,-1.5703026249398633,0.9842706547384239,0.8141357344550215,-3.409786505781181,-9.710432993341215,2.8384944538104833,-0.13287175436575183,-0.35990141579503643,3.3132701515446,1.1697937760156378,1.6067829166603005,1.408430705489593,-7.394969790704785,-1.6462547082683727,1.5124264286098992,15.98853466183523,-20.952039654071484,1.0376874536028708,-1.465618271963626,-2.7714436336534263,0.7172180098457375,B
-0.08600556717985341,-1.8024244690502353,3.6597918955259843,-3.508308694209532,-7.156161121213501,-1.7997385099241683,1.6873654427247846,-2.103441077875658,1.4035619697403376,-0.33011152241556374,3.479867081171477,-0.4242760904572833,-4.7033580065423735,0.5167743336950181,-1.3984119116316265,1.1284667892800542,-87.212340552421,8.522246403621466,1.4386562350378984,1.2825175151567976,-1.7321311018579877,-1.9990779249236637,-0.6541302245471918,6.406014843971548,C
-0.39632539692212276,-1.4306145827824128,-0.12373159500009479,-0.0915671996380496,-7.349461905225269,-0.8396161468638752,-0.4496934586305059,-2.7909941729380705,3.558127040397494,1.34798860092517,0.13724037660591648,0.24215559546081522,-3.605030521721062,2.6978150259165545,-5.835217878384299,0.9042132754778223,-88.1442407270064,7.7511389552334435,3.1519141260045895,0.04871759889368832,-2.62960855475319,-0.9805711644666744,-0.1438588276513144,3.1025497870127197,C
1.767205862467904,-3.1355919331037123,-0.48968737240568316,-0.25310503977786425,-8.724576518753992,-2.2046755912395497,1.0219357460548357,-4.165701383703265,0.4743269031926616,0.3820151896067614,-3.0768328390685724,-4.4462987623941785,-4.28742865929263,1.6438779752568138,-2.9802739202571615,1.9267927758401768,-89.16641273495551,9.431332660382282,1.5015067778831277,1.6721109450674447,0.8867260548869922,-3.784145854810798,0.6163225648284971,0.09189550670839708,C
-1.2583156428965765,-0.6495285373057609,-2.1530273652913365,-2.0479467129254942,-6.076705043879457,-4.252803275681742,1.6763702171636332,-2.373035006286159,-0.6804788558747532,0.4638706666420802,1.3440259255798708,-0.9242646014866978,-4.004668688191799,2.1655524153904437,-2.460360717220567,4.385028759019889,-85.75224992815976,12.941974153683361,3.566755810231667,0.1494405202737994,-4.05598319903703,-1.288037126945695,-0.7984290144907007,1.6056512843349537,C
-2.0704906375939913,-2.269121437279887,0.3320200156652504,-0.4838750300343335,-6.311951659051999,1.589578073079224,0.8918904844128601,-3.762806397865603,-0.012086671026111162,0.5480333657934437,-0.5974171250290397,-0.24315796505965181,-6.670330972110804,1.8943300531310499,-3.0457611078455784,3.307200746147821,-88.1400327668172,8.518957823879134,1.40865620269496,-0.36585292212005527,0.329576131553722,-0.31242626580393207,0.041706687582070856,1.5029407434253699,C
-0.06496880634043123,2.193141326632462,-0.6311659255907784,-1.8481280232425945,-9.555074930182826,1.7571180303932579,2.1125238732730622,-4.200047095113547,-4.250911575800217,-0.5392960913471754,0.9043413088696184,-1.4246925932588397,-4.467430297023299,-0.18544315155159552,-4.119972235355419,7.610775417828421,-86.03473837351079,4.133174845009989,2.8840860282404046,0.46518783224132676,-0.7777083176827091,0.059383718852011214,0.532430855902124,2.5517556947740445,C
-1.7865071739786629,-2.3524697601115543,1.2196437706585357,-2.1672678611376384,-6.300684873003149,-2.3903997443698586,3.912388334360606,-5.415928235636926,2.990899853737062,-0.20943291504450912,2.6193668801145122,-3.164898301067808,-5.463405801764736,0.687407755027607,0.5108765896763998,2.071498856350239,-90.12057583393808,7.546581838478971,1.426846192406324,0.6189867666945332,-3.218082990688913,0.824451678573829,0.30071149624099647,2.6216206772754163,C
-1.2239754688386881,-1.8960897556656597,1.4272568431185846,-0.5612494357010505,-6.9543037192232475,-4.811050782354187,0.3186325947299675,-5.130994487780043,-2.0345894769861843,0.2920156480608824,-0.3244354692695026,-1.1772191173149622,-4.868966228778817,0.011661324065272538,-4.002585224962331,4.118149976773438,-89.79098296734256,5.906017735546641,2.04042088065753,2.412878514630961,-2.305485859175576,1.3356733279400972,0.015236429033283372,2.1917096947032633,C
-0.7644665643341284,-1.3111575471998824,0.5626363547489177,-0.825548222537563,-7.004259227079956,-1.3761808176165005,2.5083611510134407,-4.354117463401366,1.6102913304674757,2.1187576528696823,1.9486430556350456,3.788276714619087,-3.523039869766137,-0.5330903394879627,-1.2742282637508993,2.3662049161470193,-87.44392394725266,9.435935346371025,1.4432716007416175,0.8068619948168845,-2.505436257754468,-3.04934939684049,0.3126566373040198,1.8901418921015534,C
-0.3432484655598955,-0.17373655393866727,-2.6322063402542426,-1.5918384574096862,-7.739734268396063,-3.4523430540330082,1.5905784102262892,-4.822849801870888,-0.8723378983575003,1.7569934337496065,1.551178072139379,-1.2529925238831083,-2.794624441846196,-1.0105116952748716,-3.045764587678036,3.8617239379882236,-84.43089215364103,8.308278190509895,1.2870272035242856,0.9696228855877109,-2.626550223923857,-2.528353898759349,0.29989689266848174,1.9168676956666104,C
1.0463875301582561,1.0075304350033285,-4.188892755430345,-1.031475868535864,-7.82633935767862,-0.8113649062759691,-1.246254280821793,-2.419048582051488,-0.3318327316348473,-0.8466272352399073,-0.6652938389846099,0.6551954389898356,-4.645529253515434,2.0291278286067467,0.2951528287176757,1.5826747904643028,-87.89772492628003,8.026860053844132,0.7968461868180485,-1.1150397253250617,-1.5547328621008205,0.8552661557683159,-3.1976145006757797,2.7072482512467673,C
1.117384383395489,0.11934034510221281,-1.865469423319496,-1.0664990287539808,-7.468104140890574,-2.8700074291655255,1.1700352301101251,-2.4334409204546716,1.733819223257683,1.7884861313488543,2.0652505973709196,-1.4448378955955263,-2.0890158771500182,0.4396696978953827,-3.5231956925192662,0.017244788812753598,-88.2698060696722,6.014212685702148,2.25245707776753,1.3016586165624204,-4.054672047886356,-2.447448891576067,0.792521493109156,4.043174345129273,C
-0.13921859865519082,-4.32106718225394,-1.0249353132286387,-0.9663181465115116,-6.234302332813826,-0.3416078538156171,0.9897638830340201,-5.164384184272393,-4.5870906755952205,1.1793910679882842,1.0083282992674754,-0.9404632491022653,-6.597973062506924,-0.09123558120374753,-3.87534984688682,2.4073360729648385,-87.97917308060005,7.398533969241157,2.393497798291823,0.9874039870043987,-0.7534009976618563,0.0729584131445904,0.41881087804600625,4.59856902441021,C
-0.37609927133445353,0.22427240403854398,-1.6909216358301364,-0.824055571197988,-9.222083370709782,-4.513636270237782,-0.1515938469511493,-3.3252944946292757,-4.092802323422859,1.1302506832624246,0.32715216285362203,-1.0944278277221997,-4.342678607923688,3.1742857246227203,-3.4745666084111235,1.4548017192857188,-90.62881104295863,7.258588917452414,1.1256244952592471,2.819441485513039,-3.1705529536591257,-1.7133313009231905,-0.8257139508346221,2.4722561609610807,C
0.7272517796854459,-1.509347569685711,0.9213560139241963,-1.174281642931149,-5.801275270764535,2.383472016624239,3.892976588922397,-3.697102935929479,-0.34869588915745453,-0.5534148175683242,-0.9142532171882749,4.659695967040591,-1.9561210487333653,3.659987172536816,-2.288445864853827,2.8517697081414184,-88.53926367033912,8.394344554780957,1.0998326022970275,0.2695764947262944,-2.1648823733776794,0.5821438345574785,-0.6837229508964846,1.8822612315740912,C
-1.8098543226149957,-1.4720172573667796,2.3142252849048646,-1.2679471879502415,-6.954577700792271,-1.630443336175631,3.4569584147638928,-4.142626145307133,-1.8206226999959654,0.46210588412055387,0.8196405855063631,3.398881945856658,-3.87720665150664,-0.9211905553480477,-3.211764746756046,3.686476158728901,-85.84944436935528,4.45248299908593,0.8854887791618573,-0.2720526233516125,-1.4752399289224627,0.9825963178511792,0.3041044381603868,1.6317147321749985,C
-1.8946952197047722,-0.6377183852012234,1.1386117296871134,0.5885244131648619,-7.6156608842534865,-1.7467264663897595,0.5367773893407994,-1.6379641916960566,-0.8646666906015525,1.0405222303296426,0.43534095425812325,-0.918785826255089,-3.651728423105908,-0.9309626256329295,-2.1833179451086835,1.0081956951434066,-88.35505551976028,5.786657963956145,1.117072515978541,-0.8967582599068606,-3.3566998235774577,0.8568950807217686,0.6687206785798026,1.6579990941394271,C
0.5082910841166495,-1.9639630063216593,0.7343309005810852,-1.5155485960671982,-7.122492016270627,-1.8023632978200794,2.6180443690589126,-3.2604080062110086,0.27962773746872926,-1.83689939818224,1.618913079585127,0.628698448216312,-7.318513781517595,-0.28969678065780613,0.32866645971847674,3.4783760892427296,-87.88048525446932,7.730109775457549,1.8972081137728516,1.4208433470576693,-5.5631799344018305,-3.410435438411821,-2.2297413683929825,4.461476523835756,C
-0.7271378079930741,-2.6960444709424003,1.5744354999253574,0.44001670892631495,-7.453578740323195,-1.4880913174308716,1.432297799188082,-2.2387808061835983,-2.9222210477936414,-0.3189803566219922,1.2298661145513563,-4.9511005997457005,-3.0424982918444243,-0.5219592979741208,-3.6933477059614006,1.8202310235898835,-89.92211425668228,8.733366594824474,2.883135899618221,-0.5615996831141388,-1.8006767307465452,-1.2393040794452403,-0.9947187156504249,3.6568487057239167,C
-2.416506961322227,-1.5130127277438952,2.6085708333706066,-1.1068149105435268,-8.463127704327349,1.5865050496240656,1.204107581457933,-3.108915033815464,0.06281083962329603,0.7120155085914064,-1.186153252649433,-4.10552360486264,-5.254352851971504,-0.962049463608615,-4.4839635092613435,0.9591913518430246,-84.71704595172278,8.690441867466575,0.633271483787051,-2.232098954834939,-1.8289302912227754,-0.8590778023538537,-1.0004199895728867,4.976572810246978,C
-2.291078182445176,-0.9525150478285269,-3.8437430894941826,-0.13663493761440293,-6.556565306512937,1.2159612788555592,3.3957367703332135,-2.2197727324200116,0.012227525806508766,1.6800242663077967,0.9441214138390421,0.30304078750333474,-3.3300093941669786,-0.27652885651041714,-2.403414861203885,4.755888082927115,-91.57591536667806,11.092703924257421,1.9510994743707641,0.6724737452167915,-2.6966276971457432,-0.12903257272577306,0.2131547401048941,-2.4433025565163007,C
0.5282473293664225,-2.8032841888078224,-2.897861471184342,-0.7398922023169732,-7.351772030653905,0.37037409303468394,0.5693564419508945,-3.3745732441210805,0.37183581266845067,-2.9877592930857872,-0.11280273465149548,-3.022763523291019,-5.507656580032005,0.2995795529741727,-2.5805951143147468,1.7624037377542336,-85.8368198104275,8.053143200629052,1.8437240567951854,0.7003009847927615,1.9751797775344357,-1.8623810523095745,-2.4563021750816603,0.2642483760787968,C
1.372860162104672,-1.3007049690673718,-3.61662906367053,1.116577955772378,-5.078017064988245,0.24664254719368728,0.3324788072206193,-4.235472659288263,1.7403876831612024,-1.7452695551392523,1.8252506967947113,0.1966000595444939,-5.750508617556761,1.4471817516483085,-1.6601179298636453,2.1357067187554506,-90.85442200173334,5.11803826434857,3.09938016738829,0.15677146393805685,-1.9844256923203716,-1.3931049322510214,-0.5683388913184366,1.8984615638703985,C
-0.3247907852935157,-3.358487930677602,0.7067357741140654,-1.2860009694510097,-7.758738227119721,0.44221426709259504,-2.2955755805322227,-2.936654462857831,-0.4890727163456745,-1.0989798056485256,0.3081460775657092,1.3503137035808095,-3.8761176020422,1.5732901922028262,0.628697916298961,3.87597811875834,-84.29908244693152,6.56916727665066,2.811733107626189,-0.6103342530952176,-3.791212939783918,0.11544700792257423,-1.3343564823547247,3.9290745612103137,C
0.34227329112584925,-2.159845340103044,0.3891799642299816,-0.03916895642869633,-6.773625240274583,-1.2498146519720308,1.6699901261696404,-3.5008128930004716,-0.12530881911010283,-1.2606536803093746,1.7828995480081176,-4.023395858556853,-4.404306965133458,0.7005746193450761,-7.231809575835541,2.0169281206087177,-86.17496479158739,10.194118503761047,3.370601929232028,-0.23580891190593434,-4.735558957750925,-1.1934217183158413,-0.37693597615785635,0.6188169541861157,C
-1.5474610236675517,-0.36975478695743114,0.47765578105162376,-0.15889684803136106,-8.403939234393135,0.8828501208556645,3.1150127741492213,-3.8025791979486883,-0.457319935793862,0.4596627897375569,-1.1101369206358527,-2.563738798805389,-3.3540365048234264,1.5692176938985583,-1.482287693765329,2.171543873230192,-91.02383397701352,9.19612509666274,0.6285204571027077,0.5568161010743893,-2.996217712125542,-1.786091529661718,1.8698066900952952,2.865367059354355,C
-1.0764181178859928,0.2576658917638657,2.096968464433246,0.23992647493796682,-8.645975789756704,0.8556948065439656,5.223429080123832,-2.9708610223972016,-2.2463593749995425,0.3617893436484536,-0.7084609946689966,-1.9932253246731761,-1.8840383220692445,0.48012157277939593,-4.170120652970695,2.6667479944012698,-86.45650336351042,8.357766268493492,2.2221855922791915,0.3743744517884693,-3.4228462184710224,-1.275684173222582,-2.257976770219731,1.1556023733567713,C
0.3255727881519306,-1.4250489597536262,0.9461047755457344,-1.471023743021071,-7.070500944526401,-0.5277533980834619,3.779356744947486,-3.558237198359649,2.149494128473691,-1.0920570656615993,-0.9905399957029886,-0.7841032753501054,-4.362090521765225,1.8035161824637171,-5.140321411684624,2.3630823016273865,-88.76270242403248,7.947575358257723,3.6677514153638278,-2.0565778015963474,-1.3539082522839863,-1.3040552656434787,-0.5884296521147583,4.130560698220734,C
-2.0962822442381253,-0.3100260820992826,-4.01413101348146,-1.0631057916702318,-6.881000151345546,1.4934397757004945,0.4344245949697596,-1.982216737497282,-1.699730421247068,0.7185316639896797,0.4580093422450773,-0.5977325085939356,-4.738519628188442,-1.138249077153894,-5.187407521519162,3.2548013671598213,-87.95813217537687,7.914947952202169,1.9220498554037837,-0.14865763392367626,-2.6769235602325807,-2.0654579723981765,0.7775890091080981,2.5136460060367085,C
1.1446720694284522,-3.99554669817865,3.690233718251136,-0.4373127661658174,-6.798195439541956,-1.353624654225655,0.9098091101969992,-3.8133043315079647,-0.3283297555495892,0.5997531176261504,0.3818558468362312,-3.3898200048379294,-2.6421807709433267,2.401751337802338,-2.895527489571009,2.036069349746292,-88.55215932467657,4.742008537741924,2.328339538935639,-1.3471666983348172,-0.8114283635060247,-2.7527431039648453,1.9822047703601164,4.655728862504191,C
-1.1665516882161455,-0.709528473396638,0.15112114732880855,0.6065784742950271,-1.8623137825672131,2.2130796738022127,0.1481348568713372,-0.8874216968660562,-0.29569447844443175,1.9786672973633728,-0.774567716711033,-1.4700277950228156,-2.2320911210697147,3.753380410311003,-1.0558867850319302,1.0884212538774491,0.4615090971382898,-5.841822089423374,-0.7361403449897868,-1.6957634766175715,-0.42489070288138464,-0.6205710699515077,0.022159353713693264,2.231786565858897,C
1.9842798072501466,-17.384322129331647,-0.08560338803061995,2.7851000183933508,0.19191018552444916,-0.04801240587829625,-1.0014084766008367,-0.42060321100197484,-0.4455145981726787,-1.0136331705636508,-0.29100520041660616,0.954441504569786,44.11707098112498,14.402685716724129,16.23843474320006,-2.536245442593369,0.9612082951749983,-1.0689016544110927,-0.5503683232603025,0.17488309931016488,-2.1012052731055633,-1.9249384913514707,0.6740900264067236,0.808445960412314,CapsLock
1.0909313826752225,-17.94889223845305,0.8307131872397804,2.4454615336283894,-2.70057474348701,2.7201972810914867,-0.6824036500766955,0.9015684723310642,0.40488815100542297,-0.6790174925100132,2.235511785584549,0.9185225360584468,44.35733898069634,11.641463443531855,12.767208400537072,0.44529295542436387,1.0722488368799503,-1.1615373899703627,-0.8487394552414254,2.1904472022425097,-0.6741635228491987,-1.4674724543531594,-2.080751090243904,-3.3303011452508713,CapsLock
0.03672082685204714,-19.592512225241784,-1.7171842759071296,2.411118325073744,-1.6122974428206476,-2.5056838069582454,-0.2914533122826626,2.441069265511942,-0.29724780328621137,-0.8922761477646688,0.927863900991241,0.9925452554977596,45.81824987792973,10.2948581616157,12.803346101373108,2.1118532018185974,2.377858071305795,-2.084860690707387,1.4850163781545949,1.8710355921958524,-1.9194270014002086,0.3447449171429904,-0.765773988093688,-1.6938942545198188,CapsLock
-0.2503798071402912,-18.325860494510174,-0.6055163148901102,0.923471077759281,-2.7841949512606448,0.707543395168102,1.2918951201028896,-1.0546768740834978,0.25573576638117856,-2.952637607764288,0.6186321264755463,-2.5800704793103364,46.18666294867748,13.716486435281894,11.414862275413327,1.5585509271405016,0.3624305656054645,0.420550310644785,-0.30127335511612996,0.25890845209889335,-2.3909437719831885,0.1756046620693752,-1.1168144286487625,-1.4788355834401727,CapsLock
3.654915862622545,-16.41780607452228,-2.355356380686544,2.207090550211163,-2.3875435719213556,-2.4956072893094188,-0.8060687614976167,-0.5555371521828647,0.021409981154192792,-0.7520501305765137,1.9060536093039673,-1.409282954564901,45.35168637264479,12.915581005666205,10.240984935640256,1.437871705275228,0.25709077653854706,1.8587558880981305,0.23492582966408038,0.3691359903328646,-3.346456572242971,-1.5726761751320613,0.46395445689900683,0.7699027563593859,CapsLock
-0.4105606369090822,-18.950430681263256,-1.9410032594425957,0.5800313282961653,-1.1430211457821429,-1.2759810067426542,-0.4187837723348089,1.1611124099106291,-3.087362179302488,-2.782546688166086,3.357186377615619,3.3945883590221797,43.515987731381244,13.55535532817597,12.332486604855148,-0.11072575309383836,2.8943768151746525,-2.237286161534257,0.2947900711691809,-0.6522209358041096,-2.971308513658073,-1.7944860333506387,-0.5675842138436771,0.09317789179669944,CapsLock
-2.266218471613712,-17.77405051559353,-1.9048729325371596,-0.8284748424686086,-1.4674536707264565,-1.5657141477829555,1.1914426538545024,2.3220168929290423,-2.1598811416275225,-2.8300582834648935,0.02514981120492621,-3.2729950961973486,46.57802163406305,10.904088241093966,9.805613184588594,2.5072827974896796,1.9083116039433037,-1.40616458392185,1.6427539573546583,-0.02032079401473652,-2.429925959659897,0.5005819674255712,0.13558325357571022,0.010829479925916985,CapsLock
0.9623783218587789,-18.388032440901974,-1.7811324109379143,1.5048724539225447,0.7032722526995485,-2.929237881344932,-2.178602566188303,0.8068155487194986,-1.4391378880836214,-0.25182355827221414,0.6079133035647715,-0.304615422174777,43.340602277798894,10.636124203367068,11.784094342676838,1.229093613913605,1.1727030033440968,-2.2287470946154144,-0.7292823918523835,0.3342491097430411,2.9768607354493497,-0.5528117699056718,-2.0922898469467235,-1.7543405734094222,CapsLock
1.2198887668796203,-18.161878634901697,-1.1906985807802357,2.0731089093652244,-0.5009404711144612,-2.2893039318787487,-1.4876525565704277,1.6074516261860765,0.7905482034127544,-1.7512803764515326,0.6649235364815524,-2.0038742454833027,44.85376787170139,12.092414000498373,14.89351764606522,1.6553377472199173,1.8910736947039481,1.5175481818710637,-0.7224951136694789,1.0674158345910314,-4.162471948683503,0.7001295245335744,-1.9254567996408873,-1.1071867725486868,CapsLock
1.9549569163599756,-20.543145603507995,-1.0739618295518198,1.8791266857854367,-0.6574550074240051,-1.0326593575450715,-0.9610914933390386,-1.716715672005762,1.848554717880063,0.5952355794087438,0.5548361788785314,-2.072425895034314,44.51168480810105,13.234314034578638,12.455998810781693,1.7052931031791445,1.4399874553423047,-3.2059421232053182,-1.8559792595201023,0.7447472739933403,-2.5836675528265687,2.55564980191291,-1.3785338725439296,0.6104594853611047,CapsLock
-0.6735030865564511,-17.419616212672324,-0.6103347781077559,-1.3562584322416598,-2.3234732146806323,-3.92242036486266,1.9328906223590545,-0.6637279182542102,-2.2700448207936006,-1.463361812677796,0.3651965238127559,2.370522445472261,43.96381569454144,9.465038828439965,10.796603649847725,0.6843420677356704,-0.9890624965476604,-0.37750217075199544,-0.9642598246276666,-0.780095049551548,1.511062213328671,0.37569510588765365,-1.6274935113897904,-2.0679656916132103,CapsLock
0.24685962245445126,-17.91047584557434,-2.2544013600064545,1.5800765454045802,0.2747182114541431,-0.6388905222615904,-2.889779306826039,0.41871685183386376,-1.6099592445333428,-2.214855679196951,-0.09593510112537729,1.9401782513793364,41.20937791394542,13.490739703976878,11.776429652702348,2.057012516694826,-0.5428631985348034,1.2249546185668692,1.5561475741118997,-0.9157047134328877,-0.28761876447111945,-1.16190686660169,-0.236905167005677,0.49220036267655587,CapsLock
-1.4309673409443633,-18.970113969928093,-1.3588914485598593,2.628583624792263,-0.6156436745487497,1.9977094715520707,-0.4472906058384982,1.0432867058797513,-0.24818860084161543,-1.110827786959078,3.512890430570934,1.5829809084247586,44.80652932587364,10.839608375238747,14.401202137943415,2.5724427841668955,-0.9047645568846292,-3.180759183442831,0.15049139401600375,-0.7701859090812206,-1.2146667839493261,0.26193938759603785,2.9259908935064125,-3.919200783569238,CapsLock
-1.1844545749305269,-16.855996285736374,-4.107403378309243,2.148311913399617,-2.064196851359611,-1.5337412264028671,1.6045195301539188,0.05898927024006184,5.046031949833548,-2.138836478392946,1.4593124309553502,1.1611802553210282,44.41367477513654,12.475626474095826,12.716181269995843,1.8839352242309246,1.1262759696305977,-1.1488341511853832,-1.283807297582543,-1.5550717747199059,-3.645624174229738,0.3915774108861987,-1.4417922723346912,-1.3327593430732918,CapsLock
-0.31146768561347926,-16.180113813564326,-0.5893091057820357,1.0487648474230937,-1.8972267442249517,0.672073131717184,-0.20566160815658918,-1.415490287677585,-0.025683530228661766,-0.04725274658196099,0.788859715802289,1.9493758351604242,43.1186533520729,12.217165095817059,15.506298711578893,1.5149756713451978,0.525325471351735,2.92486336962736,1.1695413372376489,-2.5966567596848336,-3.1695013759141375,-0.296793788995676,0.0531857304983383,-2.475304685842275,CapsLock
0.9783977442949947,-18.45563437102616,0.29174826063666615,-1.4784294182273285,-2.0933801208775833,1.734898744609609,-1.5490100355364298,0.8801162167368375,-0.20197794504241529,-0.4339945159497205,0.7018462571360544,-0.48485002916356734,39.84322516697674,13.95974473288711,12.008578001825583,3.2420798100259276,0.2516601113713506,0.4634764465062631,2.0399485403606956,-0.9761140936250143,-1.9395728284735014,0.644744829354253,0.8006063288693461,1.1036611079572367,CapsLock
2.676587306233813,-18.4259058406451,0.5683455589610276,1.897451856241993,-0.9827024345574102,-4.0001750665030045,-0.9576978471678501,1.578398891811048,-0.3885744037881409,-1.1408282440322992,2.9099020278029286,1.9990907650777672,42.60960767954833,12.119020195180077,15.39218953763583,2.9658358527825683,-0.26213983389033046,0.321123074493471,0.058319479578765376,2.3270086002955708,0.15038951200654083,-1.0328118221527847,0.39105864736293583,-0.8238003487558103,CapsLock
-0.33901903799790034,-17.432783354893076,-3.3058461532933165,1.0312535055168581,0.32969453754645883,-0.15861291448612747,0.38782251240655974,1.0621518441450917,-2.1230870228757794,-1.1842674307844092,0.3964183261229266,1.7286198774663717,44.3140374786239,12.714948187090307,10.121416871222493,0.28402534774839694,1.816548553743118,0.3625163717837836,0.2894958845101916,-0.677197792156619,-2.167557668555901,-0.8989656171383347,0.6971671013810976,1.0370903392125683,CapsLock
-0.8175302165452933,-14.405498334805955,-3.0463221557059796,0.2762308852251181,-3.686773438052768,-2.0381085818186193,-0.15122724395856935,0.7074490853560178,-0.4625968470502926,-2.6637689427163806,0.27397395925356705,-1.71281454260577,44.09860899249463,11.154133775806137,10.848730462674723,2.629454967584998,-0.3054428204150952,-1.414925144937115,0.06822899148583272,-2.892582559438708,2.4628478368704805,-0.41082086911082527,-2.1461813956903377,-2.2065889870477235,CapsLock
2.3406139308184493,-19.085634438862183,0.9108708788846798,0.669624682258096,0.3355320945494782,-0.5280743468957212,0.7255602148668716,1.2834237422335093,0.07966511031673917,-1.3569361018529804,1.2073704911310301,2.5076188677626874,43.710103893987764,12.20589854797101,12.297880996911829,1.3253379909462666,-1.309832905212545,-3.4194817921903677,-0.3140334933580826,1.364294335136762,0.717173655238696,0.05546874943308744,0.5686156562011604,0.02353144829589837,CapsLock
2.354190648971894,-19.31993297818569,-1.933562825336253,1.8405747234637388,-0.006276587024899527,-0.24248847567821485,0.056600848832268014,-2.4990215802088755,0.08294576377403473,-2.0797874434112416,-0.10638730258895635,0.37144239165087356,42.76245566003033,10.886033461903146,12.248383307962456,1.2295003331386312,0.17482747556950073,0.16081387757247967,2.0767358024746203,-0.8867916004300156,1.441193806230217,0.09089877667416779,0.24988197654624855,-2.5504358147661605,CapsLock
-1.2059039720909652,-16.667851457552754,-2.157816815544095,1.3115698160714686,-2.5831541361402515,0.47234013981244516,0.19682712213161224,-1.0052675342132318,-4.358466562123851,0.6234709121911948,0.5846996589760636,-2.5191841549413425,42.89847413517879,12.057934812658111,13.062422222431508,2.6452016029184477,0.9373182305384944,-1.1564986478358605,2.3665548483451744,-1.3669272738493987,0.9679240838656256,0.9268262484758791,1.1040003133575773,-0.13568295467530334,CapsLock
0.9902071080269366,-19.471018903180042,-2.4169001448268546,1.7798947897517863,-1.9759615710508172,-3.276360308478388,-1.0307294907807414,2.041704417784956,-1.6912118682164987,-0.5643117240801558,-0.020052010791147268,-1.4552661508406572,41.50340604507653,13.43467591298667,15.240203464698595,2.488143425643635,4.1356437959284165,0.08109632949555134,-1.694983815741222,1.5459233468864397,-2.1184992394074698,0.7688173033527761,0.9215566876787342,-1.0901029494610839,CapsLock
1.6504814790058049,-18.806131946339416,-0.42265031937080266,1.418673224263543,-1.9150093093806788,0.6676860296332734,0.30963256448856846,1.7803885136250983,0.21522601511742323,0.6944658563536947,-1.9480606159196725,1.5133450977453435,43.34073805340384,12.78703033033014,11.048238673974595,0.5944775802818469,1.8401681097385847,1.1252997295679847,0.7612153875892596,0.5751992600386586,-1.1018843375498477,-0.3753909330567593,-0.06260601492484952,1.2157915552759277,CapsLock
1.5198897334998094,-17.163054971349805,-3.5524491463910977,1.7997149866716313,-1.806953925361853,0.017244146149096196,-0.2390551944318542,0.3660464394682208,-1.2459739912899295,-2.2288369278713063,1.6132493090043738,5.501407035448608,42.685623521347395,14.630876750687285,12.58324788724525,4.063482229448468,-0.6483393155610173,-3.4192542498137186,2.2477765139422434,0.5009453664928003,2.0189337876269633,-0.4094633418785474,-1.618669531464004,-1.863197271700244,CapsLock
2.390300138309243,-19.10260269480063,-4.256758587452737,0.7476779210707107,-2.92035074170181,-2.8828081341906113,1.1440670082817181,-1.0607861618115066,-3.1767162119311934,-2.472094269213038,-0.057926838456609175,-0.6898481180175509,42.43204817993717,11.073907343661759,13.436704962683564,2.2865602123553046,-0.4320931861841615,-1.3201020308957823,-0.35272126162645323,2.3365095232797017,1.5016415336235127,-1.151182839585108,0.6393393443181417,-3.7654666748040313,CapsLock
1.9043252163016575,-19.576494154779176,-0.6431895608336617,0.15093648035379204,-2.2906225746123994,-1.0648585785044702,-0.6386933583134606,0.600209735852701,-1.1995405709791953,-1.2380224806841085,-0.0611835335437263,-1.6245601646451746,44.18806789650205,12.86779901910166,14.140370607126442,3.9295012100011846,-0.5021397620842691,-0.35428274025139217,-0.9620878353906466,1.0478684558438545,-0.8325091000374414,1.307052618911917,-1.6455476570992111,-0.8857739274376399,CapsLock
0.21875994790161712,-20.817489397687716,-2.795345731294617,0.3360949984588615,-1.8620712260944572,0.22770830608436654,-1.1395982385954895,-0.7212848715117275,-1.467171583908737,-2.2114611302716227,-0.22312988115581334,1.0503659027244794,46.336800788706825,12.002548591303217,11.587869629459249,2.6966506424294536,-0.3813257174253124,0.6430565412019291,-0.18955385398972324,-0.7954346480562151,-0.36602328339256474,-0.8241692141984922,-2.6735566764934866,-1.0947004709366297,CapsLock
0.5426504889437638,-16.94667495041419,-2.0272966413536437,1.2640587075349288,-1.8187652913783552,-1.7258119863099068,0.8279130330797706,-0.08734584480430385,-0.11656786059847946,-0.4162129795539897,0.9398079977592886,0.7794588761142336,46.14648368483327,10.004631112215328,12.442419040870448,-0.49950329002977156,3.3041955904724887,-1.9856506126707814,1.3939303979086246,0.795651139755762,-0.934779221201893,-1.7101873521087447,-1.0602083913880413,-0.7620321630410558,CapsLock
1.1561228543187951,-0.9070568646643888,-3.0303089158048238,-0.17265002379521377,0.42303447318141707,-1.1396631059989204,-2.497058312984908,-0.03624075421203088,-1.94112795748174,0.6150575155732838,0.32361317163702097,1.8762802563131231,3.8762590853990275,-0.7404575423741804,3.7797935599872403,0.8515608071146659,2.906711605027496,-1.1836240974238308,0.22628263606643917,-0.9667073265923705,-0.5684958276349903,-0.42523582359728973,-0.6206910738391045,0.5398096228809663,CapsLock
1.2594541562452548,-1.3589593476515516,0.5100730499686961,0.006271422166015839,1.0108596224544044,-2.9049741487110055,0.017234516086611862,-0.8473905603748619,1.3620564815475404,4.007261586392197,-1.1726983051562172,4.422642516814278,14.81192450807302,-14.0704835599321,-4.87905594134395,-1.4172653907328012,0.3881649628377488,0.07120694232156666,0.8088380602792475,1.901524825014306,1.2892086231358917,-0.11554483174198449,-0.7490825688978902,-1.9796421467356708,Ctrl
2.619908097625,1.1987783515938988,-2.5334376425068967,0.058533927744797154,2.616607339021499,-2.2919807029477397,0.7875965476003657,-1.2027720521955985,-2.7530507690976265,0.34169597138978247,0.6883860796756949,-0.015494264904134525,16.69703271705299,-15.41871914507146,-7.209921033211515,-3.0189398253428905,1.2900660077264803,1.1949154273682439,-3.2805286437035837,1.5131549290447452,0.6696510810685368,-0.09939091921931098,-1.491209449733521,0.4913930813204388,Ctrl
-0.023897400178839234,-0.7539367255258282,-1.4695186717860906,-0.3397474562011382,1.0980115425486474,0.1632800027843473,-0.15910052266380958,0.07324785631243458,-0.7349217534814443,1.6794779275748368,0.6169861182300167,2.734766860617299,17.101698702850854,-15.314058164984935,-4.471490343740697,-1.3502069932066902,2.375903455639474,0.3322586139668715,0.027073348199085245,3.0001235848683194,3.3158820358904677,-0.5055447903046231,-0.8037885796732205,-1.816481337602852,Ctrl
1.7114890849252617,-1.6474208944199837,1.679334364395345,-0.4494307838544316,2.1127158921182456,-1.0467187986067188,0.35103545118456214,-0.042135557701442394,-1.481723152263612,0.8761303563873994,-0.23903069157009327,1.391392489196562,16.36540587329415,-16.14713556205094,-7.019390237246853,-1.218803739038627,-0.7872667020908466,-2.4434046807605796,0.7325485062378108,0.025913665633552796,0.4690373877622278,1.0567628810686331,-2.2322499928193764,1.7068654934298593,Ctrl
1.1892682144368791,0.04072399611927313,-2.9145062769543983,-0.9082534605691563,0.739500990923375,-0.1993968610801744,-0.7335800495115485,-0.29421856882811426,0.8695116358974246,0.8100219841867329,-1.7900722247510998,-1.3098069759035411,17.52196798112257,-14.409849908336788,-7.0655947342950185,-2.174052324044858,3.034138769089523,0.5766744495243188,-0.4936507935065477,1.677272270927773,-1.7505735117358086,-0.808531298507932,-1.2270465679599951,0.7478362396384455,Ctrl
1.8690933611422338,0.3498189076902767,0.9239838182273843,-0.11454309889857228,2.639138356480345,-2.8086178094505385,-0.9985575065925794,-1.1452138147141682,2.193174800269219,1.0735060000183125,-0.5345541080805845,1.3129863408297524,14.986900176863685,-15.054918062305024,-7.523313914026744,-1.7027397588670468,4.067847609023872,0.47658071499023436,-0.37840177982155376,1.3695364308078553,-0.7580427235039906,-1.2239158322800363,-1.7914813306299031,-2.8234622128856017,Ctrl
1.1011764634073131,1.7374207320580313,1.3245445959864242,-1.5945882621524348,0.8296379858505532,-0.08179117359787824,-1.0961591796670191,-0.7966158005385182,4.22072043578612,2.5086186796163403,-1.7075372966234852,1.7991796913670441,14.771201920867327,-17.984737331614795,-8.747331330864256,-2.5732834985656368,2.998163715897803,-1.1217148575582314,-1.213379269261708,0.5326565245202772,-1.0596161877380155,0.8371248996203935,0.19571398725556577,0.8122270866849135,Ctrl
1.5089550902764586,-0.2333484245317452,2.6162392854307654,1.8258191564913133,5.700225599746062,2.760231752421987,-0.5662042933384352,1.5987686436162392,0.17855229580624155,-0.9153174479211899,-1.2082624826564086,-0.08382146526298584,15.14708090997047,-16.858854643463566,-4.803722512637421,-1.9483057653505753,0.9204257367856314,-0.48375063134034235,-0.35030231652809807,-1.2112807305105804,2.680327317458648,-0.9142779199138493,-2.6131549336014643,-1.0289347741306756,Ctrl
3.7837970340777645,-1.6604525535031138,-3.1054741785380884,-0.9647238257913884,2.3137522745949184,-2.487335430438236,-1.9785123752285667,-0.3593796049785851,-0.8253671554628568,1.7637773516901873,2.4438645787300857,-0.06126659990479766,15.810883237260327,-16.26998531041211,-5.576366472753023,0.6660381143146239,2.4986185313783267,0.3324820689211947,-1.8003475928635682,1.0267732532899885,-2.422470826851736,-0.3057258468299935,0.07680002949575382,-2.2183409213927234,Ctrl
0.9067848762059896,-0.2264254387902911,-1.4861583191189425,-0.6826429847269324,3.5406370733611823,-2.7643784511095078,0.34601266604957814,0.6405341725065625,1.1798426508154307,1.6221945519771879,0.24938472530280364,-1.6148885255004757,17.138348311894447,-13.984556307831497,-6.061238398348678,-0.9831476635825922,1.8838200261044165,-0.5912857113654582,-0.9087638552269799,3.039218894717024,1.3888514708098683,1.66667247582886,-1.3217975686880017,0.9066218775414541,Ctrl
1.8857904947545592,1.3647963248550825,0.2255777748078458,0.2052758724850534,3.00429798412722,-1.7965890781864005,-1.8961140218935615,-1.6199199621972014,-2.2935683085578376,4.348392152881296,-1.3468612673663642,0.04057312674598279,16.364592241520086,-15.54496339057474,-5.842460642542335,-0.2930122014387493,1.5494779947549944,0.9325512513042327,-1.8971348317937142,-1.2035423495606068,2.007764746757232,0.2861294040960489,-2.4227028308712875,-3.3755755206485674,Ctrl
-1.0250218003220368,-0.08334840338693095,1.1576707504070214,0.4186690087641338,0.007283238475338294,-1.8379880647266305,0.7897683794649435,-2.09869542849475,0.517794090029895,1.2689808991031768,-2.2465850349533127,1.5418502528684144,1.6663554532838134,-0.3105282840641621,-3.7829403733468894,-0.9046860899084663,0.8111519281034845,-1.3457463594318142,-0.8953249526137157,0.6560505680413797,-0.8449908938854946,0.022509473330300622,-0.8959607276743604,-1.3372989932784094,Ctrl
-1.3243463952253478,1.67199095350587,0.3125308611430455,-0.9685260881795941,1.7039798694451633,-3.1596751261572535,-2.350865200583236,1.321707560957492,-0.09476697274402568,1.4719223482987331,0.8132744074339371,2.3506306986404866,17.091241806375308,-14.148673456390512,-3.195132380558448,-1.919799002185762,2.183006608367677,-0.5588756015132503,-1.8285828970573674,-1.0472973414630928,-0.9544943162730988,-0.6869022975302386,-1.840349582447704,-1.9362764196606008,Ctrl
1.1409455489073537,0.4643890666530268,2.872689928150294,-0.9070313282272693,1.8645714851479909,-2.5420851531563358,-0.3905483583012437,0.8398082684129804,-0.7344762244586036,2.507940215857417,-1.2572653035300903,0.7827743527516873,15.514820308633347,-15.587587352355687,-5.945392870872354,-1.509165728607961,3.59042768245385,-0.02209034804889143,-1.032836172689142,1.43510211485453,0.7092836659986119,-3.4216535792253833,-1.2649198559376735,-0.5543586508628096,Ctrl
1.0812203010106884,-1.5229412148117465,-0.642326487821208,-0.8339995877365922,-1.8715823720530125,0.4747017794653061,-1.6291005312080493,-0.04403602952257302,-2.572148034280758,-0.25952645439036814,-1.05188234797032,2.1197995213303216,15.762150531475186,-15.632383842917058,-4.0485934329481665,-1.6187132288730908,0.06915926419786445,0.029156840467464917,-2.1982209415085263,1.3457796768949635,2.2374951646906425,-2.5538254723182194,-0.8732909277315883,-0.6842309133946287,Ctrl
0.6479163575320115,-0.29728506126014587,-2.235807325543931,0.12437142536967372,2.1171958725869615,0.9860771859981128,-1.888783817650527,1.1744247163104546,3.646272596817255,1.3492069135295708,0.9612410805815728,-0.04089347901435758,16.545540034643494,-13.289668787546276,-5.522277614403208,-1.4148216059068588,-0.7825137757174758,-1.668347650173473,-2.8294426591585258,-0.5188359231386386,-3.781183471126724,-3.02147255115381,-1.4656893580509838,0.964655954491036,Ctrl
-0.6720859540709796,-0.35402706658677463,-1.3199335451423053,-2.0394299456566998,2.189815777670418,-1.9374170407942302,-2.811182072640573,0.6033385197563064,-1.865846913885207,0.5559036577320526,-0.4445523571173169,-0.19201254893795294,16.9735518296184,-12.430256555410523,-5.543076407177523,-2.0605677316934177,0.7926884204986777,0.07033604520972858,0.40567063528434844,2.826910699766856,2.4606603539935463,0.4763103509758473,-2.070032484097702,-0.9967463240811867,Ctrl
1.3878686727805132,-0.06610863124621869,-2.419992729911428,-0.5041362767975457,3.01081326611515,-1.1544687720937077,0.7983205371819952,-1.9827709281545083,-1.7145245223233587,1.585406536741047,-2.4894390057183102,-1.6621841709597334,16.225588332508323,-14.269759647766392,-6.687160084443519,-0.5199795771811111,0.47178366544572725,0.1599058826849955,-3.022474330626476,0.8125671273487711,3.005547292580559,-1.1074452941665838,1.2011890116558206,1.0756958886062193,Ctrl
1.8093610293009874,-1.2092308343481664,0.7295086045766652,-1.8974394359330589,0.28760339134495894,-1.0668672217454969,-0.9627201870588316,-1.486075968056582,0.8489222406591921,1.0938680703694814,-1.4477195984166258,0.022169176749514463,16.719838199390892,-18.084374761037715,-4.761672024135237,-0.24441497782030552,-2.258352422239412,-0.5888753750479623,-2.8625647617578633,-0.5438127863955771,0.583136122207975,-1.0450018022556673,-2.931073481495009,1.8183405999237152,Ctrl
0.6242972986554491,1.36099541141978,4.05356184159416,-3.275538395877433,1.3760158116954528,0.6453071101266801,0.25927065373221403,-0.7842622572958362,-3.952749073148823,1.8160407548447992,-1.0638273146965105,4.60659364008211,16.868751953124814,-14.369804164075205,-2.0617808379432176,-0.1343252278324485,-0.13703802048337366,1.4778718432954747,0.04268423959087286,1.1315691597366282,-1.5363854063554072,0.7727810393739176,0.6093334835277275,-1.920722562901517,Ctrl
1.1607640507897656,-1.2636652863618982,2.0693799446767116,-3.090515957172194,1.4145700214089345,-0.8579406506287341,-2.112494123308929,2.5561862240611504,-0.5476612543298529,0.7509719342538972,-0.8107949169041433,0.30885898338135576,17.937895795588958,-14.57111696883672,-6.064525818146819,-0.7769488944490419,3.2624637973148225,-1.4482482484837078,-1.358492332228172,-0.22453734550633442,0.22506384995472217,-2.898486088940473,-0.5428833026454178,-1.8153767669809895,Ctrl
-0.3130344818256674,-0.9678734487214182,-2.8201179762615425,-2.981511193392059,2.202712823789824,1.661714188658209,-0.6445303343572366,-0.45439910861085764,1.0620149721177086,2.1666729969008287,0.8098861277304934,-1.4567619844318642,17.17011287140292,-16.57175032595812,-3.9603306868190202,-1.5687583803894185,-1.8071311598556434,-0.3709661688474739,-3.5704833956493136,0.3427475690886439,3.293968702498205,-2.8558617239516364,-0.8546933740814033,-2.696435818080431,Ctrl
1.9525762812408516,-0.4126697392700942,0.7352041512748997,-1.5404255229553812,0.9838479340839115,-0.2696955798390377,-1.375661530271394,-0.5970665216923976,0.1391348805153143,0.431152558961152,-0.8748683259026677,-0.05557224076846978,16.128527796680373,-13.541478918360362,-4.507188066715116,-0.38165480511013783,1.5452684193608377,1.287993101647146,-1.4536507743953087,-1.285128436472462,-0.7665825361012821,-0.7952280831984266,-0.6696706971733519,-4.094125706460659,Ctrl
1.1037533483717823,1.0289593188255788,-1.1699132737375066,0.816543645867327,2.9581432680152773,-0.9606532628671403,-3.275706857850677,0.47587214708943293,-2.921454001033453,1.5926015598073633,-0.059846745418013825,0.873665780875001,17.177168204052776,-15.147496781085955,-5.1131777144898365,-0.5198447302219407,2.540700214092695,-1.424813068371975,-0.8445557317210546,2.4008022350468394,0.3496803779435709,1.2992063136769767,-2.092159478511185,0.42065645602872337,Ctrl
1.5004024906759241,0.9997737175523058,1.1918316578589838,-0.7268957756353984,1.156653996393885,-5.155249469739317,-0.9995078309661274,-1.585847486677551,3.141466009218277,3.316040499380904,-0.17455097070788383,-2.120560100019759,15.51644983683434,-13.184736753368796,-6.993109244643904,-0.44382582630839096,0.8312419190559268,0.14917026820182855,-1.3667729150553132,-0.7262589235606214,-3.438226983393406,-0.5705674825642442,-3.003562162718609,-1.7074126733281787,Ctrl
2.344070521289609,-1.549819224474116,1.696422192051898,-2.4777564610961136,0.42809873996890246,-1.4731241261749233,-0.9358424575652613,-1.4225416292910609,-4.479232752182327,1.1755882171355623,0.3810612809536167,2.47437298777362,17.752193529499976,-15.220528733887825,-4.838101461971064,-0.4645957999942354,-0.7890297964793689,-0.7820362615104273,0.1738153543510097,-1.7147659760210416,-0.5508640225089039,0.07314300300848942,-0.4288560204138818,-1.3526296160247284,Ctrl
0.4832543873503141,0.7075113079450928,1.4108269584281175,-0.8249046762734764,1.9814498186065066,-1.7282651091006187,-0.6642136037112518,1.2824773523664135,0.5013740311710535,-0.40314655790709963,-0.8526080035044572,0.80008483444891,15.886084570422781,-10.116049253990184,-6.861701989359005,-1.8042787078582236,3.9868072482149586,0.4765866251818238,-2.3036960077129445,-0.9518677561486442,-0.730672819525239,0.6447719274710844,-0.16537245682242485,0.9894141613720535,Ctrl
0.5443400149795252,-1.5384164057382073,2.5726544393829727,-0.48893185321245625,1.7624865131633953,-2.4987119969151763,0.40641995570993306,-2.0119535072295776,1.527401355036318,1.1404285563474161,1.0383430098448514,4.178439282448153,16.319115305628543,-16.35604897159905,-4.4931707216836685,-0.21373573593218254,-0.5178078657468319,-0.5382834445032358,-2.8823838583921546,-1.6953545800116956,1.0988942672252051,0.37694392288972534,-0.4444672564337928,-1.781660228607791,Ctrl
0.10709919345183039,-1.5135747111976396,-1.8199242655891794,-1.3323255052524203,0.14072386203920928,-2.4947742074814983,-1.39086500924423,-1.9203272959164508,-1.6271383625559679,0.3146821771682937,0.6807893016691366,0.24314974934219435,16.48228509051964,-15.554329791107872,-7.7136307279142216,0.22757606147309417,0.2718312991044485,-1.6422907201147723,-2.2231982539849127,-2.169106963420731,1.910743814736577,-0.13101990599437663,-3.142838168390181,-3.4366743357380187,Ctrl
0.11049364571519504,-0.9942082957120997,0.7836088414262576,-0.4606976147820703,0.2250216152825999,-4.201269259491198,1.5008090864446908,-1.6000995961188096,0.5655342702741564,1.211966723757179,1.6052202524035408,2.7875490695044505,18.458076144809468,-15.980302447426915,-3.3885105632243153,0.5768523081092525,0.23952259460739356,-0.7358323444343,-0.3268181714434406,-1.947569120519148,-4.191822865481242,-0.7748660933809579,-2.9720692476298325,-1.5558643412173296,Ctrl
-0.2478783754378071,0.8448868724339844,1.1048858626012361,-0.5323708604494044,1.7110401732842604,-0.10719737499067605,-0.8976977883992845,-2.3764369012482405,2.330060306049063,1.7484390891926154,-2.2655938820130643,2.61102868652398,15.71681013758024,-14.725596405581655,-4.11692320175473,-1.9029668179336099,0.7579390070990115,1.3453778584344604,-1.5557321956152332,0.8889917182751361,1.9591444174656658,1.1364462195586427,-0.9203946145173916,1.5991216786939049,Ctrl
-2.416304795209413,0.7448199280484396,-3.1169411438812062,-0.5882220513530143,-23.142655660362266,-1.4978761284593816,2.8946363486531688,-1.4773525155877962,2.6461128719560634,1.2680907284836636,-1.1537550976786406,-0.09551029201827532,-8.110568391411817,1.5546188512604502,0.6343747928676748,31.17178001769752,33.2652903964361,5.089398296097954,0.7323014509499948,1.943143767067923,0.26748529908945784,1.2934589232837599,-0.2894008156271113,-1.1980331716401906,D
-0.4941305434285823,-0.8453159121129232,-1.1301311173239696,2.241144378869187,-21.012782762622948,-0.4116161363691049,0.6254958867163598,-1.777213860835758,-1.8765545908373724,-0.1683805495041355,-1.1536202817894434,-0.16668573522736096,-6.782288373162032,1.4225376856878214,-3.220544613108416,31.237481171828144,30.062077144018957,9.465108375239367,2.7008987840899694,2.1235520066483247,-1.88160889500341,-0.33224246107722255,-1.3391294542890542,-1.7967976101830345,D
-0.4680698987868652,1.0598878394122764,-0.9229602045252818,0.3191087369616028,-20.265095387455005,-1.0756367402912588,0.8574868611836255,-1.2027349381255874,-0.377464705108423,0.2630226183585691,-1.0457019645038201,-1.1456360078694843,-5.291111847338328,-0.42687372551129243,-2.2023865712708357,28.324223293321772,33.047552979344474,7.721175242152867,-0.26679369120738095,0.846040465204041,-1.3516182076978112,1.0040471183811501,2.618698760192377,1.4663690815236805,D
-1.3487949550165297,-0.22210328495663223,-2.540739220804255,0.48213961508904646,-22.098080650088463,-0.4963726199045482,1.7206995739872095,-1.986941028163784,-3.335554486994738,-1.4013671377880428,-1.9800447484360575,0.19687257571717964,-5.114503474309146,3.567198518019552,-5.092369542186134,29.594131954969942,31.87144457676432,5.46564123148579,3.4817132230673673,-0.6439154817743713,3.4169951950701716,-0.8875819361544295,-0.5503056714847219,0.31178321472503967,D
-1.6611438308649724,-0.919840837957624,-1.6920958859538473,0.6966193911866796,-22.455638252362405,-0.5640463022079985,1.514093382239877,-0.956898350504531,2.562451292841274,-0.1310501499089014,-1.6681023915842275,0.8435876967490685,-6.902015971326449,1.327922087725554,-0.9812162373395381,30.13793321863243,31.99497344998352,5.894451427063359,1.455830847395501,3.273733089119233,-1.6499006894480885,-0.11857733610096499,1.3403728637350625,-1.3795874636545022,D
-2.641644796932752,1.6472633633376468,-3.25206657250817,-1.4145117469891915,-23.054963427237738,1.7063779943135273,2.336039063234675,-2.418753587265684,-3.2407294120955044,0.6170490779273337,-0.36683077519651874,1.188080558121385,-7.239890992315907,3.4538493905737226,-1.538582435020544,28.803137191703485,29.011941154376714,10.200309504030713,-1.6256172401996845,3.0436422323513597,1.084817267371136,1.1977575338307682,-2.1603958322861274,-0.2782195857115539,D
-2.403681261157857,-0.18042904610870103,1.4149122756341512,0.32100884284793096,-21.426138138577357,2.9201004373547335,2.0181205023683573,-4.618659783687349,1.538161510071177,1.7041080989234345,-1.4862004477387813,0.619981010610104,-4.875321555297546,1.942176023388427,-0.5609440039720539,32.13951708266323,30.67510986908127,7.945216769257968,1.2105366863152653,1.9840034071980028,-1.1221029870212078,-1.1294823692351983,1.331277720973553,-0.38224290721711895,D
-0.02119052137862809,-0.12110778093660457,-1.4809758328394196,0.5464839918731386,-22.640524580597855,-1.8303253173822327,1.3391157823666155,1.1410689992772234,-3.1325445700246064,3.1009417068689515,1.3661061426219874,0.8341652218922491,-6.882601419992852,2.3340759573544716,1.210578207301353,30.657978610422905,30.956105792982314,9.259901606910034,2.145287821291274,3.345815249620159,-2.723899657650122,-0.9994371040331282,-2.369174633077879,-3.8144819529255756,D
-4.042956666144079,1.1850460427616714,-0.5813064721564274,0.6317318325818846,-21.06762934067723,-1.1943364484272365,-0.34197017184211553,-3.3744082045062385,-0.5169704142430191,-1.1682897010215711,-1.237106391734443,-0.23172786329405426,-6.64735396247994,3.7310455100634456,-2.1695400462425596,29.22096507235573,30.51302944435392,4.279297143444921,0.9249257652883687,2.7364471195274405,0.2926709453882381,0.20680726615984213,-2.089808258091132,-1.3248355039012836,D
-1.482231173554453,-1.5575784849667418,-5.875087514471204,-1.6063227208341075,-20.542696520775678,-2.1489767773653057,1.6867629241296056,0.1583947949989124,1.88900774456107,-3.868561742445948,1.6092282676175955,1.2086649269350005,-6.756223986319554,0.665886748922432,-0.912663151667175,30.300150370049888,33.01103701243713,8.705608294595606,1.4205366708180591,0.57780609489906,-2.868441457618303,0.6357665907786547,-1.0639712133968189,0.6240824062992374,D
-3.44187272595741,-0.5785738669132137,0.4276475233540964,0.6039050141761066,-23.06975591875363,2.2208110688504235,0.9382561662294133,-1.4773511208930472,-4.91829841220158,1.5155565922940752,-2.5119042990847618,1.7213498275554002,-5.095366605318759,2.254257090227725,1.1245085012864138,30.16413249558677,32.333119221269044,9.670100029165042,0.5083195664639972,0.5385745537530795,1.8787020970692083,-1.1985773507243374,0.09761302450883136,0.7180328004592411,D
-1.1758500446304936,0.41617732713882116,-1.723417857726247,0.8240854876763493,-23.610302581097187,-4.415457871380454,1.7687538953334467,-2.104634664268332,1.2017789229317373,-1.444397451133149,1.1905885175468711,-0.3574414498855276,-7.124507288315982,3.6205468590508687,-1.2558480103086254,29.149562200693058,28.95072042087223,6.352611855071757,1.9937946159791213,0.21726083553554076,0.3086636200648627,-0.9262696512101458,-0.6252378544526564,0.6247402327185227,D
-3.522505980893243,0.42744411415861094,0.06694292356786491,-0.4511185554746717,-22.504510538093115,0.03186804309746094,0.428799163399769,-3.2176188442872444,-0.8951922695792405,0.25881539737484616,-1.7705918802808185,-1.1283332867510012,-5.655727419754214,3.430094390385925,-3.4040655628043623,29.831417653562873,32.990539045653506,4.771842624302508,0.555695007061531,0.7652714001411169,2.0453657441987616,0.6206988185822251,0.03177567360308586,0.627365572968813,D
-2.368383857002385,0.8273538701372614,-3.5621739943831585,-1.381118311748324,-21.17921508374846,-2.7722635398617967,1.03192141009671,-2.876625990095505,0.47949570544551534,-0.39616282398338143,0.3664661533818503,1.4410258496318988,-5.663330756968747,1.471948993320467,1.220216735564236,31.08096508547417,31.112619707893245,7.30418526407027,0.7764190073881823,2.913732147355063,-1.7602752298892028,-0.1496631657872225,0.6673411767537161,1.8636484325293736,D
-0.42110246228551773,-0.25644728277386797,-2.68769094282419,0.12757043284413072,-22.414644017284814,-0.3947513494011332,0.11726039720335812,-3.331237430900842,-4.666012907968309,0.6021181871233736,1.3008132594869153,-2.5976293166488063,-6.001338329194596,2.8799127866305767,-3.564375560639178,31.47218664026054,33.10266646883207,8.272852328063834,1.6104461733987545,1.382645989465658,1.3447716318542575,0.7918752709708174,-0.7521612075529092,1.4608932890056963,D
-1.5738635574274724,2.602512222794953,-0.5228373332989236,-1.899399055653653,-22.91867300042253,-2.4444179483123207,1.2578036850070475,-0.8257675071477877,-1.050903889789197,0.15035285915192276,0.5476882318692162,-2.6175709383170442,-6.299845950580021,2.695026330663154,-0.5026918575230184,29.147118790432415,31.417373076150085,6.217053573954331,2.7845187399058497,1.8283036695110866,-0.7009572052409112,0.5745448757124256,-0.8344235194624403,1.4766668723272005,D
-2.093907488931137,-1.3823295364854529,-1.6890376655953219,-0.1424301526514853,-22.17817440671672,-2.7409493839034553,1.107667974562661,-1.0296555432629475,-1.5541707343876396,1.6636563655802306,-1.1342111849550633,1.0095897890673768,-9.175499468635394,2.4753882069998596,-2.9621169284453117,31.17001505566084,31.747917063717722,6.570527247641053,2.3482289606505544,1.7007001610666919,-1.3310284810469852,0.6850425975398338,0.6283821741510245,0.1755557010708344,D
-3.698976444848796,0.828982703795818,-0.2751434955850982,-0.5267295042703211,-21.74649956336441,-3.0549953961258893,2.2608353168392625,-2.813774941285118,-2.0066447571623485,0.7412581893438386,-0.015521557286092502,-1.7386955096900465,-6.676404487437537,1.384799973086622,-3.5089629022239706,30.75232244313797,33.039680024160305,8.242413405199045,-0.9910018623808434,-0.698890737680145,1.9058562238190575,-1.3677176075780033,-0.8634727947182981,-2.2286680698302916,D
-1.810466851558374,0.2830098387040856,1.4825885816208029,0.8133609824201571,-22.146003521535675,1.567748153479954,0.5706542828719456,-1.2298815390473976,-0.27168685761125744,-0.5148061505485302,0.17140139811903055,0.6981719893377658,-7.555499987848464,0.5344834705888672,1.9470834999607973,30.305173250120767,32.70601449571184,5.531789725325893,1.5516679000946292,-0.10554323139433563,-3.304040309163156,-0.5232379679722996,1.0356213061648205,0.7316121561048021,D
-2.905129340953181,0.7930098321880319,-3.916309637146867,1.2310545080538162,-23.05007477359044,-1.8914336882020848,0.61504339362161,-3.1273505271120996,2.522369063848373,-0.030326306787479496,-1.5288231201175222,-1.4189503604660558,-6.323328080811905,-0.6583215788413312,2.0992991037503543,31.186304650147132,32.57298304934986,9.005196459188369,3.286645392960035,-0.3344114725102685,0.6619125407644333,-0.6843691673710319,-1.4013010071283745,-2.2843008138382856,D
-2.0610593482663546,1.8434170890955048,-4.001283416885656,0.24037421738285758,-22.918945159222176,-2.775993478351552,2.1905187512900506,-1.4169421273489604,-1.9621854789347708,1.343972952312015,2.0664244782457786,-1.3571906810082623,-5.85554613705483,-0.408955926748348,-4.366592351990619,30.355942608104115,30.307644783400065,4.858565516960198,2.4226182091705564,1.770340038455089,2.2801402068683956,-1.3530571797811093,0.9680192538645969,0.4793212111811158,D
-2.448614390377827,0.1085753673579486,2.7738351183590453,1.4322300285925635,-22.30645247791739,-0.30364668487908375,-0.9778073265326146,-2.814317822763087,-2.890980733327069,0.3602165305021856,-0.587285934517638,-1.0950429726160564,-5.225408040180724,2.6008182597441802,0.7808917015391899,28.3391551593764,31.174521218140512,9.080096372579192,1.0906724442599662,3.734727467808966,-0.031896450680733324,0.4698841351233005,-0.09826911163325747,0.8014758129557435,D
-3.497529359291349,0.6533266058572451,-2.118063113665187,2.2487459692630836,-21.77554703656415,3.1233399956480525,1.8109712659179884,-2.5957646128109957,2.462154043344981,0.6432488364656308,0.04800862501292613,-1.670803371239117,-7.650389177279493,1.82190331016308,-1.4744099060329745,30.315354417343567,29.509453999377257,6.312104202754483,3.9577766911892054,0.6593874453723174,-3.1636628467674086,-0.5184869312549578,-1.6753741427114868,1.5412720052457303,D
-2.0478866082794127,-0.6822842835603176,-0.9969800793397212,-0.8396250935550924,-22.97256098130225,-0.7847994705125529,2.654364802956045,-2.4165810947335444,-1.1733267976918569,-0.10498659159795665,-0.4372856031050105,1.5301559301872771,-5.743961885340326,2.639641662804884,-0.3303378005907689,30.924720550330065,31.54212366054101,7.001089400762567,0.8833874024293076,1.178212724366503,-2.634983780113714,-1.0933737847017495,-1.622839481785249,-0.3058062611569312,D
-0.9366673799405305,-1.4079855901925233,-0.6384651226885012,-2.7874537264449373,-23.38523030552983,-0.9372183130871576,1.8901114157637853,-0.8952663477560066,-0.5837708795463641,-0.1351224031059246,-0.7474708517086697,1.074200611235824,-7.40237954477189,3.3696874060308133,-2.0464465249173145,31.814675176836346,33.096013319197084,6.891369648791738,1.9746544121493184,2.5595680169154633,-1.69414167723437,-2.3380343784530853,-0.3407135012872189,2.567312254202932,D
0.8045517462127805,0.20590584987106642,-2.504171291160958,1.5626827913861945,-21.947271727135217,-2.1870833729181527,1.6020570855011211,-1.8592049822918568,-2.3730395734271497,0.5622085964842256,0.6793657403312636,1.2916672987446418,-6.578665646652553,2.2500487334653627,2.074112628920034,31.843861049324232,30.608730415171948,8.647999530499533,1.6229348484623056,1.2627823464235775,1.5037667225287805,-0.607129408381101,-1.1159617690349215,-0.7000207083165151,D
-0.588610355429239,0.8546390252652927,-0.1448309237790113,-0.7451446359902647,-21.899892206667204,-1.658630246813459,1.7253149285251714,-2.8593876044505464,0.24385321790663284,0.6796291934743408,1.5014488260257508,2.4245775102300513,-6.836857130784523,1.2170171731802952,-0.7777700432819188,30.556032792035356,27.524159136051807,6.598782382327158,3.5567811398630464,1.4509277172521848,-1.0314315892553623,-0.05328319002168147,-0.1968221141072526,1.933502588885517,D
-2.8454039273502474,0.26984251834365924,-1.534631645374759,0.30756967473778474,-23.127316904197983,1.127987808987541,1.8647266414046824,-1.0629139036984725,-2.5469238452473633,0.7264614343428164,-0.8335294277833327,-0.9636390314572054,-5.125636010631979,3.1347096976717097,-0.7630878293131786,29.754720363565244,30.84723409136636,3.262681081643109,2.4090435279586373,0.41613150562974965,-2.4713816674687905,-0.609844266069417,-0.06908378286918548,0.22593450568763274,D
-2.6450371640583796,-1.5454970374128907,0.3231796118279249,1.7361667685529696,-22.7329680277972,-4.79981058388222,1.8073060656241147,-3.5462622150407412,-2.546708178489382,-0.7499185056383624,0.5624866750032425,0.821248166736325,-7.30138197899754,0.3031703986259373,-1.3373235918272712,29.603770586799254,32.1277336420261,6.768722567874022,-0.5214542967555764,0.6721491025347888,-0.18672759043079168,-0.7263148815879976,-0.016686002256601995,2.553293390196984,D
-1.5688402259794998,1.8971728732381177,-1.0933429363815321,1.112682674010891,-21.86011668623894,-0.1247225385980073,0.10721552643839694,-2.621418048013197,-1.3423966384812047,-0.018244383798929675,-0.2989623741740104,-0.13558561658157942,-5.57156789318816,-0.05425001263503049,-0.05701397511700179,29.497345409341605,30.24370639051925,8.474330814966379,2.757097828133092,0.5492986861700757,-1.3925699805342902,0.8949068655838373,-0.9571386038318082,0.15125235800138626,D
-4.816771980113373,2.0628680229403002,1.6291770616080044,0.7884435046441354,-43.85231330616185,9.605475854934753,2.39420096656316,1.1958921111091172,-0.9213764162361144,-1.7768098823236116,-0.8353013192435128,-2.144440644399367,-6.11780062134369,3.358308761734868,-0.3223254880597892,9.280678591767021,18.05489832495806,-3.7176245780006525,1.6869014511745049,3.0322879722907885,-4.31619543512204,0.756735808673497,0.8934132813329043,-0.7083151209208154,E
-3.404058136124746,2.7824608135223645,-0.1342433816894868,1.3769052433341287,-43.90782569215585,7.395276990796219,1.7236125733302146,-2.3747885744952555,-2.8967978902268214,2.312557365383043,-0.9717268243163062,-3.9617300813956717,-5.134315671342847,3.9359113277246465,-1.7281196023927805,8.611990324270629,20.24693436939387,-4.6376615084129185,2.418168439550117,4.549393779081669,-1.7411413872484331,-2.5921330433981558,0.056264097118855716,-0.9472501651533207,E
-2.257540067509069,1.57445153372322,3.1142447139694127,2.852334529686786,-43.26547856174719,11.37327702062339,5.209585720899433,0.716839956706167,-0.29546271166174165,-1.6367182667589262,-0.5604121905714408,-0.700749580609056,-5.5361266203318,3.325865779894066,-1.6302255362251117,9.005384818650974,17.35064178563485,-2.34490773472794,1.800928514271315,1.9074931097938617,-1.863563963738443,-0.33140900354363545,0.7397486932677353,-4.037185219328251,E
-3.8927486116576517,2.6844516552627606,-0.6705907562388234,1.5661355693005277,-43.26371808413742,7.848617408994755,3.4394498330759298,0.4234930096791629,-2.2660657224348597,-1.0873522314701063,1.6484552510115975,0.003343696575541344,-7.284411256263979,5.0437388068843205,-2.4961676704782008,8.784253726044355,20.9665271861912,-3.3048052343301606,3.1454986613185403,3.124054447087957,-5.367644288213455,-1.7127666267151267,2.7703816340520433,-3.587558721343271,E
-4.376004541734005,2.536080786351187,-2.8017270540948402,5.557764694282881,-42.047967616845625,9.153007576645336,3.5157394934347908,-0.10659837182535625,-0.9745933280008217,0.016267857547326514,-0.3213644384327097,-1.0389008063938263,-6.819750763630196,6.6388974589353325,-1.963767337298009,11.764434585502222,17.945214179129877,0.45222286725004324,2.040249844069951,2.105683631448372,-2.1287790063360035,-2.768196468744894,1.3356763951919177,0.16726667392157424,E
-3.8239222762857423,1.736397536329573,-1.0380783779776834,1.7417923531510198,-47.85561722754633,9.149505484327051,1.954110397666824,-0.30125826515470067,-0.24333534648036448,-2.547714513096821,0.788635440049319,-2.2837166569753435,-6.2743161518910995,3.336453418645476,-6.4340880673779,8.346470561584162,19.276073319379293,0.11516649065038109,0.5638696602221616,2.5207965575345384,-3.6134148832979918,-1.2095538243805142,1.547033004415578,-0.31410481641893284,E
-2.762789960904655,0.7831847916037926,3.296676558965544,4.127130959489186,-43.46448229400559,7.505879101231756,4.11275307633759,-0.9358739397561067,-6.916842111716562,0.9014718723901964,-0.5868831378370487,-2.6976356276961724,-5.037122018115298,2.2409777945955227,-2.1818915198135755,9.799367218293725,19.53480741571653,0.7010077152863232,0.15676554276177934,5.117900453179331,1.413394850511395,-1.8972462309248375,1.802916481052641,-2.444799810762845,E
-0.7673106360805377,2.0446778906093144,0.031098950969180805,2.1818819595267342,-44.563212500387266,10.286360389675565,3.2772327195249575,-0.5685409634278074,4.47358238365257,-0.32635671700172963,1.3418026537309515,-0.19331986217724761,-4.840290598873935,2.025819962100293,-5.48667245055276,8.97416282992122,20.684038075857302,-2.5932513621052067,-0.7542298755839938,2.443284063279009,-3.4866059780201226,1.5964643126343319,0.4700202734762158,-0.7124736311548077,E
-4.1149627986583255,3.0212391667992016,-2.714344512248431,2.5292576135142895,-47.64303672189911,9.903973395853143,1.812662543840533,-0.8092219307328321,2.690671343635586,-0.8788455877519254,2.0081812860131834,1.326569921034718,-4.986625921051171,0.8226971404477723,-3.1109115824284572,9.879729004872836,20.20037300310119,-2.6219466127415103,0.17672035153959054,0.6618827181856659,-4.46994470601436,-0.10797007400309422,-0.5767224411079326,1.4773467266382454,E
-4.214465514032298,0.8507863722451816,-3.1729322968213864,1.3405248103766922,-45.91701717242134,8.503224541436055,2.652255349089117,2.0948084056730636,-5.055301661702401,-0.046718217737463874,-0.44584512867683657,2.3558868741155834,-4.945626977152699,2.912652800892367,-3.0524444872821164,9.154841940625182,19.095394868048317,-3.2660358135510705,2.140702260638812,0.02007128864840979,-4.931820932240953,0.07650950981697324,0.2628706211418539,-1.0845625856143215,E
-3.369849229079364,1.7020534856503016,-2.8455243356276014,2.2107963533012622,-43.61597146896494,6.180023614806373,4.283115015504597,-0.5409839217935541,-0.5427124840917372,-0.9754966253219592,-0.1286039950689144,0.5885277023818958,-6.607981569868684,3.720209446902821,-2.341109595941248,11.921629266799286,18.46105267789703,0.9040283479308755,0.5163583999500092,1.2704338402382973,-3.582531701825303,0.9780027919409076,-0.7322881292972738,-0.8469415647750793,E
-4.566323979304713,0.16743806780734083,-2.191795363757876,3.5549582646572304,-46.380731053970095,9.57393459848322,1.9311693902252989,-2.5885876290855094,3.1716045960305905,-0.21477271384668484,0.9699930524865579,0.02852553162932736,-5.025174593412231,5.049711238464177,-3.954957174861647,10.69841673382372,20.34684432872953,-2.8560655964978423,1.4413357750787055,2.9492112190628177,-2.285808240242602,-0.8302778958821193,0.17707867341887606,-3.602459170517818,E
-5.2963664636399415,2.193184662102597,-0.2012681857142411,3.6455021514201746,-45.52782616718062,8.053610084775983,4.584065252332138,-0.36573500330337083,-3.3039289506588148,0.0487115609009976,-0.7785603314571574,0.22738119149391878,-3.9674374345462695,5.5417932353301325,-4.14395935776605,11.341583385484768,18.059377898065463,-0.06746757127518777,1.102647985287932,3.2520625827152543,-4.61119334169905,0.2896317246726259,0.5601556544930091,-2.703445758249302,E
-5.152066208231304,0.9745874556157528,-2.42963975669835,2.057810118524138,-46.56520934423449,11.035791050423995,-0.671500432351074,0.3603675097984649,-2.617349366338601,1.2420597438208816,2.246286362591576,3.8370207692300937,-4.717574307955516,5.86609164863701,-3.262027476314586,8.983121765550948,19.128925332048084,-3.5207406298601427,3.0278064979341996,2.6547793721334756,-4.2815943841021635,3.567097974327382,-1.3850935059974283,2.7442895060411274,E
-4.115643851578255,3.1117821799360517,-0.3974890600690628,5.151066545028996,-47.252627692451966,7.242852624678051,1.9694498203243036,2.38245316394071,-3.8367667484882872,-1.8255419632578835,-1.0029461824584587,0.953379074872089,-6.907167661917441,3.560163961212119,-4.153158653845708,9.220950412940077,17.33041893274668,-3.19157714843692,1.7507022771015588,1.7492132834872223,-3.6427618568379785,-1.0723140096049524,1.7294770305513296,-0.7321823249914701,E
-3.0515253566555316,1.4290670244079013,0.5790443032387316,3.7250492360386502,-45.59950666940327,8.10134730992445,4.176689662550379,1.6124948749798307,-0.46168008408994865,-0.19427511645004358,-0.5799624691789802,-0.7263845671758418,-5.434044838193614,4.313693046397319,-1.7865915582574416,11.02461567073491,21.826074665743036,-0.5624241065110027,2.8953176822792033,4.146634078634463,0.21128836432473008,-0.48412393372846196,0.22309724108670537,-0.15291635421766614,E
-1.3029705365904647,3.747347833473789,0.2516360658677286,1.228262163947555,-45.66954709345677,9.449541608301843,4.250535882414747,1.1424063546708396,-1.8390058549557011,0.3396162973119772,0.10827304588042352,-0.42021184155009905,-4.718388326377635,5.085413142070621,-4.462173850218676,11.163484315069525,18.266254171242252,-1.0251842101768602,0.057127599444330324,1.376859102275219,-3.3884952508566357,-2.158015467444164,-0.3843692589668777,-4.246109553409838,E
-5.604644266948753,1.4335466812315207,1.7708737395279854,3.21572795940412,-44.0647519672107,5.796331297171719,1.9653773692722192,-0.5823892604088314,-3.799971110762101,0.5338692919011194,-0.5684226819900289,-2.673546819058231,-5.6042713504293715,3.8107522082437697,-2.5769811448312225,11.90669708486702,20.192907713048868,-4.414720133094761,1.4475801034405358,2.9253201601884626,-3.8475319890495143,-0.02801531643133437,-0.5678990497847565,-1.5164363041521938,E
-5.071432055719612,0.5725060014379633,-1.5792446023926345,3.144733536526047,-43.82299058097797,9.904637049610926,3.103748545797705,-0.8100362805675729,-0.49891315884781307,0.4102054439907832,-0.5475179476503911,-0.8301851517877026,-6.542419621118341,1.67817288118259,-0.3341460093497517,9.911086869321764,18.445033469498142,-1.4942865294023022,2.590023506462325,0.37939364927835584,-5.31201259367873,1.733704109123944,-0.015681454067266287,0.7036122533192497,E
-1.7753699418152848,1.620198334309869,-1.175840718678728,3.7118818021057507,-45.276972558760036,6.173445267759973,2.2212598382941167,-0.7200358690635937,-1.9636194830842442,-0.24436557483235077,-1.3936244984626285,-4.657293626450098,-4.2158548288477675,4.4144173969942955,-2.1770772544890065,9.517556716711773,19.072454045084527,-0.8659685644083197,2.435408217678262,0.32767370757383674,-3.155035142992915,0.8973693894768298,-2.1247767003952305,2.9243142736104915,E
-4.6841485372002865,1.5219177054280255,-3.457426936774766,3.3856826028262432,-46.804255480736714,10.686262899131918,5.874879778650571,2.0570670130109647,-0.35743963208733476,-3.1524652852882156,0.404066439390931,-0.06213639325932263,-5.933595525543382,2.928671125524275,-3.028347559035126,10.175384993333047,21.32014576313857,-1.7319107538967273,3.373010101893394,4.476632844122491,0.020532097312184305,1.977776546356382,-0.6311567643109086,-1.6802601594530984,E
-6.731888082237077,0.7215558483805715,-0.5457532036546695,2.261158010767545,-44.59280989758307,5.335758019633545,0.8923004774809868,0.24579970222549719,-0.930134850687125,-1.9701123026851661,1.3399036456488886,3.0302076163472975,-4.407256742866082,4.855322350894809,-5.475065220897079,11.086379510111378,19.836844719520258,0.4423659104573403,0.46735385631329085,2.2115643963707754,1.843081881010221,0.7624371237528358,-2.8636453533603827,-0.3865912450723954,E
-2.190210764337195,1.125809288909549,0.37930918476979514,3.7341448931801438,-44.99991048186351,7.492522040596498,2.006101357591633,-0.6091314550894822,1.7955941465908722,-1.980293688260545,2.0913934143891595,0.5057384841180124,-3.0725979846249345,4.6939193404531,-3.4050373214786305,8.750180477228596,18.67064480839406,-0.7595244118524533,3.895634439215968,1.5079904703685827,-1.3543788079303454,1.002980257015972,-1.0774916566874282,-1.4927838002194562,E
-1.5261377143690424,-0.017313044837149683,-1.2901573292998023,4.017176626075944,-45.05611404267111,10.46594117481419,3.4442009018341384,0.8930423907108889,-1.291923998249672,-0.2731442378807287,-0.8092386723172353,4.803705129647938,-5.388707882704523,2.3603005273742212,-4.212061887990899,11.63859781698509,19.510238072598412,-1.903394245129789,1.840702329359458,1.890252535444759,-4.810712434379695,-0.42520995254214267,1.2433683076056425,-1.8688202103138565,E
-3.6807112912832736,1.8293838591813145,1.0026018022223866,7.304280294565032,-46.86615962847603,9.35142610327324,2.584924971981825,0.3683771312589954,-0.9833567612587331,-0.563369357493066,-2.064758349388768,0.13584582866343453,-5.572373742565588,4.370435760291016,-3.5261434442161317,9.371358009027645,20.19983092944142,0.4594518048737086,1.8462679500148471,4.425185075026491,-6.349650737502998,0.3317131270833755,2.3589343817525936,-1.7720186182076532,E
-4.587222320142672,-0.3444624861764627,-0.6587653466128245,1.819574327287576,-46.180502848768214,9.414282482303236,3.06614668561323,0.9861637838369575,-2.088667399824601,-0.4918319254050374,-0.8636714126797642,-3.654693086910356,-6.773183811654064,2.854824786639412,-2.6634886745258086,10.601222624903862,17.78041889822454,1.009805422131933,-1.2340941652528867,1.34265208704349,-1.088071208418171,0.017731224753742225,-0.44341933479132223,1.1359249278631296,E
-4.208493334464123,0.5942253352506253,1.1453910646746976,4.701746852270581,-44.651175608087584,7.246787541869082,2.01288884654843,-0.8931147668073436,-3.0886382631323386,-0.27911766369843605,-1.020869156091294,0.9700312606486818,-6.0261730705713035,4.103693989542371,-1.755716192598868,10.747285391276755,19.747251924817093,-0.11718791426517328,2.5163132811757967,1.1538270234675139,-4.431393409970042,0.7219846815728577,-1.033102163254366,0.895456603176001,E
-1.445235380009052,1.7788860455034214,-0.6526367264823421,1.4071764852255697,-43.72837031907366,8.875968229130422,3.2627078200681225,0.3438111989290178,0.6961937272434966,1.0756351383952207,-0.5498247865706105,-0.5505157137751553,-4.28780171776711,4.202381505836826,-0.7106233639258903,10.314796536406753,19.97150486555168,-1.0343800540417192,2.121154806536265,3.0540089482788346,-7.0988692941789395,-0.2790108285694606,0.43024587156551064,-2.3444898294986842,E
-3.966587272816952,-0.2826976478153682,-4.322274249460349,5.284234823373616,-47.61710200024143,9.485673785594372,4.412345820023473,0.5744439567459381,0.947830656992835,0.6768105312020083,-0.17896571812727302,3.821908436924957,-4.644405293598709,3.106905598705268,-7.542251036216328,11.62855278353451,17.903948827821466,-5.045005943332285,2.7793901204178457,1.9987160126700871,-4.000398321504974,-0.8932642740717851,1.4452230738299505,-1.2424653126982435,E
-4.444421416822394,-0.40093307708722214,0.44522845155250934,3.1595293663335156,-46.32629382572841,9.226154648725355,4.379631017322464,0.713715080985935,-1.374058621367226,0.7611092924921365,-0.6231315581036085,0.6502895084039437,-5.271827436490582,4.1415669115852936,-1.4449447303180136,10.046832395113405,21.66969259091229,0.15240426042021227,0.8752723544086367,1.3480806877863074,-4.191155997021099,1.0542924484429967,2.0782102489903593,-1.5860805934709674,E
35.40660702997951,18.733914963096634,14.905307178618841,1.9711961628494805,3.2550420916109317,-2.6968208228748267,-2.8229946779611694,2.808238050641677,3.757989740018445,-0.17449682327193727,0.4390619180943247,-0.6981898430865954,0.6944007438553115,1.7620236315835882,-6.38109064742514,1.3045524454935915,0.6249603456524682,-2.5088186460462225,0.8482942154591013,0.681953838089612,0.2179485658676299,-0.9266497701600649,0.6541708349168012,-0.45208454722336455,Esc
35.807869187298905,22.039888262045473,17.476633635508733,1.0175751451862851,4.039788881327439,-2.468392828893343,-0.39041540289897547,0.600588053292995,-3.8870187993799163,0.6329241748655363,-1.284648748752062,-0.6267977941170102,-0.08152529203005088,2.515960730574335,-3.7112102818549033,-1.2282089237542095,-0.8757173862369427,0.3349560718111775,0.40548871567670774,1.3577004071405412,-5.315859276680442,-1.0352470771279276,0.4789224256282978,0.07024084251787599,Esc
33.61597125906957,20.13672046666568,15.728334583127833,0.9620548190983698,1.5356736480571556,-2.815733021731319,-0.08593584467923598,0.610093878421992,-2.479264738470704,1.237539692736405,-0.8862349033273347,-1.3933159511094004,-1.1270448144423995,2.670168448676975,-9.237790595282888,0.09993609218675203,0.09704211950533193,-0.986956626373626,0.2451719969462558,0.3420430460797661,-1.9694740492872143,1.4937121879941344,0.7430854334076571,-3.2023425519427633,Esc
36.127415737514525,18.8339599256042,11.632728120139973,0.5355398353817691,2.1375761497805,3.1133760251702824,-1.4928134948581793,2.1470117659759467,-1.0149969835922548,-0.4789764826847218,-1.7604406315734025,-2.102889605353255,1.3883365558604055,4.275101401143573,-5.945489116961653,0.9274480789667052,0.8027880340163591,-1.7221539163021475,-1.2189910014474028,1.7030388125598108,-1.1302436611809412,1.3768344299766415,2.13856075366272,1.3518669682160294,Esc
34.550991188014706,20.993145668288836,17.11090205873586,3.4312857643921006,2.502864020299768,0.04118485753730283,-0.6548499092419373,1.2156553687182452,-4.314079467772842,0.47179362011396364,0.5488809971870126,-2.6217062469062284,1.461640924651931,1.7460062286930054,-6.314521756685224,-0.9045890397983314,0.08061731039900621,-2.5572152165884745,-0.8676787886867694,0.11344668068187502,-2.728760396413236,0.2543456207513879,-0.9647429260667764,-4.434886690579276,Esc
34.637599315246206,20.899887980431046,17.56818614894189,2.0621467205064334,1.6601531231216597,1.3398792023124884,0.6739738975552871,0.050951654356168774,1.396894156201995,-0.8116910157353985,1.8122739746642367,-1.7851152564686004,-0.232610419778581,2.4570460143629447,-4.390562198966393,-0.95576544755626,-0.10603486018791841,-0.7171390634935619,1.8930001099271645,1.7067042912963757,-2.3222900898786065,0.3945719656302451,1.8213203208544186,-2.250983981170691,Esc
33.30891072047987,20.597308871808764,15.588605639980472,0.38554018750767227,2.104723079353107,-2.0016965100036828,0.3515756130056582,2.193440394612651,-3.3697347478386064,-2.52182669398789,0.1264327776460732,-2.1020108371918127,-0.6674052505150883,4.030078310660201,-3.0489403650615827,0.3951846468134903,2.2893503779762625,-0.7683876328957808,-1.1705294637032782,0.34855992989531615,-1.7973312955135157,2.2321737614363215,-0.029449060431385732,0.27786197935148493,Esc
35.832440684598964,21.18604201930478,19.084135574272466,1.41517665686969,4.909381718838063,2.855387627925836,0.3940642238040777,1.4860639783760519,-0.829497113947923,2.2936479862265884,-0.6659171697698127,-2.70121094523239,-0.4280862923879738,2.7225665468933116,-6.112812496133074,-2.4174843011227054,-0.1236816842608306,0.7561013564725272,-0.7955972913077507,0.18851493787133222,0.7117992876843573,1.3458840631192768,3.18584580945328,-2.0385473362151743,Esc
34.74212356691655,19.623190799178168,16.141155141977833,4.0963081561472166,2.9405177957522994,0.514665413559328,-1.6595104854193412,1.2289630764918797,0.8612179474297363,-0.7747687438687905,-0.36293000979915746,1.1020261827017634,1.965941472808396,3.148947539799977,-8.973446394561734,-1.285629442033823,1.04998461472195,-1.8695473284822128,0.8845384892381811,2.935753545838935,-3.636970895343836,0.4923095136686779,2.0177453850794187,3.334950315174126,Esc
34.504567323434316,21.387082346799822,15.591887039116216,1.8673493427258876,1.5185734338541579,-2.2997589337788327,3.3183177460210977,1.3903632146909501,-1.102383502389955,-1.7813299506691607,2.7035859792023587,-3.6116107282676353,2.141327527076129,1.9774530325497608,-0.9526322463362931,0.7112034478510338,3.06989339201931,-2.7258591093169002,-4.556457215269249,0.7027212433277015,-2.1540835513287107,0.8966987075789588,-0.5163721401162391,-0.3944787106054264,Esc
34.84149237778601,20.048892616306624,13.6624564391268,1.6359010475123625,2.625581070705465,-1.5483581907517419,-1.2092389743414582,2.405747319147764,0.6314794927404819,1.8849151119733634,0.9037215821965674,1.2739441282528787,0.8663950247783134,1.8034275513386575,-6.660544888180937,3.10726693573681,2.5802549728464186,-2.053288916125382,-2.152520433154048,2.9445779244955332,-0.6760297221873657,-0.8423511981484042,1.4903706013951954,3.653390416763102,Esc
33.77248730054475,21.167308305990776,15.275649367665437,3.1285715952048605,3.066215723097798,-0.4563967141538683,0.8770507305294082,0.8120817327020973,3.4502869928288646,2.038580697728591,-1.5549201673968867,0.03854017494228401,1.1095128276010655,5.119173510038038,-8.267595277259375,-2.5685700364610113,2.0336039525374616,-0.18692994765820004,-1.0727918882898608,2.267200743248168,-1.7890029517811854,1.902309546637336,2.7376103693069496,-0.774453186310609,Esc
34.91751149918903,22.626177549629872,15.263820257265252,0.5309237030166756,4.502412940115647,-2.1747119560408805,-0.781230041144676,2.512580964377179,-0.8356314233282092,1.293738910657872,0.08150502007217142,-3.3785955970723762,-0.15075630982028088,3.003290622694003,-3.8380094104606997,0.6247328603061817,2.232199239463455,-1.9729090951766466,-0.9913438935808467,0.4046237795731997,-0.4373106208900026,0.0569701313913189,-0.35714129597240785,0.07966917233085269,Esc
36.759318413229494,20.300294984032256,16.820510290362336,3.815041236842873,3.016394962086082,0.3578594965185289,-2.1373385487800522,2.8826270224451207,0.4893447425814088,0.6828790509669247,-0.2991284281876858,-2.5619227808605842,-1.4068172803510777,4.885960898351982,-6.493876518421644,0.6406143874775978,2.0669965074635854,-2.705477537404761,-0.8614344088383925,2.9592402398987048,-0.21305707256561845,-0.18778108321217513,2.967564642651652,-1.7693944213307873,Esc
36.60185678252478,20.827127604730663,17.613299773756353,2.145765609534031,3.91422775834684,-3.320100625706459,1.4785440185868328,1.1460188952135866,1.2232323727160974,-0.24861395733164926,-0.6340169244139986,-2.9346688160609915,-0.27578037866129534,4.935508140391448,-3.8610087001329703,0.9085793193281262,3.493423314711791,-0.1562717677321075,-2.902656230497157,4.4409136195119885,-5.294833355795333,1.5317213648525456,1.391003545976929,-3.2656353185309968,Esc
34.91343882482184,20.876403655885163,17.033823300737765,4.074997058160662,3.2604701607126856,-1.451991246287605,-2.4275648475394807,3.67226502044781,-0.38886311057189005,0.5251413431988325,-1.9227965361309884,0.02824379264234267,1.8995619291414698,5.049536100983175,-6.98751325816113,-1.0311037956687557,3.1578561683069637,-3.5460259810911907,0.033000008993025354,3.2371113087927483,-1.9596137231329749,-0.7718987043686036,2.026569325304738,3.436565730721327,Esc
36.81755505232999,19.867399495379544,14.38911927429541,0.2268524267964125,3.5935913991795587,1.1841601805541586,1.086643544025545,1.6898191870776316,0.8007699162415634,1.024824512740686,1.5616865043809014,-6.636064808840615,-0.6234298070850457,2.348992000873352,-2.8978308508682744,-0.031737549794826236,4.399667038585434,-2.424066222315332,-1.138629016500793,3.813491690657429,-0.7224547190941735,-1.3243873706290108,0.01738380183574506,0.8525389072891585,Esc
38.77922915828924,20.556584341869225,18.654452161694678,2.4585267143421703,1.7748601101833117,-0.8974732086037989,-1.4697366742688818,2.2769246127440113,-0.7602919739592267,-1.84825248628497,-0.9281757356811511,-1.7108669278928232,-1.7298977384958505,4.86057629401445,-4.778640293034584,-0.8900632456784763,2.5651884583349727,-4.110394927287359,-1.3527014335809273,2.3956178834666417,-2.775407412153129,0.04190224732155734,-0.7182274310771781,-2.4875083852907665,Esc
35.905204919875416,21.20382436912861,12.217689830936024,2.862915466584724,3.341508705656679,-2.0912687778381382,-0.9915013732575897,0.23638232780868407,-0.8341012636757341,0.8574493779662333,-1.7772698193032,-0.3298323737090527,-0.7275444327655407,3.044829237510797,-4.5057591795765575,-1.5210138074780915,4.175958456876771,-0.6643617429424467,-0.48270131383761905,-0.1424356929725974,-2.8562181523521417,1.4846173355423087,0.9362524958822505,-0.8701548751893142,Esc
32.87139982529021,18.775045992182513,19.15421451123342,3.4440456333073683,5.067256552027061,-1.176921152519924,0.6742454190976943,-1.3875525672881963,-0.5507046489450431,-0.41680480556566835,-1.1922027883404098,-2.9213033872572396,-0.4214328665757989,2.0308021330683204,-1.4059684390240363,1.3403895585417516,4.450166277164968,-2.9956619795710253,-1.223334820391368,3.2170198264835648,-3.542798951851921,1.4278752148901308,0.8879267043722656,1.2125744126270774,Esc
35.33818900875585,20.499978259729716,18.714455160978844,2.8576213675796254,4.1311515367599725,-0.20147907571174528,-2.1688317085445448,2.417420872752672,-2.532477866608076,1.7039645018427407,2.561731949335467,-1.213296430906496,0.3687449887648029,4.783743185259198,-6.261295620602823,-0.1906961056809422,2.5782208588890967,1.7819197799206563,-0.9522488764421979,1.6363883390816483,-3.2887503325168836,0.40638192524684236,2.3807324735892372,-3.5678533526797764,Esc
36.36198929509635,21.612150269987495,14.17055411968039,1.5460374576343696,2.6300612306893356,-4.53535828244253,-0.5748951292847231,1.4760184892331552,-1.9508033822860966,0.6741913075167361,-1.5279081338049139,-3.769511577346691,0.7362084173829544,4.753199808733591,-3.088140152736571,-1.9636829501191926,1.6708897978495116,-1.542133401861463,-1.474058888392214,1.9412751285330074,-2.611366785385542,-0.5947493883878381,1.4611846874807206,0.13113266281266078,Esc
33.338777790880755,22.47481997309565,15.904852121483316,1.3162183315915144,0.3804702628982284,-0.252502146448478,0.7527067246857726,-0.1704492184742037,-2.770978484140187,-0.12861450416246356,-0.29356475609174026,1.3352586377180842,-0.04609641372920237,4.32994314264505,-2.8086853043909628,-1.0191585562176115,2.529485322287897,-1.688424756631946,-0.64871951281431,0.11873999603425034,-2.852497300091386,1.5386443429883405,0.05892199203012538,-4.187197409788837,Esc
35.49293940810804,20.148394183387715,15.743880955485338,0.8485715109707996,3.2601992170926053,0.9358121895774048,-1.8492842784456762,-0.13230417905819536,-0.9694399287014903,-0.01309391294445561,0.937114413299895,-1.2903808229189622,1.7518689475768667,3.5966394718913293,-5.244015656483725,-1.0430492767749229,3.9833323115700097,-3.1956173217214427,-0.4884026641673067,3.6697364570999014,-2.20357938989099,-0.9946588316713525,0.38322114411095853,-2.410191396859318,Esc
34.40357272656465,21.404729512642003,15.688690481609456,2.6753134294742438,2.3395654954173324,4.1599957822227225,0.3249692418294705,-0.9243911367566682,-3.4378416692806013,1.6165448245226415,1.842135383432975,-3.0023389080611196,3.46757147051062,3.2658247961675215,-8.118897286945412,-1.0271667208435105,3.5804350472706545,0.9367827905170429,0.09978737160415774,2.1611856526509996,-2.221327198148913,0.6004995025601412,-1.4023903874185457,2.0977895159836066,Esc
34.42583328371339,21.172738667363085,15.992882851165461,1.5266258959187056,1.7266670407943536,2.8295414486714208,0.22003713601853647,3.5799557125036188,-2.45078404988368,0.39563832610125615,0.3084691507327477,-1.6318056872607372,-0.21700214230665438,3.894738924121512,-2.440547810135456,-0.7437279407622981,3.5661831449622667,-0.5064546798768106,-3.372746656806236,2.3908677050561806,-5.5109924272213675,1.1311329578323184,1.333039733679641,2.0086554308591644,Esc
34.82628756755287,21.27346313965064,15.416902228860977,3.9820100942758003,3.530471146665235,-2.339182204025917,-0.7531304430799945,2.4052019658840322,-0.6109341687503047,0.2146888828192104,-0.45415178725338023,-2.8104892279848173,1.9774789815355973,4.228403579159647,-5.1583860940367,-1.2487057374981063,4.165096408481688,-0.1273615407807256,-2.6991720540404964,3.6191023957266992,-3.0844197915189397,1.4928978060106486,2.1784695623752306,1.2127892232358022,Esc
35.06140076153088,22.297263406140914,18.6724120187896,1.3832773643251457,5.217937190681255,-1.9629295195837244,-0.684306730959765,0.17448301316997572,3.451384879962916,0.5698021513650602,-1.0784483915997214,-0.5254019394260467,-1.6206189586245614,4.626006533868804,-5.028298827572144,0.5215645281070209,4.653514041676431,1.2782099747470852,-0.2246470103889533,4.4091499230572,-1.411667597567373,-0.6896363702893784,1.7793747986668969,0.9344403816333511,Esc
33.36334649879137,22.670973936624797,18.1351952937207,3.5060831470057536,3.7776653660559703,1.2205222201115475,0.18745780712338167,1.664708274323118,-2.3774222500480278,-0.8229581124835761,0.6901942583313314,0.7286235914970121,1.1541763388514141,2.5926574354215717,-4.19608552157672,0.8860448703678685,4.65880578281886,1.4969930607729793,0.9236334909767172,4.321183252671361,-2.359296008907961,2.0209521406856776,2.5741714721956477,-0.2335122948549042,Esc
34.35117356161393,20.008167847732736,16.28131688238011,1.9401099669857302,2.8848567712012425,0.4544395392928777,-0.49358282382133645,0.848600488998926,0.8224456820256592,-0.6383423964555774,1.5918192848443482,-0.6578976642032899,0.41421925954657013,1.872113840715997,-5.33994267832162,0.15138468636206426,3.3730150364666116,1.2786448709486535,-0.12690956117016716,4.920233886718918,-1.7482716235678026,2.161178334152556,1.0821799181770402,-0.17306418081363972,Esc
-0.3500013988377191,0.3316913484081523,0.6213931100428454,-0.4552311242566134,-11.723048858504939,-0.19128252704263105,4.704421049566841,-7.115053320699502,1.0610439419989461,1.594197670846036,-1.2537882811951135,-2.653065456199897,-2.045060259651052,-0.156681404907701,-2.2194813144040495,-36.30187002439226,35.16989135479854,9.051529025669652,6.000602752223318,2.800694056308288,-1.875920670866833,-0.8736163470917675,0.7468267297874824,-0.7827456143058384,F
1.3555169387745423,1.2755375894658867,-3.497646461727925,-2.953105461017138,-10.162233345964296,3.1745862821697415,0.8722941743518309,-4.688582414860434,3.007557426073504,0.6813014946847602,0.31150616234100426,-0.690128350580892,-2.536191174813837,2.868024970421523,1.3855616808590412,-34.413906498974015,32.25934937503898,6.7986300490717895,5.21164377432553,1.909654203665383,-2.8787344744230836,0.9113158052215877,-2.169146660817656,3.1072175270880393,F
2.2662448755321805,1.5113293930588965,0.4567013955791026,-4.111702721919514,-11.704446999943002,1.4280355417939177,0.6025656404754018,-5.219218928686985,-0.5823652001284927,2.502342411990689,-0.4436534763529494,1.1941845371719069,-0.7589982313616588,1.4652191311245915,1.2594078954641645,-38.2697891557101,36.721475942068324,8.003812845222114,8.578431028974062,3.9659450778876817,-3.624015020723732,0.3641211981309582,-2.1715900917915896,-1.4200464905607646,F
-0.25837264669462456,1.3481619280560695,-0.520933666107851,-1.585459009783385,-9.317072039160166,-3.0654985705063496,4.073334975393657,-2.939218188532095,0.3630772964691005,1.409310731568553,-1.157406160795091,1.7957934901731392,-2.7513500153557686,1.2943144934469544,0.6632842630935443,-37.263769014522794,40.074146582280164,8.090974666268153,5.211372161407316,2.5196978907522407,-3.564219900001092,1.3286008815582142,-2.5302324006438432,0.162041596702295,F
-1.8300488543621611,0.9219175567627085,-0.5277253876416808,-1.1817474577891645,-11.209377646330154,-1.190605092043711,3.267950493415558,-7.39957604787179,4.795729254675734,1.459400741162952,-0.21695490385752692,-2.5641498824583664,-2.4172768217754594,-1.409079385748747,0.3207569823119343,-37.43304542548438,36.099754897035965,9.24688328365886,6.698476134877985,3.9468031617593766,-4.3116921607654035,-1.866467024066334,-1.8072462397441207,-0.2542835676783284,F
-1.21959495440899,-0.3789420913074837,0.9448618732993168,-4.377223558244772,-10.843948124536468,-0.25327165449954236,5.3793531935894805,-6.931255171970349,-0.4336599463547941,2.670395686015894,0.8238163595757158,0.8111467042126606,-2.7003082059975725,2.2138615338770933,0.5850977584361203,-36.818792014558156,34.55305935696596,5.389990757455166,3.929652532635262,3.5111923862649093,-4.255397005796908,4.038239071396173,-0.8978794145885693,0.4493721896215561,F
0.07895963090544456,2.0328678634544515,-0.7342473116908081,-2.941023368870063,-12.485532992126082,0.1521080283607148,4.842475334681009,-4.1329731182947285,0.7835688145155473,1.6051929263983027,-0.6201234293807261,0.12960749147231354,-1.4580913483635811,0.8797435201930526,2.277129107859878,-37.15313470528059,37.092471863207564,9.950981255855595,5.824539534171286,2.1770746245925494,-2.146606120527508,1.5019493064351912,-1.1570191099071465,1.2108549738410943,F
0.6634829380498388,1.6016009302873053,-2.669585369126821,-0.7602546179586653,-10.623771448472382,0.21386723831722065,2.1379955484532616,-6.8371806499778245,-3.5196550292963025,1.118406526798644,-0.033696515804280125,-0.7871504149279644,-3.592435540799414,1.6826851316427067,-1.2048222717003796,-38.39046704847273,36.717810704986775,7.690424493712612,5.1265304440929205,5.502595494749528,-2.7716488451368946,0.16959636925033594,0.037822033325525695,3.2250310655142016,F
-0.15045370801033187,0.28227960277575637,-1.629316499597337,-2.5937839530842197,-11.588789245329735,-0.4897890989547591,2.3876337059159045,-4.036593455871639,-1.6327154480251238,1.40971805147894,0.5601942102765634,3.7569725347327108,-3.2494034771814597,0.42933765711728,-1.041234023149741,-40.151235766242834,35.41206378242906,9.493913826645326,7.87186995163174,3.0637710456677496,-1.942711580439834,1.5508181461813382,1.2417585713313777,0.6655240528232866,F
-0.5506372139359996,-0.7443719811935727,-1.599527007365623,-1.6933765710339586,-9.228024121315116,-3.220335786154294,1.7061856713445955,-4.009036607561427,-1.5448923483450017,0.20768123098525848,0.4179338547371003,2.397833693837242,-2.169539458538395,0.318838892181617,3.1636502254715992,-25.414448199794535,27.440889036567242,3.5891218764367636,4.295489742377799,3.610151288062937,-3.0872336889753456,0.9797319737656758,-0.552811196754373,-0.11827859759381454,F
0.9675534029996697,-0.1655485415178113,0.5953255195450424,-0.9101178964468986,-12.36879102114898,0.4142563443427889,3.369488851970141,-5.169941256286165,-2.068527204556119,3.740351430694524,1.3388369320136917,-0.004869335053115265,-2.9502214449372275,1.3590654030364888,2.034472051422483,-39.325353980845776,37.33573108255412,11.925307355924588,5.946032824731563,2.840872968026602,-0.10942723173189961,0.5162932180603268,0.6211251085722118,3.0458895401765744,F
-0.7603634008350468,1.670288764099209,3.1528645212861193,-1.782561997495712,-13.83146020728799,0.6772836218102043,4.211932413955627,-5.320619036506542,-1.1570337046621262,1.9577266552265584,-0.022700990979274138,0.31050177526748257,-2.7935691652603225,0.015582362800778071,2.185796293371425,-35.70214060207758,35.4950038969984,6.880977245762949,5.716078012841362,0.22720986165198553,0.1923595241362932,-0.008231759648510195,0.6013057505405328,-0.18201352384346592,F
-1.8859763484630037,-0.5510687728640127,2.1252905499908934,-2.795774772816749,-11.513725669343444,0.7079472700444285,1.9425205325864514,-5.905416684250326,-0.40366216129575605,0.7476818461699324,-0.6919328511098684,-1.923345284439847,-2.842708776690074,0.6621426865246249,-1.4054367106850805,-38.246304125617854,35.72210945108715,9.044521637377784,6.610105295698616,1.6332743396329334,0.2484289594975735,2.2547999538609544,-0.7367484162274032,-1.4829055761271093,F
1.4783703240439081,-0.8898924141275364,-0.9547846751488009,-1.2093043095516194,-10.736033204230154,0.24431132569526426,4.331253629270191,-6.158854427286201,-2.485084827267201,0.8467768895076517,-0.5537428224316727,0.6970484392681442,-4.188634762863558,2.5437259495248483,3.597501952573225,-38.56381604404392,37.0551418571648,9.495669402110138,4.690512308987593,5.6384768134071805,0.5037829578802757,0.6117230000431291,0.45320705089315894,1.2472072091086375,F
1.1661521766624787,-1.0351412867895595,0.057240162017137663,-2.087991868653539,-11.22010395364245,7.7320695789740626,3.0641947906157565,-6.799038303289308,-3.1677141665629733,-2.0082470771478427,-0.8785835096267647,2.476022407912126,0.5796027489568587,-0.9951882882095973,0.41318108330000314,-36.76177833287885,37.01577546560746,9.050648628062845,4.888159458518065,1.4626402313096207,-2.2782287387755105,-0.15212311365485087,-1.7836262487695898,1.392411281948739,F
-3.6817670216283034,1.119157383577872,-0.7044664638047493,-2.6854124359546034,-11.697929757097114,-0.6330241389894127,3.7844662958896063,-5.124872593116237,-0.9347448531615328,1.0107575582099315,0.42716398599861805,-0.3988497220546492,-2.3984086179434314,1.7654892531175719,-1.0788961115353004,-36.75974245138758,37.81776688257314,8.4080949723608,6.44544464652845,-0.26242910297084165,-4.9345332285326435,2.0096416786407647,-0.38787927028599256,-2.62194664477812,F
0.769772790416539,0.6325057728970327,-0.39675822068926436,-2.5739644914861017,-11.64838444139346,1.0723587751438117,2.2320678653975925,-5.2824714424516515,-0.1686677235040861,1.9825694586292855,-2.22274821727666,-1.915240671839058,-1.510896051881872,0.139517824060853,-3.2457309056617873,-38.736212880821014,38.52745133219621,6.42632280417115,5.712141514320222,2.5400628920336885,-6.467349926425754,1.0045737830923813,-1.1898702574509379,4.165438631222287,F
-3.048373983392139,1.2612840734628685,1.5887333084043007,-4.390933473198764,-9.632953124448079,-1.3230984969327437,1.2768190989343182,-4.947725067000931,-0.37759979054669657,2.009175425464825,1.3031345416449938,3.111354831333699,-2.328229870550558,-1.0680841426244498,-1.8421289200583715,-37.30964954538504,39.445637509583705,6.952144679833964,6.208566715824703,4.616848909127967,0.08263651327484922,-0.33388781794055644,-0.28389759112046775,-1.7772523950079062,F
-0.026247026953001296,0.777211756097798,-1.1562671390027504,-3.6240997906854133,-12.484175125605816,1.3962833688319733,2.5335612642495313,-6.42288189421123,2.7051116838417784,0.6963688480843899,0.8861204532947795,1.6083225163945372,-2.850986331439458,3.2702420483068053,3.5164811520128865,-36.62671030767824,34.43102320758281,10.007479815315435,4.855444650584791,2.7773478466743597,-1.5491632726326543,-0.09945347199611954,-1.4977437097540367,4.257203635376015,F
0.13108786604493616,2.5356732629715824,0.1724318400254674,-3.4005257797587447,-10.810418654774566,-0.5451980013604043,3.26306351398451,-6.17609016163027,-0.2501362901224411,2.850803970475077,-0.6244670749857448,0.7143408589779483,-2.391893874500994,0.3227748553937104,-0.1187854583873218,-37.29824833009499,34.98351116349612,7.9422684734920495,6.253906268404125,2.3325033219973648,-3.042342414406505,2.8076960243413045,-0.8044857470136471,2.2874805803261324,F
0.9675570761560834,-0.5745530003163566,-0.49662830694495597,-1.8622451511573814,-12.762185208282233,-0.4604482841658637,3.9473623578041446,-6.504873719919118,-4.759881560864471,2.5277268471697028,0.0849431652221142,0.35364454450711946,-0.4220749307350786,1.0210556110365658,-0.6054156383664804,-38.57114487495279,38.1158643877542,5.4473712058785395,7.597526208587953,3.2668483429647353,-1.5688719112338276,1.5464742357536836,-1.98385192004584,-0.6082035160662826,F
0.8616706772192799,1.5276188416891143,-1.8993513310629737,-1.7150967426559802,-11.922591771467154,0.702031582517975,2.639715148658233,-7.465823040302325,1.3943719819363878,-0.010056054922188196,-1.3830203512203525,-1.5354825809524755,-2.497638677398868,0.3393365793358356,0.2879065355677426,-36.360781747533466,33.27310290872596,8.778868025422184,4.7742680028116355,1.2985224475430925,0.4610749191359673,3.3760670591965254,-1.621680173882492,-2.172765703433754,F
0.883527974262222,1.0520985702756454,-1.7291849564076642,-4.745503376956542,-10.728431537887559,1.8769952652190796,4.912249177311354,-5.530076102554858,-0.8107911780166432,-0.28453648279796795,-0.6657345735717115,2.5798327415783433,-3.3516217736985254,0.7328657480646328,-0.7830291306158301,-35.54752387593156,35.176543641379865,4.31708953829866,6.990738599936397,5.1865771079777545,-2.702877993759955,-0.8251548289012027,0.5597677208741381,0.05429062897752601,F
-0.8610860460379399,-0.8197115113659654,-1.6376393474038764,-3.214009654049512,-12.811189492894982,1.4446734492105406,5.567498031698218,-5.428807979808482,0.9070856602186836,0.460577093685437,0.4638141059699592,3.0975490656380202,-0.7374118227033648,1.198884048531042,1.0465366304842973,-38.533949277437955,38.00021147314597,5.566951919211078,5.366259124008818,5.145989239999267,-0.1267332669764869,1.9656597625508216,-2.6290557495047757,-0.689882529693989,F
0.8483708266863346,-1.3697566513389479,-1.4580550271973607,-4.693104350094451,-10.964221365950664,1.017181281595299,5.508855496618018,-5.650752217426913,0.9230745512679164,1.9156451900016833,0.522730665664028,3.4687695257271116,-4.278230008639127,0.02263989451144255,0.09255189093039462,-38.232863845894556,35.92559189339924,6.599555187381384,7.770738733364499,4.789653783876091,-5.332466511859536,-0.3994534811660668,-0.22186141170306684,-0.6699575062742156,F
0.532079714951692,-0.6198924062305933,-1.1549525356373351,-3.7356845015444833,-11.28499029016325,0.20949278514802927,5.427679024853873,-4.708811371264204,0.8065638234416497,-0.1911415672474277,0.07843116974260056,0.029302536632769716,-1.3435232231868213,1.6568935733295476,-3.0357084911220795,-35.64919891813142,37.50432482150704,11.785361420368815,7.309471792829034,4.67549019612467,-2.7692320738911462,0.08611214788252086,-2.1109111747568683,0.19598288806270148,F
1.480135372385945,2.6340896736076216,3.4307770858011395,-0.6055035626856693,-11.62299902233326,1.444674802478687,1.431162925996384,-5.985777987519356,0.22795087360424304,1.011844895375873,-0.13143433473368304,-0.7383043384114671,-0.8160119441108975,1.1644049815183095,0.6188269457239812,-40.13711925979577,38.035502504513076,9.891843133020814,6.107842845571031,1.8248118359321666,-2.3377937210560162,2.3321755276708234,0.7449259697064612,0.6283016661222405,F
-0.5848430139881486,1.9584787200651759,2.729964462073724,-1.8982186577569138,-11.43064726595685,-2.2236555462999945,2.4359593239520976,-8.117000328375013,-0.8081603970759375,2.2076365109957905,0.3461216298096019,1.016785827913509,-1.7876852243003611,1.3463056204265982,1.367817048638642,-36.9371614182419,35.37337248526903,7.909640818877051,5.292684508620923,1.847618146801608,-3.0348902151524726,2.5264290912281004,-2.4958884153408896,-1.34755428980435,F
1.2774651257265646,1.058750181085938,-0.4924600752743231,-1.7137387000727742,-9.698250661168629,-2.9713313496441742,3.594692484145794,-8.063108342926228,3.1989686748804047,2.1168220499997403,-0.8379955173685403,-0.8795636621529184,-2.290354021029543,0.9158530647658338,2.491974459687526,-38.35965128530127,38.56600081237552,8.222593307564807,5.133725116327915,2.655580783619783,-3.1792110733785535,2.2774697572020055,-0.6346666910507608,-3.119087023428108,F
0.7466246623732218,1.143214525732077,0.0028820010919616834,-2.968653394328072,-3.0041284071982375,-2.3531059040045648,0.48198725154064537,-16.356019097099875,-0.46152372147105325,0.42370015540497263,0.00592045903925964,-2.9888068041213955,-2.1621721196933095,0.9405309339843413,-1.9823679751568761,-17.120253690003445,8.924851641348795,2.850189342654687,14.695450402473519,11.057598772558379,-3.37804579017552,-0.6243203896149208,-1.08209871238601,-1.2290266118799877,G
-0.7205232821505092,0.1843003998494126,0.025875380572642825,-0.6810510741359721,-2.1877470821885083,3.157265239457331,4.555471652412861,-15.827828145989884,1.6851625390457343,3.5200802355460894,-0.5028584953760173,2.0288051525829474,2.055202876992581,0.926142645028996,-0.7090656915030422,-18.069667151818102,11.225484777528465,2.557821305633695,16.6159936627458,11.743390285302297,-2.9369787133672958,1.1283041527422455,0.9744619472383391,2.6289595483293056,G
1.290967276456513,1.047649634313899,-0.15392966043413026,-2.561277285338612,-0.8946306740604939,1.5968554035728175,0.6359239407427086,-18.175159915423933,2.3811583013831523,0.5018903953587639,2.1162339228976066,0.10769820131378083,-0.31072713308236644,2.357862242892942,-2.791798790564485,-18.225231017238066,7.94964827137963,0.5258912469515735,15.844816481346548,8.89271171107248,-3.90628521038019,1.0581232183983023,-0.9775734129685212,4.495746398097765,G
1.1503360348522875,-0.25972730320710014,-1.3969833349162286,-3.7061651318581212,0.2753763601722028,-0.46134391018210863,2.1180055247615375,-14.991626151106885,-2.6686540086070067,0.06220710084672021,2.371850275790223,1.7200147644324488,-1.0711784922055188,-0.6296503024553672,-1.912713688224244,-16.266816703002554,10.729601778332693,1.2578028017628071,15.119522832887835,11.161172981642181,-2.0692867757524027,-0.8962208393148687,-2.5989315007757448,-1.3245099826997944,G
-0.48120319860139205,0.11887084008134963,-1.286175085835339,-2.746708341986974,-2.5131339235611847,3.6916334178810644,-0.7311801582267554,-16.09552171305012,1.9039406815001598,0.12804384588879714,-0.21656606627624342,-4.676674644504203,0.24080988957300065,1.503065860040664,-2.557032668445572,-18.84029817386145,9.626391722666412,0.18249229576201742,14.805133393967402,10.327010161663281,0.5530784663555437,-0.97183177262949,-3.195673719967079,0.048862670898984106,G
0.30938620906484005,-0.23637881856365084,-0.2524813044616394,-1.213857429193773,-2.7395599229911625,1.4906472167975267,-0.1865647251616922,-16.012035768811415,-1.897973253958412,-0.29697788580287465,-1.0136730827231588,0.7233232565492926,-0.9575609688740485,-1.047478095076137,-0.07198882255681838,-17.68238022251061,8.914942611349332,1.2797091478724383,14.813142431140573,12.240900948503139,-1.6573320047363609,2.3071277319360313,-1.104904175736742,-0.7498384678347634,G
1.625585360703795,0.03606505463898202,2.114958234830624,-3.0763003917021834,-2.010463345489228,5.879932619397607,1.1356072294399153,-18.03357524115836,1.761154263672779,-0.46408258098060173,-0.39371723793030355,-2.933838183372245,-2.4111348810673974,-0.01743238637235578,-1.3194342941349078,-21.188851029616337,9.682996990083254,0.5679401888615985,18.238708633192093,9.766240515247375,-1.8084423750789824,1.5773538734902264,-0.9012845234244757,4.734690252382279,G
-0.017628758909665976,-0.860812658801791,-0.9585450505730932,-3.122319442680066,-0.9234074383907966,0.5911879440935763,1.3686842340322611,-16.783485966885678,0.7670917968140429,3.515329753340744,-2.6982880254550423,-2.4529024730003925,0.2758361567843508,0.3531561181945051,1.801164325421155,-16.963874231951458,10.542408466183986,0.09709182228385771,17.31970388887381,9.54348002907615,-0.20182522513908907,1.7869467636902598,-1.0214197159503478,1.1423553842402612,G
-1.134957489013857,0.5907249679911573,-0.7890370270736753,-2.3493765207697166,-2.166981955412126,-1.1744217280730709,3.4107206009804463,-16.185248363926803,-5.04747503033002,-0.6518200208568246,-2.2966134941829353,-1.1029513011253584,-1.3248884354676704,-0.1537219812038657,-2.689302563144679,-17.173602462561597,9.685576098273998,-0.254417624080304,19.51852752189518,8.992756237737936,-2.6680419899774392,2.6542317544497216,-1.2881625706944106,3.0056491450664566,G
-0.7738734010724215,0.41466225892503417,-0.3943965489999073,-4.031957228716784,-1.8335850645043195,0.9345904303509656,0.914340254425456,-18.411902720456084,0.3236084734967335,0.0631581480277319,-0.21439603172092347,-2.0295688432368593,2.0651103880175867,1.6988121687946034,-0.10658399100282168,-17.132470332219235,9.71435387755541,3.441281082084913,14.814635915326942,9.573480575906956,-2.595763688445061,2.1573991276883637,-2.7201531829488417,1.144764947261649,G
-1.3943689098791623,-0.06764496111968299,0.20655499184772452,-3.4058934080375067,-1.5293759448025241,4.820166580131854,0.7870099943320588,-18.141357679272573,-1.863592316149095,1.5094021280557115,0.20560364238997408,-1.8287405878812137,-0.9809087389090507,0.547545440742951,1.6783038147805769,-15.646588164316746,12.579556726930605,2.522558092212819,16.35196611469373,9.120766216847883,1.8029384445265464,0.6145031504285923,0.31975651643507774,0.9500737906758445,G
-1.35337584165012,-0.8992288731362734,-4.41180256038291,-0.8248070740851574,-2.4099667513061718,1.2085639626350257,1.784068815110495,-16.71479577305348,0.6341597120961637,-0.2231326688877857,-0.6402307220047874,-0.3701684901719773,0.3272829247380855,0.6904871150229042,-2.562721283096664,-16.499620817572996,9.328833998874515,0.05985651049087437,17.108481955940466,11.30357308283348,-1.5081895348728835,0.9841412452335412,-0.24399879341638453,-1.5870946862401638,G
0.11268839053313684,1.01425563636203,-1.3606368993693536,-0.06286070575979608,-1.7397849935820204,0.8419533967589814,3.463525935876431,-17.87774070829545,3.11919231757372,0.5802156617868803,-0.799735939544064,0.04768948516209548,-1.5487345810285262,2.044694432668635,-1.75897422162177,-17.530888085551034,8.267973296843167,5.815291622110692,17.013459390193727,11.209225732311637,1.1008205798401036,2.5579873806535076,-0.6118725194801122,0.09835480868702007,G
-0.5088953253976456,0.7559299508350321,-0.14449961832258396,-3.2051234916584335,0.20682226645314472,3.94458500623125,0.467733955184789,-16.69172270264818,-4.431641102295146,-0.6317301507319115,1.5661943743258178,1.203597881611131,-1.2351584428471085,-0.02951479612318053,-2.5204505432953397,-18.79102339441655,10.27145890138398,1.3497891343066044,18.386400346067806,11.060176596525253,-5.158771882069516,-0.524953833823826,-1.5885692329578909,1.0024104429224394,G
0.24015597837956193,0.3940283404735254,0.126402133303543,-1.335893454297178,-1.7507800765235686,-1.170488247003334,2.901263510011445,-15.660182771847133,3.5460399705096393,0.863248765211921,-1.0157103727179901,-2.211775327656028,-1.4089211276648825,2.091933827741201,-3.1638856460774036,-15.054190783470638,10.608516472449878,-1.0802791035503674,15.982735429179172,10.813255758018187,-0.7931386519896364,1.0091185900744417,-1.1263522541511755,-0.6681543725470647,G
0.742145572575879,0.8364273783827159,1.4213705993933559,-2.028608162720353,-3.102682440158361,1.6597082475349794,1.8549285918781635,-19.10705913892417,-0.7709793928246995,2.0494016557927424,0.24375064266396862,2.2521933825744327,-0.8123092278531487,1.9179074178843223,-1.1146654599560861,-17.691882812914436,10.91394633670329,0.9069633059960438,18.579296799787137,11.855515436923568,-1.2037733237144153,-1.5457683891408593,-1.4516013987614151,-0.29803588701435046,G
-1.1056372908511918,1.4481018502767213,0.4908244369304384,-2.847296129874067,-0.3907373767701472,-1.5837460219432842,2.9109015215209206,-17.692581461773102,1.8489738835204435,0.20474144140743533,-1.3295524557125873,-0.9612529937600129,-1.8070613781686404,-1.0123189762857052,-1.9295828940270212,-21.171883863768635,8.22725000538567,-2.493089057196869,16.80237365333429,11.563390863893488,-1.6071756884538786,0.9648651628796481,0.3872221700056073,-1.9436392568177894,G
-0.7258183719412443,-2.280585508596765,-0.15020245609832727,-3.4395586326910745,-1.0265734645105056,0.681854536376477,2.1523493980023654,-17.1658818398044,-0.5780369072742815,1.1498097731647192,-0.966025214700494,-2.6642381928728014,0.05890918852483651,-0.9286993277708788,-1.1076517748245465,-15.851293809157319,11.865528645511361,-0.653671034316119,16.874047742690532,11.309136195670646,-3.0902701101167622,2.0231457629139253,-0.991012984987794,-4.1242614784753755,G
-0.6742344129745561,0.3147529865800891,0.30335766104497,-2.682771002031643,-1.6628181563851854,-0.9525736829656353,1.7714443594255043,-18.251043889525135,1.7646536770724879,-0.33743108978954695,-1.9051204831225732,-2.450926701471815,-1.0341189948037766,-0.005350684325541977,0.5762731944645907,-16.515911211246994,9.609828735213682,-0.7522098361048961,19.040563534052772,10.277733939192615,0.3299144369968303,1.8336436081580096,1.7844621726679684,3.8074236110502397,G
0.21069721522249552,1.4114497867084594,0.290648705392357,-1.328426610748231,-0.016888662761544992,0.5322779159897664,-0.3483745387064525,-17.876790065023556,-2.89816991972657,2.1976378709612874,0.6684991281083228,-2.4469857360005562,-1.28036541554755,2.516549378753332,-0.03759714145525095,-17.80428172861523,9.607927704133814,0.25257388402383185,15.502871328546,12.396196783972215,-0.009542333541901371,1.737806328044237,0.9588515259411032,-0.2562022528319403,G
-0.07912114719044894,-3.2806321514698595,1.6208916253143002,-1.9979298909045795,0.21333703751332678,-2.2420677374233264,2.69533591131927,-18.732267625075565,1.6198998835027965,-0.20154802085903611,0.8337029026770608,-0.5582922363274747,1.0138865088549949,0.8457808066666601,1.700640969669621,-18.215048171375862,9.022588721504263,2.4581669689891896,18.469070592381943,12.475607223027652,0.5156317685508611,1.5457249757715106,-1.668116793982005,1.346029645411022,G
0.8096111346627168,-0.6527136525977468,0.6489552587454455,0.3348761085751235,-0.2658521421962803,-0.825994750423547,-0.3182389537770449,-16.79000129030021,-3.6484745155357245,1.4772299724597033,-1.901454452031686,-1.3171486308234535,-1.0157976632100087,1.5708030734516072,-1.1882478701211312,-17.266181837263325,10.771141152636716,2.959908542271137,17.200925305614742,8.066015499891932,1.808635565434713,-0.5906552003195884,-2.7789313450808635,2.148679841607361,G
0.11906896019826263,0.3978304337032128,1.019289466271573,-1.4326807404255675,-0.034125239446012756,0.6612710237121178,1.1174172615206555,-17.058507204910597,2.151197082182364,0.20772761404468554,1.7599035691478093,1.1295741955516974,1.7300866340185337,-0.680689705619919,-0.35559328823131864,-15.217221071269343,9.848064022426897,0.7843165288732621,13.989161058876931,10.736828805776952,-1.777125208789414,-2.6128724440406432,-0.9546326366096167,-3.238611755094496,G
0.22617314168644498,-0.019454719094575523,-2.6194685760078755,-1.3825898953952134,-2.0589238096215468,3.99999686373269,0.8326208537692867,-17.355113884973747,-4.476754229990604,0.5603974740560034,0.263022852280244,-0.6117285432421795,-2.453351572995075,1.0822505622277632,0.7488436362154971,-17.400976564433414,9.218472411142969,-1.0805099324354615,16.265224177893565,8.997100276895424,-0.8509535271134041,-0.5014696624160297,-0.2393837674861068,2.6760484475533417,G
-0.2623780922179577,-0.0527135076047216,1.022788879671225,-0.8949879411378845,1.4425222678892737,2.641727428592276,1.696512360611651,-16.79217469421704,-0.7878406999602134,0.30967304405807283,-1.7726289562384068,-0.8721241283843142,-1.4516775664596082,2.8694907174780155,-2.44993356171301,-17.538218621853964,11.054852402216937,0.32879058257969973,15.482916305380257,11.651762603345716,-3.030490897199627,-0.49726149574124,-2.79888624396688,-1.8790356704914188,G
0.7695659341249552,0.20126907776716507,2.6079497142123955,-2.017613545827821,-2.5660727110991957,2.666260799632994,0.9841140531479438,-18.192261841925472,-3.641251322397352,-0.8250329680981423,-1.5924939525486934,1.6608814194628962,2.462984638472733,2.3024775059903604,-0.18411255877003896,-19.687223386324554,12.140010371419862,3.5472732983072888,20.19101618758382,10.393390955031933,-0.6479439691736388,0.2512452046579998,1.5204348662709286,-0.2146036730454739,G
1.9000641591342315,-1.1397720521951982,0.03486364967091049,-2.809693902891773,-1.8988797427910526,3.8134036638775797,3.0587294963862615,-19.709366171168426,4.979418274693387,-0.49272495749625733,-1.1729029792340384,0.08952157275223271,-0.6791455271452378,-1.47793010873918,-0.9790946127770326,-19.32613581509846,12.615802185196912,-0.9221638305106126,17.022011286405515,10.89646754807714,-2.7146863267988124,-0.2867186182980017,-3.329383895908517,-2.526845226442731,G
-0.8607502417933119,-0.26013311795186667,0.05238007668941691,-1.4926805118889561,-2.4371121922837915,2.5712114136301807,1.1280054024614303,-16.486875820799014,0.2535300060370105,-0.5570697554505557,-1.4344864024170079,-1.2753194154760195,0.7905872493412573,-0.5351699829791272,-2.9799314020074803,-17.62265114610785,12.797974568639106,-0.3814429970299784,17.06897993592881,11.922846818328651,-2.3990982240696894,0.6366298536154069,0.4115215758242208,2.5466095070132155,G
-0.424595286788076,-0.2422161960514586,-0.9885467849657061,-2.097431739772688,0.1449177596834943,1.0679656413503267,1.8372814349092499,-17.880452574855468,-1.6296983615570184,1.6813929325984986,-1.1308214346082082,-0.20963948383536035,2.58366380510256,0.9084955516833233,-2.223266418180401,-18.553195116414393,8.894852392550717,-0.15149417818452093,17.884002530070017,9.286783581764126,-0.9576148930194108,1.8126029004662474,-2.093139409440642,-0.5766117738745038,G
-0.8888963241925296,-1.6693058147128346,-0.007451000644607575,-1.1191446511109717,0.22180030263459116,-0.3468909221660397,-1.7442382375967718,-18.58333987937729,-0.6935365139364649,3.392519291804483,-0.9039847312689062,-2.0816294591561473,-0.6836303721987065,1.1688356976401906,0.936669048603278,-7.203813804246842,4.072428704033243,3.0454774689140436,33.49597607317519,38.984473439765026,5.08568355342868,1.0411602308680186,1.8710149254432658,-0.985276094323865,H
1.1866698390215618,-0.035866959761699846,2.9438520861324378,-0.04050168081436567,-0.2975627278465538,-0.07663821452501907,1.3042233674925292,-22.997956169853836,-4.1787876031792734,1.5515236792931972,-4.387104878835942,0.8363906045634621,3.2118888878453333,-2.1023867129502207,-2.4776158844956058,-6.199017376515776,2.4898931683158025,3.2443361667276918,36.79869087519657,39.63524014903663,3.3078044339699204,4.166318584496653,1.9250416646414301,0.9818180025546894,H
-1.7788514012128473,-1.6664551361092617,-0.20082523397678642,-4.209822977471767,-0.03964855321862615,-1.0667547999587441,-0.3387177138695545,-20.14483387639018,-4.489552326736998,1.194238795077716,0.0636152117281199,1.8330754565767506,0.6878179202530532,3.4371607300081735,-2.608582057210185,-9.489787421317267,0.7410709604118182,-0.12395435730195459,35.55063678808849,38.66668838901472,4.192585165861544,0.4360018904225438,1.2695211659427663,0.4722035569416789,H
-1.0617003980268294,-2.0498035184376935,2.3431261544211566,-0.9267903055735474,-1.2274256417809397,-1.4362183036970464,-0.4224734504147545,-21.46795526399268,-6.958613744122431,1.2611624975421094,-1.1496876767537856,-1.2174383158268256,2.1417981166923425,0.3567995234011079,-3.9931260776428417,-7.947298494641188,3.008447393219029,1.8834415294256246,36.77031992733716,38.366417341828196,5.28367234836827,4.027042595546743,2.307575589900704,0.17523197778268695,H
-1.127945636732278,1.7001964692638154,2.1532518039898605,-0.601812624141715,-2.3662089680809117,-0.03852650969423621,-1.094555030512078,-20.04913240845326,-4.964788126811243,3.930483020903388,-3.7169274018580722,-1.4349071575176708,-1.9129511503334413,-0.7336532835808782,-3.4361958532544463,-6.198746564079848,3.1310247255905352,4.258977506474196,35.106609689385316,36.4646072144663,6.489729272903389,-0.5105592993756707,-0.7935558354994399,2.7275071806072333,H
-0.36355677816152365,-0.33532393070151034,-1.3348338849506831,-1.39348748406465,0.19302392495231402,-0.16117538576366996,-1.103514096462911,-19.067007092506515,-6.166032415467214,3.610799238248198,-2.6792796056414545,-0.9057925042193915,0.774287392732532,-1.185417531009108,-2.367227977078983,-6.227254000426534,4.831661134469741,3.5752474630370443,38.44285354560825,37.958636063658105,3.440083414898254,1.9639656448089369,-0.6022882350731358,0.37321110652101197,H
0.4235023049744484,-0.8317492266564281,0.9833297909012799,-1.2775595453185389,-2.226796662067784,-1.6035412133672367,-1.6775864975873418,-19.9258771025373,-1.5881762187141248,1.7992616673811312,-2.6696410911874295,0.06286326412754306,1.2647395058193638,0.9145833147835134,-4.193507533560592,-5.381144062991709,2.6123381151572005,-2.9142945633964814,35.79674639718532,35.41623527892824,10.29208075586439,2.612155732778967,0.73155730048137,3.8998394471601614,H
0.16721205215080204,-0.25930578519638914,3.197029256001315,-1.7749361210474248,-1.2984285432983143,-1.7752348201969994,0.8653547158219581,-21.580760923084,-1.1606756000772407,3.1515697836207934,-2.3805011649156995,-1.7662612210781958,0.695556722373226,0.24195801043624954,-0.061550575221303916,-8.191370527586912,2.2743293622739174,-0.9461014746750607,39.09443803060618,37.31560189418917,1.8396036675229652,0.5088977893386071,0.4300642055322115,0.18333454667236992,H
0.20332036773513096,0.38942723711369,1.0619533735600157,-0.48683643682840483,0.15311622612688325,2.1782319214425456,-2.1262290444698024,-20.08442637420285,-3.3224744414587803,4.4233785528814025,-0.005476971794962537,0.7260075026297841,1.4865511093482553,-2.7057802641855133,-3.139883426165227,-8.052502124907335,1.1335147390237665,2.4848217248706987,38.477604332989394,38.2016226408949,2.8249048553058174,1.8222462135575146,0.517485015178746,1.657016518709952,H
1.0027303704306405,1.3306942636093062,1.3948388119525816,-1.3152980243113959,-2.1886475766561375,-1.8558339810602433,-1.2522923378232615,-19.28053510681474,0.14108027918251764,0.5742843139096792,-2.620908205887133,-2.05118741548921,-1.4598278764407837,0.8355777376615805,-3.574817740185267,-6.389198597765734,1.3193509924704472,0.7051993750668544,36.734890768975376,37.855332584157054,0.6136102029797144,3.7801195061956916,1.2381639384274585,0.19472204976551666,H
-1.7045968310328874,-0.7507084433827407,-1.741303252482851,0.490675342818669,-0.41933238006214424,0.8333256780708211,1.8011917878750703,0.8764805391748496,-3.528555807674138,-3.6041322014579436,-1.3755684057730946,0.4268488764013796,-0.4459409146548694,0.5335414660700479,-0.5540942609272861,-1.1796522574447224,-0.32806945055088477,2.0680582396914247,1.282626218120991,0.871030536358333,-7.367349037687802,-1.4187041796877362,0.8055391940294321,0.303123829009337,H
-2.2368613264682438,-0.39858185160536763,2.060829028652279,-1.8065646011560403,-1.663042431033432,0.8966143848546153,0.21227777539765214,-24.506372862665273,-1.8656563173867653,2.182609854443662,-0.5761538461541988,-1.4940341504121193,0.46872047555476115,-0.4196714756477391,-3.823181638967469,-6.19440310489442,0.9658679494729938,-2.7452234798097948,36.962265843508696,39.666736160762014,4.597306635654434,-0.37223356478407776,1.4540006385907311,-5.463700663708437,H
-1.6566764866068127,-3.5366362199772636,2.0030145125588774,-2.952808501783082,-1.5510520469703977,-1.3175205564190833,0.07259450548265178,-19.49732372411711,-3.468116034183595,2.696682590260309,-1.3526262295411584,0.021034021162392946,1.801210814877095,0.08489862143406413,-0.3357497718772038,-6.872321041055521,3.612927815571254,-0.43121781707293394,37.20199429967793,36.41601177564286,6.292405264048114,0.6500741928783604,0.8901094599245347,0.5116189285215,H
-1.1766806624057153,-0.06695298948761597,0.051462672997956815,-1.5647995521235458,0.6001251306314259,-0.6254599322144827,-0.759803866839535,-21.313203235195147,-2.9543268391185507,3.59817531064418,-2.5701381962982737,-0.5812333658479929,2.009987573683844,0.832591395865812,-0.9014338737931666,-6.545850404489215,2.1214789514327492,0.42333151148517345,37.16914345010341,37.27229977762249,3.3551076743015074,2.037133057769628,0.08920453951050789,0.2768514531344408,H
1.1182529225066276,1.1903321005661738,3.9460249100772558,0.4762860458166287,-1.3075176584929693,-1.17078615822021,-0.1974053399444351,-20.466823724669496,-3.474682919877182,2.767948923378597,-2.8872432712196314,2.039818985193108,-0.10643430794442565,-0.36252212192994904,-3.383637706911486,-6.670872598777656,3.3699390082037297,0.458374363135988,39.104618338443274,38.92664650950749,3.919048711578739,-1.1994734063574617,2.1259468888503434,-1.3413823164852374,H
-0.7847801933464211,-0.858762914075025,-0.02145953562410341,-2.6933972535285164,0.7369611178432933,-1.2432692451298522,0.30064869796958504,-21.387047392280294,-5.088310275116157,0.631297422521321,-1.133667287697449,-2.2200435503785343,-1.0232669755066581,1.3841293540713693,-1.3957325549919233,-5.242954752374139,1.0784011528741502,1.6311443705154716,39.14968667386853,37.204561987691676,3.0842042103768676,0.2823366198976771,0.02309561495547996,-2.114899659307241,H
2.450606195095702,-3.0153693225567233,2.8238429943797883,-3.000998288115845,-1.178017213295334,2.094139174518091,-0.0953241023931195,-21.405646917145134,-3.1726730128494296,2.838674073508514,-2.7102282687229717,-1.3381087966843666,-0.6669339428381988,0.023270198632218353,-2.945626917221489,-10.472728889154773,3.0647813579854386,-1.3096460043784646,37.43765016649073,37.708998739527715,6.366203534295096,0.7264996866667568,2.4020550083488956,-4.386196040502455,H
-2.073962167593436,-1.1907991026839486,-2.5270965327607087,-0.9844823267320351,-0.5837188497003467,-0.5553795867499502,-0.4997133353565797,-19.56058189951392,-1.1637459722315384,0.5213425781803096,-3.694532470703507,-2.4874435134813098,0.6803500893707053,1.4970706817489656,-0.3258883962496384,-7.164175913262817,0.7181286253779575,0.9936222211057952,37.70697106484882,38.29284122159831,7.399028075620151,0.6413864811454024,-1.7972663069504584,-0.3823557416124572,H
-0.8450500626372843,0.2839521881164053,2.575488402768542,-4.235206870653059,0.18908787543486483,-0.5227383718354872,-1.4272697944296127,-21.68202831396087,0.10779582000373011,2.1535598991015092,-2.901497134385977,-0.6959932408391865,2.3406681377701943,-0.04949061549944389,-3.740174019791482,-6.180148257846859,0.872473030470232,2.6278343594241846,37.32633745498216,36.620851331892396,2.658677844294118,1.0867710699695428,2.788254284612794,0.7343511824807933,H
-1.058034960716867,-2.7084461394996175,-0.3359562137649732,-1.4316328859632037,-1.3315460395644436,0.8138423448111212,-0.925550218228322,-22.73392839913393,-4.290039503278251,0.42021198476393096,-0.01783271064621772,-2.899388535442881,0.5672751851489295,1.0842651434851618,-2.8186036156006367,-6.368023499778076,5.877723013623452,1.7962706497681324,37.28819367370963,39.090083696046406,6.967809476965158,3.389712365730346,-0.6996192484721462,0.9969416305064556,H
-2.041520421645515,-0.6484914612155084,4.167430381257645,-1.6876507866631485,-2.1234934863616672,-0.42792221745907,0.9366215892118461,-20.959313762958686,0.10319694525998102,3.5379047509103643,-2.6486018999888756,-2.333483326078465,0.20062458739104727,1.2094236553762485,-4.361712194105735,-7.216573555786809,4.584737506573177,-1.8317530760608633,38.27846414460824,37.677099495314195,5.83402535803674,0.34505154642531366,0.21463443172683938,-1.3153119642157094,H
-0.8199366228615759,0.063092310560247,0.8576133873025924,0.37651271478293324,-0.8668863892710306,-1.1366180425439438,-0.025278702781227125,-19.44587502292319,-0.3864987737728143,1.8281750772744587,-1.9613152606674475,0.40757982901374135,-0.8824981010059787,0.44612037334190546,-1.0146633681900994,-6.72842936906784,4.00442077139617,-3.1335177929902898,36.74127044537995,39.11519653513673,2.9941853364285294,0.6652778589180812,1.9754031805669037,-0.8094119083174292,H
0.474134515960543,-0.6874505650921581,-0.38413029597302284,0.300358749872899,1.7532930623737002,1.3291482773178132,-1.1895774197643387,-21.053114662412526,-1.2228749259839446,1.140211717562515,-1.8907273291682145,-4.386215546896551,1.0248762991371905,-0.7996265844284096,-3.4259005756632064,-6.005851246139166,0.8779035920709788,-2.165078519932763,37.30909829900783,36.85175936931111,3.1777147647638913,2.3273594563196385,2.062417136352046,-0.09765289168495883,H
1.9191579965442145,-0.7486722209852665,0.860473367682971,0.5183680547653182,0.5762364399763555,-0.059991579909592474,-1.6558669710979466,-22.65913184505183,-4.575613940760604,4.804148436119213,-2.6739846263216123,1.2049694575665058,-0.13955648541366372,1.5187912227579687,-5.507319734184534,-6.737116498023795,1.3040116494296825,-0.1603118123182412,40.431949017711055,37.95592236742428,5.630352974870675,1.7915673521142397,0.7160826547890728,3.5404455014057703,H
-2.1400740679575563,-0.7794867305712394,1.1013771685437632,-0.9263840558497236,-0.09720257899812168,-0.9106038370945839,-0.41935119622003647,-22.181305516860505,-0.9727731270763229,2.369533631475882,-1.280137301484217,1.7529232884754151,-0.6369321117835227,0.6567990124733356,-4.6992024174335825,-5.584764362594235,4.179805741668446,2.542207669219863,37.56810349005348,39.19881667386608,4.2648569219949195,2.0349612679789173,-0.007989924987469976,-0.547489615737561,H
0.04517609609169426,-1.7143737587432515,-1.6381573182528086,-0.48222052540505445,-2.2791941975731334,-0.33681382454511777,-0.1228805460930058,-22.954379843872005,-6.61608784422674,-1.597526568106339,-2.4270633804532054,-5.603220659488443,2.1537468118104357,-0.25582514988129645,-1.698613662926391,-5.65711803978288,4.348129814320728,-2.532781587487932,35.880908064070546,38.27017342048785,6.665365971768608,2.5911151300561093,-0.17360104708429347,0.6811299071166559,H
-1.2638295031244127,-0.6231065678359089,-0.19337960773947316,-2.998012971627851,-1.427790016140193,-2.0450511126620086,-0.8734235853480214,-21.96261558539669,-1.2460962621070735,0.301162446449311,-1.1723579703632083,-1.5054291102890716,-1.0098307348745834,0.7416412731879092,-3.774998139117713,-6.31793171574531,0.7585810905906811,-2.295389324204905,37.059460058152624,37.03718614866543,3.6437677289183057,0.28016464560227217,1.1311954220733433,2.241107360011938,H
-0.087584772584961,-1.884735652384176,-1.1061948639877528,-3.4014513464190657,-1.6732217418277742,-1.9313847335878336,0.9287484553755565,-21.602886374357524,-3.1315085559684235,2.8565922934416577,-0.7258869071031882,-2.6505999590147553,0.0018917987527515834,-0.32682103995061595,-3.4193403182218844,-4.291778793404113,2.0321569691655412,4.571503991865541,37.5869719392085,37.77062405878854,4.683595515877471,2.7777664995134392,3.0966709394498757,1.1971001285887155,H
-3.0167237847102513,-1.415866916263802,-1.2075929833316081,-2.9914965089824648,-1.5552581011055508,-0.550342888326611,0.8106489661203664,-21.22822928975009,-2.5025211098782165,1.1171349187653163,-2.500369364881209,-4.357299188811851,1.708903647306073,0.44951429051194935,-1.0216703974516008,-4.331008684391456,2.86889963610912,4.072172948225159,38.00317119503422,38.291080177825336,6.19800622006295,-0.7326407631765077,-0.8536917191587001,0.8147192658996119,H
-0.9308433152974374,-0.2772243335214588,4.5964651917338415,-2.0290538640778237,0.3382717994927589,1.399012596994055,0.2620967513986159,-18.88876931555606,-5.076919899780307,1.2906190236640427,-0.457654366471985,1.6467051040862088,-0.3309629701642791,0.38462759496083265,-1.708466808473986,-8.209833203207985,2.188402212013642,0.8076801641823863,37.639098113699426,36.99347518630947,5.228475853829934,-0.22997107502075753,-1.3030123940722014,1.1896544471160269,H
1.5953285235233352,-1.5793032144184025,0.09879060577861765,1.7553472971505784,2.8361099193448354,3.125787578876839,-7.979231993481104,-2.9880373687057613,-4.035402828164251,16.238604603279946,-14.357860438006355,-1.5971839754263897,-0.04362837681867404,0.3865298822326082,0.7821296325964795,-2.179617687726008,-1.9685930551380864,-2.561737532809275,-10.449060017174777,10.059857050140735,-0.39133365627589,7.735444777389507,9.764153216193797,-2.1794466768146776,I
-0.2124075306338966,0.28965603510396054,0.8171223906785485,0.3981535514036949,3.55393366251775,-0.304912745686579,-5.549096154355402,-0.6307958650204739,-1.4073421774465942,11.151771239751206,-13.518399276250506,-0.39814468535627157,-0.8870244833832999,1.9363496593631595,1.2689725794732567,0.8256769360157534,-0.6111270677383942,0.0783723691367868,-11.405530636539345,10.042348107523736,1.9263853467024319,7.943137192531999,7.025737062273066,-0.9420702384839501,I
-0.7139956874936786,1.9016472725113287,-2.674908931127561,-0.09270620955390996,-0.278057334658655,3.6358520552007576,-6.407693329383935,-1.435368723874035,-0.3053144017554814,12.863807897300354,-14.114326809016177,-0.5521012548380781,-0.17177259875023765,4.184312863035004,-2.014784418856493,-1.9199342219841284,-0.15678175816586304,-0.11982676234123346,-11.65367546435617,12.080310980473385,-0.44126731851787326,8.966937838280423,9.49496845808082,0.060752347506593196,I
1.6786787404881522,-0.2770859966644794,-1.998844406196497,0.9305514714857637,-0.7275116776000061,0.798651541732113,-6.934390287537436,-2.1411115935316616,-0.2220967498359414,13.534260653880004,-16.732876332002974,0.052351439325491356,-0.151822001323751,3.136485787094003,-1.1032860030087477,-1.2946856901420034,1.2705935726943949,1.17930518517187,-9.229648300163394,11.411079520799674,-2.2195747887791413,8.126259253489,7.308496575955438,-0.8927911990060693,I
0.7101231554123331,3.115357677895587,2.102455587396207,-0.4194492776448442,0.12837068915001737,-0.7904508934877299,-8.409684363585313,-1.2808866858853207,-3.5638828815437478,15.917427679070691,-14.608309916362941,2.1576459767618985,1.2063262472710505,4.035806201365304,1.6012075653771944,0.5013777286994809,-0.8280498312003743,0.03171844896746734,-11.048245677885483,10.293070614638069,-1.4760607821773988,8.466304474794004,6.549130196135586,-1.0776319441983446,I
0.837592276042102,0.5972580168927015,-1.4800156957008426,-2.1788609436173942,2.56203468481516,3.6021258230086346,-6.345521558192029,-0.3465472160791876,-1.5096219648122542,14.617925157020693,-15.184824872461832,-0.10008151590278658,0.8546067405455915,1.4973449183676308,2.713524294202159,-2.734820955509612,2.9010469258167575,-1.1184995929142474,-8.011186764771082,11.958952438699953,-7.220112699068011,6.964403957608646,7.287049534931519,-3.482520307859602,I
2.006638973183982,2.0748599267459253,2.221373447884787,0.7562519189480241,2.2289120516535945,0.9534924857719602,-4.4823990733893595,-0.48935013549291284,1.3131232970920905,13.062268834386089,-15.993875723308463,2.4905299790331696,-0.7282022381953936,0.8943590219075617,-1.8498718178860827,-3.834641209045799,0.4481052522272364,1.4156106636432924,-10.64059863304342,11.530808706982867,0.21793819154828498,8.725716316775554,6.853610521825807,-1.8820436260511428,I
3.228632867458998,1.4934571105775971,-0.20869937451345777,-0.05211921498576544,1.1569204358403056,2.028790978065615,-5.650362954040503,-1.1143276684795183,-1.2557990374667725,15.4033554714429,-14.14676985299684,1.8854208117184612,0.5954650826429599,-0.10066337468066422,-0.045929057263208506,-2.902061174280604,-0.2332088484957069,-2.2067336994700213,-11.589195864105715,10.301080173958681,-1.616880238528097,5.51856686984795,8.843248157345961,2.47330932285837,I
0.12464580801679404,-0.3703437717446292,1.5505593272770852,-2.510897150997735,0.8027606690001505,-2.836390011886067,-6.498508066125634,-2.5962722540812138,-2.2312432408392624,14.708875804435245,-14.478533293987738,0.1944846705101213,-0.5696490171962125,2.079561925137291,-0.9418795265434028,-1.1429206590610193,2.3858873257875928,2.0980273741300834,-12.825847499976936,11.934653265905823,0.24859938180554764,8.082684521135754,6.420035343014895,-3.6653883470900723,I
0.058810402434033904,-0.9391222027016939,-0.41194031369258255,-1.8225259846131365,1.6957026574316387,-0.08131655428030626,-5.477693362093664,-0.2372700242266319,-0.6627353377530767,12.72439565342706,-10.869711048799786,-2.0700209281536104,0.872118665876144,1.7156256346552397,2.0724991134717357,0.9957669718469759,0.3604120801003603,-0.42753459119091985,-9.221910783049253,11.002482408342544,-4.692148986539678,7.480105328797265,6.44542046691074,0.5563616827370765,I
-1.5924110739870798,0.006624462304620771,-2.18324423452475,0.21910245683068297,1.388916473250191,-3.6596260682526918,-6.309684184070136,-1.4535548805482676,0.09436067579508745,15.391952032926561,-13.84106649048448,-0.20738750695909403,0.8638374241614599,-0.5668180479851515,-3.885296263543296,-1.3328300391150592,0.127334318825703,-1.1454294914136085,-8.944580480072876,12.261533922014408,-1.3807961989176647,7.748069218078941,7.195149281635622,2.5694567064662692,I
-0.8766192353540703,0.22721267041254745,-1.6363904449319762,-0.5671411545007601,0.6740720466161179,4.728466635588177,-6.088281568734402,-0.7290782501086426,-0.97962768720339,14.062587477256976,-12.689395673795389,0.7143976526049869,-0.8928624132254583,0.5122323872148513,2.076222810357365,-1.1647761609522789,-0.7635682323333697,-2.6545961433508296,-10.33476149138503,11.14352486395535,-0.9568069245345328,4.9877974341034665,9.761846221923925,-2.175058331933485,I
-1.0570288143937603,1.4413305191238743,-6.731091157248159,-2.8474126656649617,2.190226063999802,3.246021810264722,-5.592398981215233,-1.3066804605202833,-0.9542293844778555,12.898016528168561,-13.89441774863721,-0.5082997754121834,-2.8602379484568417,2.124224083119479,3.271546164120423,-0.2673551793854472,0.5693255466100169,2.7883286392424793,-8.87996504515225,12.714925591792692,-2.429608802760299,6.67947172225335,8.016008740179224,0.08550052915603601,I
-1.197657791345165,0.6974389664533591,-2.420861416501225,0.5162525292995781,1.8994560157461535,2.157569551356403,-7.529231797567917,-3.4488934240561093,-0.6119293422779606,16.079238699865734,-13.48839889512601,2.4186896116512457,0.05627694964485386,0.01960652844191202,-0.47758984319716546,-0.5802509965163836,-0.16737016330895926,-0.11829911590103848,-11.32001049004211,11.726826915620364,-4.127772335000145,8.508657451905872,8.026596605050706,-0.12999671128153523,I
0.7805748072832728,2.1022805871273293,-1.0223041660769923,1.2452124784995533,0.23778134362365222,5.877797403051375,-3.860001013233685,-1.8880859758890267,0.5490225741706922,13.799509638652701,-15.606859613341328,-0.4732600445633466,0.36904274256059466,0.5710100746673419,1.1369068901792616,-1.203464016254216,1.3543490313363122,-1.929688248439561,-9.723765997656919,11.70415543444902,-1.6643982342330332,9.628159676979095,9.513021430037234,-2.1128712406757018,I
-0.21702394262834446,1.3285249659723997,-2.2233226798902592,-1.4349687330842187,2.0128066000265505,0.7962410120906043,-6.292987356841884,-3.6259113540308476,-0.048425383001983846,16.092948362808052,-16.183788849015485,3.278723984662804,-0.07390035057963473,1.2764854494674012,0.609549055143134,-2.140250011944758,0.8522235096376249,4.133242864134672,-10.250055685309853,12.910943337833416,-6.900800429952085,6.751145860318189,7.792569313843416,-1.4446802509008307,I
0.5194011067521274,0.648705851365011,-3.316149999557638,-0.6371864012982016,1.9114029709479894,-2.504822546220396,-4.0522180974192565,-2.8366803859524907,1.610536649264418,15.347427576885131,-13.259805263882214,4.281553033199259,-0.8947636445337537,1.1612358778182,-0.5104470286644869,-2.0007034354922837,0.1143032370176087,-1.5880317266812654,-9.740598520846437,10.828999166497496,-2.962665443385333,8.70834056750687,8.000941162385637,-2.4402851396787923,I
-0.5827303872780192,0.13381906799817944,-1.5190005622962417,-0.3472320906695785,-0.5803619917791707,0.47715421402250513,-8.955250025710438,-0.5391703717679945,3.0158817823597133,14.406840140433502,-13.171976695893989,0.28208486759012885,0.009447311746271225,2.8596980369879503,0.87016820571057,-1.066359588277919,-0.25750646779317776,-0.8799908281553712,-10.303268245746699,11.676871849647156,-4.108937327664933,7.176847457799486,9.265148909141665,-3.52544324006584,I
0.9328850017562047,1.4441809370852345,-0.9049128473199062,-0.37505982391225245,1.6458832082614947,-0.22060759089475823,-7.7256572061513396,0.8542739000963877,-1.9055873200424003,13.04258583538364,-14.870571271663778,2.886044695962653,0.7641964959188954,2.689199428092394,-0.709076913686431,-0.7288941207817601,-0.8549267451082301,-1.5407337613337404,-10.803223043957502,9.948817916939376,-4.8673457351609954,8.739290762077148,8.433701730719612,-2.4591175785662927,I
2.274196923441167,0.8536833827118153,0.7873256349870985,-0.20279664998470537,2.3896358181358153,2.098223190929673,-5.234707181861541,-1.31984733174221,-3.8566976903849763,13.824893190064735,-13.698943892121207,1.8510359521931719,0.10569112261569558,-0.029668848236141798,1.2497015988454336,-1.7991201428030337,-1.896237182340883,-0.2409399275967985,-8.245892605880845,11.186826131277186,-4.408535986990387,6.715308713610938,10.53899453169199,-0.9696621060602979,I
0.6316649752652665,-0.5880813972637062,-1.0150708096184076,-0.3920285190910775,1.6997722109967697,1.3063024780831825,-6.43212767450847,-1.9512057727110061,-1.7680567196111383,15.056930094792463,-14.288223936884009,0.45422635094882935,1.017232414970266,1.5319607586753676,2.743972524237847,-0.04635982786160753,2.9007739868165743,0.9548239840000292,-10.021729770485683,12.33999525748574,0.04558059954814553,8.399381313410334,9.890534029585297,-3.905420146130325,I
1.079494291693635,0.36771055253060414,-1.8917450785222059,0.8945778509631381,0.13148918517748598,-2.231720270078597,-4.472354039938779,-1.759939599775464,0.9850598017495145,14.594713618282974,-12.253920259640097,1.314910734565558,-1.7571595809732514,1.010693793801785,0.9711236958918334,-1.8098434432362893,-1.0304470491019515,-0.32284979772720135,-8.691412946252303,12.577959186813104,-3.320291551408161,8.252910734323411,6.266234183609292,-1.0590174643394334,I
-0.7058524791323464,-0.39857910215368353,0.6758613270208116,-0.002300259482325373,1.6980070107572658,3.2394545931585412,-7.280272698130599,-2.5578560362945097,-0.479857936116332,15.541274760181714,-12.853243653172683,2.956788529478615,-0.3796030226490359,1.399199834763273,2.28011342872918,-3.208984280202287,2.191091069976835,-0.4971722246397121,-10.21679773091412,13.069496130757969,-1.409486312658487,6.005489861932853,10.410035645774151,-3.3379832581389337,I
0.5808903258998157,1.9320544075987671,2.1044279067101,-0.039086534802244444,0.48117832014639816,-1.8020334052860676,-7.466381182010412,-2.460117098847519,-0.7820905524200725,15.52688457250828,-15.702564395404409,0.6611820112553346,0.9781317887108969,3.2525489732561965,2.287562921446863,0.7483012875517261,-0.5587283653844821,-0.34278100751583906,-10.470779538351001,12.750084210011991,-2.752849250344127,6.610512444681756,9.71175576871994,-1.9431369452147464,I
0.44731791058680415,-0.0798460104540899,-3.560566138910019,1.544396261016658,1.2539824630249825,-1.5650726136075832,-6.901132471688786,0.27150836402546474,-4.135268136554714,13.459870118223321,-12.99238084529037,0.8674902017866657,-0.7082453301204339,1.556122961398252,-0.9902785274448433,-0.5623320619748,0.8766559724420802,0.9011716236793745,-8.013901665666024,11.205559933485702,2.6609341726179423,7.411689071331679,8.938406598811866,2.9750470020421176,I
2.168451126305456,0.13191851548157008,-2.863033395343848,1.8931302579301104,0.31814464917724194,-0.3778434605656571,-4.769231745612068,-2.5581284436536293,-3.9607213433031916,15.366024899236926,-12.820388815211402,-0.31995950634927794,0.5905784036624482,1.9975708243944865,0.17351307036165053,-1.4525584554543727,1.7009108533213464,1.591029182538307,-9.640417555319285,12.19623719311214,-1.0682751818345082,8.885082885604152,9.376868914021713,-1.3995689459747496,I
0.33926611687124364,1.4206969396366977,-0.6804384677243434,2.018017228967949,0.9376918069827127,-0.6349628110853018,-5.820046253385634,-1.2347339996755977,-3.232312433164566,15.194441145331787,-15.105686937427521,0.6329368741830876,-1.4145369638299314,3.5845850287390917,4.8588990169202475,0.9945452434142084,-0.6062407685015216,0.3107335680109031,-8.777612157436561,11.248862885488322,-2.306092288469813,7.9858972423433165,5.285464911413477,-1.7804171357990413,I
1.2554177591312339,0.17372857707874712,1.0137867779628777,-0.46275179466840655,-0.1875144835601361,-1.5580675728217557,-6.014164017819759,-2.9898018508846462,-1.746148025995467,12.820369069578568,-12.702428764792472,1.0748827191526402,-0.3356213928501859,0.3230005422739666,-1.0653952123024055,-2.4159527275120922,1.7177426025944555,3.1404890075966136,-10.02933159325678,12.830039387836948,-5.012549890854245,8.803499031412173,8.824380184812334,-2.1884208608768745,I
-0.9948531292534426,1.4869412747249529,-0.6543766769473223,-0.1831145209403644,-0.4059297982474561,3.6036531656539523,-4.365385508912759,-0.9996228355998653,-0.7452929538358717,13.185119582163424,-17.118806817102666,5.359704352884307,1.6494013807198655,1.9812817322054457,-1.4285117226160082,-3.1104324532073946,2.4913638363662898,0.8284566031759937,-8.789150448063424,13.007053154440726,-5.279733745315468,8.750557943836112,11.095148855287135,-1.0682160975937904,I
2.350755322210091,0.5657646788536832,0.1732501822774566,0.7095563581647326,-1.310953267784015,0.13221228855940126,-6.432670876610924,-0.9845544707013119,-0.5225747572949331,15.743943512032104,-15.602381207082516,1.9300997888906863,-1.7416836199871568,2.069653098818492,3.1108004691703286,-3.2524231562550767,0.9760228776890045,1.043298889436869,-9.011910779100782,11.59284467408908,0.19844825765403584,7.937571319217648,7.140714834152931,-2.6021191384149915,I
1.8156709292385358,1.1047565551787057,-0.990679232216678,0.25829436504500336,-2.602660399721202,3.4545532782541954,2.378373068522312,0.5635332989613744,-1.0784048263911359,1.5037248166075088,-0.8396184036739953,0.3531595576367863,1.4494818378726109,3.8314352726194016,-1.261762161261629,-1.938245512359039,2.191961111103282,0.43914147919696234,0.6502778014362187,5.4998401483763075,2.7002308666977797,2.279482823859942,-1.5914349705653699,3.861493144123358,I
-1.670619000603466,-1.1962589399631147,0.9879851494013678,-1.199394523517114,1.1036804588625557,-2.670549002116047,-3.1735141199983943,-10.982080898095376,-0.3732666197896606,3.8875845978336443,-7.573652713551667,-1.644661457596385,0.9063857960417749,-0.5500567557908198,-3.7314821965138094,-0.5778356905976878,1.899496252966287,-0.9634156565940089,-33.91705975183284,28.86367853791282,8.85885499980185,5.56389793390822,2.0793068922569873,-0.8733494547150826,J
1.0346729545763083,0.3763656357510756,0.537940684875764,-0.9022454729037719,-0.29220010997408963,-1.3939675287439286,-3.734419199602673,-10.673666621834286,-0.198282472359665,3.9133774058485287,-7.302430485928653,-4.139126646015427,-0.3796785659447721,1.1843780572814282,-0.9183617092489271,-0.226387621159013,1.6751085584823215,-4.93529051850544,-34.5994574689894,26.85055806445675,9.133047015851048,4.477246270796868,1.4623387408019752,-0.7640686311327158,J
-0.21772543707825776,1.691343128864605,-0.285306280489408,-2.1976755311716474,-0.03156553491132286,0.7575334389809427,-5.343559231727955,-9.776788197237295,-1.6338648637446909,3.162019425405184,-5.119759609585344,-4.161675766888266,-2.2145673383482745,1.0871834339815791,-2.7492442002786674,-1.260234584204305,-0.7763403222268153,0.5442062259180034,-29.74597303528877,27.40521882360153,9.469438081629846,4.746296096508357,1.1374969765158802,-2.0248732899102606,J
0.6452180620423746,-0.6306028902045089,-0.12587079768752574,-0.36957556318056817,2.13318140117903,-6.799223870876631,-3.2362288110741986,-10.992399415996118,-2.1870732692523234,2.9150959977370903,-5.688402563311286,-4.1647416373545525,-0.3230707784111928,-1.5122286124250408,0.10000589583097508,-0.4640804308033424,0.0913526027214715,-2.8271401709640713,-31.55181054913907,28.297891974263905,9.97994195584323,3.354214636461795,0.5083114043706622,-0.6926752012772681,J
-1.1281742139447601,-0.33901909485120996,1.4341044181725238,-1.414416701234913,1.8015520303990513,1.320809773027122,-4.3512519443542566,-11.082671199194806,-0.6034490016741643,1.2541009734831974,-5.589984589037726,-1.4560935080683066,0.34629381247100355,0.9128846478355115,-6.6247441638233795,-0.26168149715103795,-1.5029919998374908,-2.3438043152124806,-28.976289608211694,28.206260702004016,7.989404807803453,5.206477028549027,-0.09331724524169971,1.7347709828379152,J
0.8272545455998852,0.15564159852887993,-4.511869526167857,-2.0085800832343494,-1.114827499459068,-3.9712163014125963,-4.47559546068463,-9.280364746922658,-4.080146662784955,2.47894169174824,-6.831525779206714,1.021942120997096,-0.44320923155385117,0.29483055563540717,-4.069842101774043,-1.4176995808183719,-1.0529929802664526,0.2167964143371819,-34.35212732403815,28.666300039300324,7.792742077582147,6.194576683424221,3.4362306161251155,-0.4957958100601445,J
1.3425450812289625,0.25609420804418104,0.7258344859133103,-0.5760461735100364,0.9401057153758927,-2.7914422474850653,-3.318355801992322,-10.742897736286523,-1.9941207308526714,2.411340992716191,-5.526591611560548,-0.8928162074018928,-0.6961013865754353,2.200034040908548,-0.6595057290188038,-0.12892177115745795,-0.30638400793277754,-1.8786429338405242,-35.555113874800796,28.82797860552097,10.545187156988618,6.660323163839533,1.8758228481172452,1.0516926623045038,J
1.2114185324273592,-0.34186982933751064,1.409349470182235,-3.475321864339648,0.974582320959513,0.04619904475896419,-1.7031069589761803,-10.701901181320636,1.0445569438680877,2.287403988316129,-6.729712593182626,-0.5991248950521708,-1.3609915205324228,2.388722610818938,-0.2322279577464883,-0.7822705954988507,1.7828924534311312,1.1254500947847532,-31.28832620189487,28.99209906820613,11.1798694593341,3.197698807729341,2.945235253899412,0.6215666481818971,J
0.9909617436608755,2.281026326283098,-0.870483658043554,-0.8532405289180289,0.47476832628862553,-0.3409990107327303,-5.799939637844428,-9.348240604728943,-1.712705190252393,1.894417825345073,-3.1312072640677684,-0.8820853431662385,-0.8336164382316156,-0.3993770941133832,-1.9087026610217208,0.15587442320387623,-0.07873741584867844,0.4791654511195702,-31.62267022948746,30.279382800762818,10.98583444448684,3.8583774058657303,0.08790417732485167,-0.03719192435772811,J
0.8220985110180834,0.7401664703895774,4.05909337108551,1.283954088167853,1.0956685313225876,-1.166204072287087,-5.737767518410363,-6.74516063541779,-7.634152778452346,1.1361369530173704,-4.935687907361768,-3.3334057738700835,-0.8197687074137718,1.7253295677496538,-1.622459460503876,0.7382271814129737,-1.7040320692794921,-1.448072136373412,-23.02923093987009,18.611551338437707,5.033500609247483,2.3864768573191606,0.9068629689972312,-2.420834971983936,J
2.504946900242345,0.0694426025416659,-2.7986000136979214,-2.9528336439867147,1.1636770094095823,-3.1492863973896874,-4.745188223541094,-8.599865534579976,-2.638215317117158,2.669667006203575,-8.442837568326667,-1.828395643691124,0.2799110789576673,1.0541977122035675,-1.8119087466411088,0.9339741737054297,1.4702660333281017,2.4688281945973927,-32.66004623024999,26.877842567547702,7.58666524067246,5.204169432299207,2.546954199639984,2.1791327429040734,J
1.2438615625991645,0.5410261467247688,0.3688615369154604,-0.7917481509938682,0.16499246892416863,-2.5244739769286753,-5.1194416566478065,-10.526789481461151,-2.672170251630007,0.8802544067521652,-6.390484497346904,1.4930197146321689,-0.3327090581146024,-0.35675272669720925,-2.937371923385683,-1.876116335769673,-1.69534617966859,-0.5657135059470875,-32.53515889543502,27.388386680775938,9.68603602620874,5.636114919468331,1.9117959093810768,-1.3404938710754095,J
0.46834022294098077,0.803288635215087,2.3447234582690726,-1.2675395436007193,-0.5896224655223818,-0.3988170895117378,-2.248672549899373,-10.339595140552433,-3.2264621830585725,4.591023279871969,-5.462518727298686,-0.1714136360819225,-1.6961483643133306,0.7252829870164277,-1.7271479271240082,-1.9802344516392623,0.36080942297209617,-1.760815282760575,-30.742353122334293,24.773090752787482,6.035235940925247,4.094847901063839,0.4321578088476059,0.22035574934665192,J
2.009880391254427,1.828990126756545,1.869485669719154,-1.6177663264901057,0.21399658783062137,-1.540703694476747,-3.75084445490776,-10.990362719782183,2.4100539081285888,2.1308875843583976,-8.442701053947758,0.7067930018918105,-1.776781066894813,-0.2182916611890846,-2.5015549194882283,-1.8949850815994083,1.4454244554616054,1.35080313207078,-34.516108954505874,26.46707300398498,6.83635332616808,4.27932785092655,2.8627006364710823,5.411641309920128,J
1.7303744225132789,0.4997591467680591,-4.390102124796215,-1.3769506157923246,2.1053567852862614,-1.9125789706539535,-4.992247221838877,-9.099143469349116,-4.185925394049093,4.541883143705569,-4.115777507523461,2.4413145138845493,-0.9081400464091018,0.8488121295083886,-1.2122619772512166,-2.4970213221210074,1.193613706701072,-0.5030744783558703,-30.856651874648662,27.97304867719447,9.65121737519064,7.193264640307585,2.066139510107316,-1.6403085838069842,J
0.32974204582086486,0.4404378826478128,-1.7289768243154526,-2.236770223073904,-0.11668379674054563,-3.1013367091384794,-3.6757766195357995,-11.12800786469785,-2.210505080002463,3.2897571041746687,-5.715685526714481,-3.526123644521931,-1.378092646120109,0.16505682276391553,-2.0015620724771566,-2.4970219159019464,-0.20064014403730823,0.8431537699296427,-30.879864922004217,25.797301293420873,6.892411410647355,4.8924952633370475,2.723832012849762,-0.12720546808651534,J
0.30435657152523277,-0.1782952015540058,-0.8459492375295099,-2.753965224736497,-1.6798050020661606,-2.337886659647495,-2.7267718369410883,-10.248644983352449,-2.717498107081042,5.185730378785387,-7.181477462009468,-2.000981606599453,-2.342166441766693,0.2465046105018729,-1.2346084669288757,-0.04788052658158648,2.803026363459253,2.292303448017549,-31.358778498898438,25.856620160409534,7.749372981145484,4.761635463283111,1.708854506790427,-3.0082118798158604,J
0.14621340459046905,1.55573214602149,0.14964399657151262,-2.349303826931987,-0.893422594441887,-2.4572417362259102,-3.010210817682289,-10.216745456057254,-2.1684497031642422,3.1287609993775902,-6.1750516200005166,0.6492004770138351,1.1034879103438016,0.6343336928700651,-3.6642459788596966,-1.6260717020855608,2.01664602716383,-0.13777216377019386,-31.270000660325238,27.166305307379986,3.536608348173843,3.8916354681162035,1.009759439287194,-2.156937128817219,J
1.3701041803832084,-2.1968472202223346,-2.907883875229288,-0.7798011060344265,-0.8032880022561528,-3.0794297278213207,-5.569441920742236,-10.165432440710646,-2.8830643365777178,4.492335880952815,-7.980353034248594,-0.8006153404265319,-0.604608845016287,4.173925676302758,-0.20068758506198492,1.363883554449906,-0.0933996414942726,-0.4978177219574036,-31.024299094000185,25.372547063491226,7.580095593207091,3.90453132537914,1.5205736710561908,0.41307911592440405,J
0.33517307001838503,-1.9048562037243553,-0.8490216257771976,-3.255141176802084,2.3659856987168553,-1.6184459405262714,-4.438672478524847,-9.876019237121682,-4.379743554576521,2.823874165047428,-5.801614824252283,-4.614140068226277,-2.3182762183282932,-0.9074764455389044,-5.033242881256513,-2.1163877495814134,-0.16154421278996267,-2.573762662170566,-34.05511357985219,27.073049036224802,6.64581551530307,7.470459023333292,3.748990155353873,-3.2795551006603887,J
-0.9620237454378184,0.35125242268878853,-1.080950275955729,-0.9516573812217928,1.1134547696347568,0.22885136199596445,-8.459894241825012,-9.895567762004134,-3.117619486950616,2.9869057405222392,-3.245371452504571,-0.3952397173707709,0.7519046970554655,1.5428857918994652,0.8590775980545118,-0.2946678955631299,0.34383991652282475,-2.6484352541265253,-31.753529708916957,26.685764433710034,10.529863383436236,5.070187556918429,2.682565527488812,2.940611025435544,J
2.01530959268257,1.9040578971837148,5.094321040503587,1.5805603367041101,-1.3502110432762322,0.7356256843676192,-4.033061637956129,-7.758101925120968,-6.2782956681052156,2.3243270990709135,-6.0796250450173375,1.203932027273538,-1.709860436901522,0.9439709403612682,-2.26350057665735,-2.760912795951562,1.2627106059494366,-0.036815016525736155,-33.49651647429948,25.235309217772624,6.061072647302467,3.2600064170975758,3.4211620872463726,-0.5400288991791626,J
2.7338160458385232,-0.7292905708028092,0.3213403375553412,-3.219033441189808,0.39956456276698304,-1.3731631848083907,-3.4855954505005933,-8.168873111224627,-5.683916812671839,1.3969061471931212,-5.199306922049971,0.9144041411116177,-0.8640241254576324,2.075555967443215,-2.272906618972115,-1.5970211564146908,-0.4752554775599265,0.010060673917166696,-34.47049802435218,27.101010415055924,8.927405599879535,3.1302327157275434,0.4720671940799761,2.6431970932911213,J
-1.1055072896968738,-0.023136835864213445,-1.4541314282994335,-1.4772683403740814,1.9109666342063178,-3.5936573265380503,-2.6708441467112802,-12.315251047540414,1.8704270676838632,3.5083094545253033,-5.904239805472258,-4.2622016634698525,-1.967914067195295,0.03745485400729365,-4.604868797060078,0.37646300371947916,0.547324430163755,-3.8091580539887104,-33.03063373798986,26.38616905398851,10.043015962489164,3.5472462797726196,0.6204382268638611,1.7785695071680152,J
-0.27785957909520675,0.7215691663776775,-1.4026643475143032,-2.732109867838254,0.12195826493311301,-6.0160643542530465,-2.366771994275771,-11.205793180578269,0.6602111634134644,1.3303904412732095,-5.305868284200017,-0.32647060591011723,-2.7809023484453235,1.269355903729128,-1.2720591693026222,-1.6412753661834145,2.205740950364472,-0.6971023678319739,-32.016742950286975,28.39073946176964,6.984393931946158,6.5606854530611125,0.10310758941102804,-1.3229692968301379,J
0.3211901918986655,0.7037863404988327,-0.8485873095477245,-2.7721552478911917,1.8762104958923658,-0.5753351526038273,-5.169260784761981,-11.425703041871031,-2.349132103828765,3.2541905895251375,-5.587950323182952,0.4382928593843758,-2.276056239892199,-1.7332232700537205,-3.190751973009185,-1.9788767370164564,1.6651994180119658,-1.6530663863645145,-30.58095047092292,27.211642552855068,4.851730760946111,6.356386825199087,0.4217054865565757,3.039604304387751,J
0.2204675743134885,0.09971407276474409,2.2052140207425737,-2.9543261744987674,1.3258946044366269,0.6526296370154228,-1.5722470842680991,-10.781722199177125,1.2167002223784493,3.449394596773125,-5.695600085781052,-0.43356609472158425,0.47688039346382993,1.5727495412697792,-0.5342335287925266,-1.974261640315781,-0.10819486716417259,-4.334994401335621,-30.64665179248596,28.4144933227266,7.803035477168521,6.484667025445323,2.004782369242598,-0.5893102861630837,J
3.043992194404183,0.2793066734857854,1.21684837099707,-0.6896664758743327,0.7030924362248356,-1.521214064377432,-5.3758670602255165,-9.712581988442878,-2.5383437947401717,2.2248244976199842,-4.837135158625529,-0.8095985002469774,-0.17035642625654646,-0.08797461186052402,-3.63577197376037,-1.0346227896160443,2.3718952715430817,-0.7150676656171981,-30.26479710255559,28.20802068249489,6.220072736783891,3.450730449486671,0.33007601635277695,1.2433245766763434,J
0.8964869995114668,0.12129759812248597,1.330951579513055,-1.4973585211983291,-0.4086736091168177,-0.33376493621352665,-4.288944016788918,-10.829365634556098,-4.1797894276056695,3.5226975432521925,-8.554418754474511,-1.3617002914215846,1.4903634599363613,1.3669573601770963,-5.178881215090655,0.6263719135818704,1.7838416398684132,-0.6747732496988306,-34.15475179983228,27.99381694548626,12.210499496805824,3.615526846751936,3.061298474583751,-1.329756323351944,J
0.5195136000686773,-0.6205221182339766,-1.291652379100185,-1.2486111782299005,1.6530027266969114,2.490297610184257,0.28505183101670184,-0.6125838037555127,-1.1879636561875486,1.9194520686223768,-15.688124228361431,0.17789048028379284,0.9716166945234761,-2.5199220922823358,-0.7729274974145142,1.0438806130939255,0.5061649506859567,-1.0287841487551077,-19.482312822395425,8.12273214279817,0.6165640870194693,19.50326960794322,9.462260317737798,1.6341457685243768,K
-0.07003229284529766,1.7997041488945458,-0.6359449015478731,-0.9612357272325696,-0.3161347084567012,-0.31252243497624477,-1.206260782837349,-3.35195154858107,-0.8612076940746647,1.8293161542383984,-18.163056606379513,0.9717811649380224,-0.09222573369257248,1.965960897247264,-1.7308665694150136,0.25410708459353515,0.2301899693003122,0.8769968747796497,-18.106521182092163,5.712009598399931,3.3431690078340353,20.02833745259301,9.670225495386003,0.19244036340552384,K
-0.05740594178655556,2.029930205179043,-0.5776912637420537,-0.7189276448246105,0.15653587513881462,1.8856269846098144,-0.4436360325004358,-1.0202315640690358,-0.4275890881286841,3.872574279232886,-13.381651270525936,0.9027963314839553,0.119267379553321,-0.4254873523970346,-0.6180987604058714,-2.955756728297537,-0.16442429955928617,0.35247573838790913,-15.582720054921607,7.702052976168346,3.508948749906608,18.50403885588722,8.883302210294378,-0.04955326021581641,K
-2.4002581450176024,0.2990253733574706,0.8574399093702141,-2.7230906601988636,-1.729661452349859,-4.872416316657507,-2.126486900441815,-1.7918160947225488,-1.6461247470211902,4.090448210703393,-15.703734494309032,-1.0522643667361535,2.691664892964525,0.21903835334612864,0.31048187670177185,-1.4161193102669216,3.050734009341596,1.4102743466758625,-18.355616139987575,7.761102867299286,1.2418208765592453,18.612364434827075,9.639002553844978,2.277800901663852,K
1.1147651201478652,0.35237378370277916,-0.7517961182740578,-1.1136798434711253,0.8408330622190476,-2.9690503244523825,-1.9095638308115372,-1.812585115597102,-3.6213283448365132,3.1951995663190687,-16.15495521124288,0.8889990168099189,-0.4785600312524707,-0.019196851013937533,0.8490103881288746,0.8158254962765028,1.320239333209031,-2.2797374295189456,-20.617561992206838,5.50499550590709,3.7767932201766143,18.012771756463565,6.814794303756035,1.0840070447280254,K
1.8883835576257866,-0.25617822648603816,0.06312175768039197,0.95618597791848,0.6351784035519188,-3.8943463587690417,-2.927120443767045,-1.3594608750843236,-3.7404659871229455,4.928546683195044,-16.0629221219028,-0.8941345667768132,-0.059510834707111826,-0.08259129913460583,-0.6038619373713345,-1.8408704159422555,-2.3056914322105087,-0.3761515726627067,-21.27606853446228,7.394451261494709,1.3009499131648,20.7017763559183,9.373482000601339,-0.6143708286193714,K
-0.24921919409314341,1.5183016753585301,1.7314873466669383,-1.3243568462527833,0.33381893520405015,0.3144865882845238,-2.124722273054193,-1.1424021565022713,1.0848609790376145,1.4021217021683938,-16.418984873776452,-3.2398968213105377,-0.7406903681002461,0.32437703425211595,-0.07168561149995867,0.41958237930220577,1.2526338321463157,0.3781004787813913,-17.180729172725577,9.523095446970899,2.837487849966692,20.563586057967314,8.277600187241315,-0.8314121204215326,K
-0.03093937192917906,0.9978488171543125,-1.734037014369619,1.5517057937690595,1.4271241656683742,0.5229744243368941,-3.9959891986588385,-1.6357053294466084,-1.4803393985517914,1.9031626622817797,-16.108668247689394,0.3068806052926334,-0.8921825671996828,-0.1307810371363658,-1.4014796330373542,-0.6553946772787711,0.2327712938129025,-1.4083213255173064,-19.456928139520013,7.4401973113325255,2.8488770653583515,19.853495715924637,8.815292228767863,-1.1590290648855444,K
1.120599846334784,1.8392064711907592,0.6160998314219341,-0.416077489447332,1.2881192486098882,-1.8722747482362934,-2.4654461643340113,-2.0182390147769524,-4.038318875273433,0.8344294883763226,-17.615726659714824,1.3508789438106987,-0.16213323367048815,-2.3919120165103678,-0.8213360264285825,1.339128888091274,-2.856278467514798,-0.043258511779981745,-18.934847156224308,6.459022735319735,-0.4322548136627802,19.738247086730055,10.369998860941852,2.469213172326306,K
0.9638111075144309,-0.5804768454154585,1.2794666411115827,0.9103028061119716,-0.11264903487162314,1.8595589798463266,-2.22395300137622,-3.115072684862355,-1.2696655096678455,3.114022390788577,-15.784367003566416,0.36010320630720116,-0.924488889668595,-1.6457145585279633,1.990899561541653,1.37618892058628,-0.8491286546524464,-0.6137663518977092,-17.72249415670541,6.668750165016064,2.991227565128611,20.48241005834747,6.884433262855307,-1.8101354858944774,K
-1.8120712785680269,0.9977131371325703,0.06399003110908552,0.005823474659578665,0.7276216160006754,-0.07665668580693819,-1.5465773589535772,-2.3839394663818894,-0.688413465956728,4.703071982957752,-16.31377834019773,-0.29603494193582947,1.447002983541779,0.6507131656285026,-0.9523033038518065,2.1320254833514127,0.2586974332647003,-1.1501144445076648,-19.497516580566128,7.898072966148618,-0.7156455734372571,20.04449114374242,10.51321060543157,-0.9943437577323948,K
-1.2082684983476497,1.2564460808616085,-0.22027355901747114,-0.7823221516329326,1.039699051110091,-2.985042170597353,-3.295944028586856,-1.845978913320522,-0.6586407376797183,2.814701147985751,-14.589123064550819,-1.494422812897085,2.9588178984350293,-1.6197857919407497,3.8929609203775613,1.15994476587624,-0.22361136098992063,-2.6590477267297956,-18.565887466976108,7.040697095361992,1.2505786481850123,19.32937835574485,9.963301909606482,-1.3905213551235533,K
0.49399430412165657,3.358754097418582,2.274408373250594,-0.5784301834452279,2.717126192808877,0.7660678130971519,-1.6338622536120067,-0.1283727011015401,-0.3732789013887441,3.172800520124568,-17.58626939481897,0.1457019197634395,2.3153745655730518,-2.3997858451048657,-2.992112504086947,2.816595809660278,2.981911858053948,2.372132345208854,-18.352086762658715,6.387075245715053,4.040250036008445,19.908337707280154,7.6273741897307765,1.219126425074819,K
0.6601469406194553,2.5491613912647404,-0.8321775410505552,-0.6158959823539973,-1.260524044813991,-1.667286822702465,-1.2540435280260684,-3.152401399776778,-0.47882754944618,2.6580496623182412,-16.223236455719302,-0.198358724325999,-0.45317845105503807,-2.593767878812848,-2.1485020564147703,-1.5218660567616737,-1.5240613433698371,-1.7366037188907626,-16.944937177211003,9.402007565735914,1.1377881097942009,17.060916403362754,7.133663230827036,-1.8346626153310126,K
0.6957132308750715,-2.338395592717565,0.723410959373723,-1.468249253562199,0.4308793605611072,-2.6731700594106655,-1.902505030411966,-0.3467918546516273,0.7320426737933303,3.628773818210327,-16.28269490265353,1.2718229505450722,1.807140895377188,-1.8863925327628408,0.6862878445591605,0.6853738243827223,1.0046274101983954,0.5368857300363743,-18.23887414872872,6.829201710558806,4.187645629988253,18.473631826308086,8.625382960910809,0.5137219138862861,K
1.2578397564777788,-0.47133664860875246,-0.5174582641044481,-0.0063936750317594715,-0.06418869501899849,-2.2281636741942634,-2.2202877293410097,-1.6206387044642838,-0.07980698418884913,3.0069178537222854,-17.477673545872364,0.8138766703202123,0.24334168888944419,-1.7524101807606627,-1.3473843121415712,-1.1887428712457364,-0.4200351081950231,1.9538388937011746,-17.820502897678555,6.802461255794412,0.6564133329453625,18.28725131265513,9.272758223071992,-3.24833752827999,K
1.9804176550124737,1.216129524649559,0.9494251924407422,-0.04440307347920225,1.184951496382837,-0.6502288774165095,-2.308794699164025,-4.32498080347716,-3.7818618804788002,2.7532077516582447,-15.34224314859702,-1.257898767807319,-0.23313032165827963,-0.06236423109228184,-0.25521653119204757,-0.08580240247916038,-1.4428851448161026,1.405014110444938,-18.966882972641333,7.766127144654092,0.8173887796895087,16.91593894770576,7.633482434889931,-3.2303790244532706,K
0.8391991226400819,-0.29065800551805854,-2.8621218582079564,-1.2765752394318781,2.5067159978940765,0.8341781867538316,-1.13811593967975,-3.609324429749762,-0.013672382060747168,3.454882089606322,-13.775724356397149,-3.5331366668280566,-1.49014455914417,-1.482953902507738,-0.11768010342234447,-1.2294671603932983,0.46476161435519714,-3.5861001374251487,-18.229778915778105,7.7739975659126515,-1.0984665520765589,19.429694656288035,6.946876114892827,-4.845541427680814,K
-0.07709042869350924,-0.630567352749094,0.709182200712803,-0.45340777857170167,-1.4387568229575436,2.935313772072732,-0.505129417419452,-2.398333586127933,-2.4310401705222375,2.2293615370531157,-17.33296628815711,3.366598700200427,-0.20720359533001442,0.1116612604754792,0.8146306654991236,1.117726375458929,0.8433592018370888,-0.5062410761623823,-21.16747113099423,6.662912007327748,1.8175781543802145,21.61643683474325,10.3917168335031,-0.9507597125983693,K
0.8047188715177072,2.039704151095335,-2.527711397058397,-0.39938007275341647,-0.6523772737670299,0.22206284632682127,-0.005038879851964495,-1.1627646998068144,0.7705798295661452,3.8251993916369997,-16.103235690708544,0.9446243040341074,0.7557824765025885,-2.6206456385132952,-1.9454920289738311,1.040079665999528,-1.3722970476106013,-2.4875734045790523,-18.76434896159452,9.648796329412207,3.2016889909098154,16.85417415724415,8.654160828223684,1.4004691377533618,K
-1.2775001513453503,2.310247213512551,0.41526834479333274,-0.12544446995253367,-1.9058638311191487,-1.1022556864874673,-1.6889755674681766,-0.26873592656374967,-0.43590743424715583,3.7202665151191354,-17.060659070874152,0.32769312407270945,1.5946955232229243,-0.6012785033488584,-3.0551856822013406,-1.1894223223380678,-0.529444809857381,-1.3215894018659355,-18.586792552578604,7.345041272608057,-0.3437745503886731,18.708880444196666,9.718822456636143,-2.648708544700412,K
1.9821824962216397,-1.5630108482416896,-1.5268618484423087,1.0353253628829435,1.6933225923422413,-2.976932752513733,-0.9471204173575902,-1.945614663240974,-2.4733123464449136,4.527008369411369,-15.638847094506076,0.39821151415856093,2.26718512791399,-2.800645674416323,3.7379061323490532,-1.0710516137171382,-1.9547847149187305,-0.48434389913501263,-16.858873898788367,8.051057550767126,3.6942342232080136,20.656980024158806,8.62388946205252,-0.7203670770285271,K
-0.5991734729614109,1.8073058721987083,-2.8330030622520894,-0.7020949738101763,1.516308376950576,-0.09133064207816233,-1.0358987465768053,-1.2938983463618854,-2.1421741429664394,4.337778122845911,-16.913236314868954,2.281862129039439,2.2950156678072062,0.11125528002440177,-2.5667992086966365,2.082207504824744,-0.13510205768551486,1.6056234953873059,-17.156973398486507,8.382415480808106,1.5131627165178543,19.67227421223104,9.554704759174978,-0.7054836127504132,K
1.0014159443710469,0.4678940576946209,-0.4158482063944575,1.0072252602555096,0.26540652037712675,0.1414701480094891,-2.7993832299677273,-0.675434824948212,2.1776879672923997,6.488275828642109,-17.279751047264313,2.1208999940351987,0.2851475120300222,-0.9132242123011949,1.0673602350162241,1.102930535294817,0.6595582153874204,1.4880086388227483,-17.645118270038573,7.372596657179287,-0.003446109441938461,18.583178928273945,6.625700172838666,-1.7536416490643774,K
0.16684488619267768,0.34572212364448696,-3.1128921992094547,-1.3857150780173626,3.071967440643675,1.0588802468146241,-3.272459983238841,-0.3319941295782769,-0.38729080572977637,4.7028004041301585,-17.18785572890934,-1.712560721418356,1.7152380788118649,0.36129995513508817,-0.9069698143862865,-2.9391954704043997,-1.863022258499484,-3.9722062988275866,-18.34760693279283,8.939655355048075,0.13321188157902952,20.229921238948975,8.126921673425276,-0.555903567766677,K
-0.704239114752994,3.179161135024109,-0.3554053397195389,1.0727920800808377,1.2157661859154985,-2.541111523105485,-2.663907689159304,-2.197968700840846,-1.0675159950768602,3.3156061081002477,-14.745364503058312,-1.6470777041053566,1.040167487925288,-0.22173179502177476,0.011973896286008312,-0.42245420367909503,-0.6684508799555715,2.1877356929181246,-19.399914835858233,4.780786974462643,1.5223655476653448,19.245622393079586,9.117192776537689,0.03804486553542574,K
-1.0676328931440082,0.6557673965924646,-0.09873298196180258,-0.706438964636682,1.4497947630727595,2.6008970693188758,-1.6154010054817256,-1.8463844933146731,1.2116661283058647,2.481171039564117,-16.451698309022817,0.004660803609908726,-0.04648225920692539,-1.025758485888943,-0.09117154082508705,0.4850127158185771,-0.17718416157012484,-1.0682100426853935,-18.169779029528577,7.310695575006619,2.1136780907489765,18.52100676611872,6.813166185784741,0.2601197625766076,K
-1.181933154076205,0.5376679683983223,0.37716522907288663,-0.5925471870112275,1.6785266209939778,-0.4564152461947515,2.2812055455548723,0.5085499505086943,4.847140506796791,-0.21869282925284494,-0.6383049034709245,-1.7835111630809024,1.4233848498587918,2.3053271990470563,1.7206519907961138,-0.97304247142403,-1.6055100459446834,-0.5502563167237895,-1.516113080697366,-2.745819644841518,6.751320128671466,3.074400008974055,-2.1591424365496437,-2.2106969264789313,K
0.3551210131059861,-0.4896624767661528,-1.561463065168482,-1.028022718541834,1.3315598749355502,-0.7413323267589931,0.44251772693270297,0.11963198783456619,0.7964213966616853,0.715786503580425,-14.781201460756762,-1.1827826905395682,-0.33276808767215016,-0.8514605662487611,-0.520425746451167,-0.680915726950893,0.2171599922009193,-3.4549186569829544,-19.033941900082407,5.738208096879845,2.058695412581585,20.805486661663004,8.987418857246599,-1.504407792172799,K
0.025940657257251587,-1.359662425975448,1.3653094399573433,-2.0180230679059576,1.8514664773376523,0.9325160972635445,-1.7248126528986134,-4.3139863005077075,1.5798095603707338,3.307596897453287,-16.571160376639853,0.4831817035940844,0.9070043257628697,-2.6670710393292296,-0.6386895365300234,0.0031115970524453473,-0.8955562752424271,0.6976254595594469,-17.71163424911498,8.647936610571634,1.7319480671965835,19.556889422509585,8.152442388232569,1.806941626087621,K
1.373762709949574,-0.38132851975427506,-1.2747851844194997,-2.8691700608612507,0.6025250103286623,1.4547475596990012,-0.4138018979810614,-2.270338462312111,-0.24731089651470484,-3.880248435870513,-21.632359783742658,-2.971724182956848,0.3886614468256937,1.1248830675497032,-2.9420585987207346,-1.3563472573121587,1.677120476770341,1.2452818377056474,-5.114506077875406,3.741294349636078,-0.11374012058945482,36.779806097734244,31.63576476508807,7.427126865301375,L
1.6418575762577348,0.7022010092347042,-1.364357921755186,-0.541522181101044,0.3963259650179225,-1.0423360645409616,-2.214616495943739,-1.307353771365399,-3.933805114469351,-3.041741141755068,-21.91294985837675,0.12368768559173304,0.4329138959649299,1.4103584230173496,-0.4600794909718502,1.4663672211935364,1.5539981708787138,0.36202853131243273,-7.504325234675339,2.0857275843557233,5.169307102393816,34.71387817452308,33.69490527685544,4.266886381262111,L
1.9360230986303293,1.3011151391521452,0.7085216451106362,1.8014636573618361,0.5235215045355517,-0.4814700391945621,-1.0163812171884405,0.12124618433580281,-1.3878803020488704,-2.3221491051582817,-21.80883171143725,1.3084884679464608,1.9751329768251935,2.7815350296228516,0.5289393177986881,1.117499288705595,2.662640811143575,-0.6918195005385428,-4.591202889282801,1.158169886800664,2.285230705158199,34.221117624572166,30.783818270066433,5.354904434411935,L
2.908781727510018,0.9336489366794734,-1.1254261364133527,-1.603197585093028,-1.498558777960568,-3.6817829203190513,0.1331209812164218,-0.45336928037099256,-1.4027716097588154,-0.8744117039468406,-22.209827647766247,-2.4531280688801758,-0.6868574072378806,-0.7701393773695244,-0.09806967784436438,1.9087650335665032,2.6633189711076,-1.012437701056399,-4.378759524429566,0.825725938339744,0.7140948657563513,36.15252161017823,30.409428595737317,8.782545461525899,L
-0.13302873540712312,0.667178399968483,-0.37248567800338606,-0.2028354650299633,-0.43553220474487375,0.49244251316866894,-0.5449331655286667,-2.164591560467727,-4.144714278690913,-2.56880123017595,-22.808332355482406,1.1554077667657339,-0.7683051777147512,0.12090155581658024,-2.8551100140735457,1.0397151880047701,2.28770757697626,2.900080029518392,-5.334958550429479,1.7512479891541375,2.915534025028876,36.106230806035896,30.815855469958507,4.994205523875621,L
-0.7805402133305961,1.1782642791778386,-1.3422353565331946,-0.6419760506747139,1.4318023734110739,0.26621280666768143,-1.5467430935251407,0.11310525443613528,-5.293174066189181,-5.469842086722913,-21.914309589092937,-1.8734172042910018,0.4190687197859688,0.5991368885990411,-2.243653825716308,0.4041504374369467,1.222640289168723,-1.0041072859952465,-4.126406545311097,2.897627734430415,-0.4527600064509443,35.28482865070778,30.10888694324774,7.959527115628305,L
-1.2210388622718824,-1.3851746716585636,1.22558978133452,-1.7234685273322228,0.486870597459216,0.030343605283633224,-1.402172923256387,-0.3059526002637085,-0.969806798045397,-1.9575329044393328,-22.020051851160787,-0.6728374807774458,2.7845901533443964,0.3444764159880762,-3.0344796893775197,0.5461408021675709,2.092776864306572,2.911247888902267,-3.7852752834704297,2.9414733400648743,1.2872262233550487,36.7291725403844,31.933320852530187,7.50837498729652,L
0.344122339584942,-0.47933760983263696,1.7621449515921768,-1.5155049756771533,1.0264649042323981,-2.0578656729438194,-2.1593675380983193,-0.7012437517678904,1.057305156449445,-3.1576690011002384,-22.000507676068878,-2.220109540705664,0.13658032751274618,-0.7359315025363387,0.1183154722192512,1.25107314704438,1.342098290076791,0.6427934813354454,-6.256949594334813,5.872515164612835,1.9589154389676082,35.142566250594165,32.688886566611146,7.252136724826585,L
-2.193658173574363,2.4814317172534004,-3.297510064448147,1.2292913353690693,1.5507146275028845,-2.191237210786767,-1.4492769604419866,-3.3302479065773696,-3.5501196736464067,-2.7849100649733955,-22.537384054192984,-3.822122761859532,1.8497049988619096,1.3783224918141883,-2.7407928510980355,1.232882682006199,1.5291554192592258,-0.23278389467202487,-3.5502978881300997,3.346543317838126,1.9317578600030743,33.58446598174257,29.67313958087788,5.586831565615967,L
1.3909972429229356,-1.9566679643764786,-1.3146409757445099,-1.6805720770651078,0.18537566420573626,1.7074846412353395,-1.0719013430479034,-0.7737321965147714,-1.9967168394057353,-2.581560947193772,-21.08775001657105,1.750450137868313,1.076356386486509,-1.9290079305656889,-0.9620418402896007,0.07387819785544991,0.8268033079951636,1.8554243340822154,-5.946361311313824,3.2212477737359393,1.149689326084058,33.63509956671014,31.42318497750145,8.407172456629837,L
2.3419055896600582,-1.9992923333029982,-0.4362157987701494,3.08277579032238,1.1528444506611208,0.4028654950867576,0.6280533043442773,-1.3985762254537235,-3.6718739566020417,-3.801787304079866,-21.58580085471351,-0.13256178967168353,0.8587515137268724,1.5239783352813845,-0.40204635302467295,1.7179058387721042,2.676079716885411,1.5153067267929146,-3.636361267368195,2.9357718210351607,4.217948780181246,33.667543459935615,30.68920260478599,4.886458836897077,L
-1.653661449035667,-0.21368147948639837,0.9531484247963817,-1.614871162863416,3.391441288321971,-1.3938438538420996,-0.3800009803599469,0.9772638917116865,-3.4336017099780634,-3.1301121424333616,-20.351324608160184,0.34597667518096387,-0.8517899896270364,-0.06371387022537789,-2.358191129520037,-1.5887454949979727,-0.5150531246132033,1.9287908565474936,-6.145230009114612,5.429574557067227,-0.5151763800015488,35.46157092737849,31.790650546492728,6.254569541966362,L
0.6260664142588439,2.1651424371344135,2.7483365069778642,-1.2133329319328894,-2.309510556320646,1.7326653991980834,-0.683801848053406,1.4090743656759344,-1.1647192830214408,-5.495633976448687,-22.466525855707772,0.9177879887237737,0.4832782703241776,1.9738426701473202,-1.3569074579985454,0.7623853193601562,0.9660795138951812,1.9209108588453887,-4.922560382160151,2.5395296396110325,3.471797916740911,34.4870455525301,31.150334630181035,7.109567768908846,L
2.835206705084431,-0.5150390327181711,1.9272820846080094,0.2763499137912291,3.3846520661915633,-2.2856257324213516,-0.7998650793101589,-0.045180861805732775,-0.8948967765699081,-5.377940599260256,-21.73362890072687,-1.6730323790116586,0.33762032791042884,-1.840772885007489,0.19211520620535794,-0.6787008585520837,-0.07251733067010946,1.293240225537943,-3.7243250187986208,-0.22468180274083238,2.729155387223102,36.62206817938105,31.477076282863933,4.389094865204072,L
1.2515867734879862,1.0072235249890618,1.2680785077820929,2.0530014981920957,1.0633861749567473,-1.7083330199637885,-0.9195936177715591,1.7556350898566393,-4.474310833546326,-2.2833252153352888,-23.292273674460432,0.5833750143618772,-1.1075348615692064,-1.1434425516947826,0.8278819182387451,0.6240600881446241,0.89182698742637,0.69885866356816,-5.338080749631494,0.5378093319717578,2.2103291347043523,33.627362528671696,32.053184965073484,7.242287998113852,L
0.13995825057193656,-3.2271204570235295,0.0223778959944525,-2.973287558784399,-0.6029056548385938,-2.292421154729425,-0.9567883405815039,1.5486209628416532,-2.266747804390832,-4.867262850800216,-22.930369278161635,-2.649130128057209,0.3949048047645647,1.468864987334598,0.3491390822747462,-0.22232035793124538,0.7936803365165304,2.9160666282970737,-2.761067049833457,2.3265444377365725,3.0970821306743233,36.58392262040673,30.952551697709666,5.429367297419162,L
1.0413176913021118,0.6606625954015328,-1.3078531483088227,1.8825047086136877,-0.7344434866930669,0.30388428507728804,1.4244786887621972,0.6087117864682909,-3.1322582460975923,-3.005904995327036,-22.096749567506947,1.206223097029465,-0.1055867353761073,0.21877449097791413,0.21555171196757783,-1.2005103734910563,2.410831671115133,-1.2601379460808175,-4.125863494296979,2.8643694982746126,3.0217406652120076,35.52442116578153,29.325764734708564,8.573172615707847,L
0.9853887886976338,0.023467896433445823,0.8182452911796645,-1.6198939488614528,1.8325251152759847,-4.620439688427439,-1.7232135768994148,0.08445844527682311,1.0040855105306719,-2.0611082562061966,-21.953943237305083,-4.637478958612576,1.1706976956326116,-1.4547096898695315,-2.3603783699135192,-0.2205552336404608,1.58304718376624,1.7765825714531616,-3.8807051123548066,3.7077656117436675,-0.17681078549151152,33.791208699088486,30.99028941721528,6.617469501754954,L
0.6158866063455832,1.9980381404717242,2.4955948409003668,-0.8479025608943758,-0.8024511362485214,-1.1625771451228388,-2.5139376300018004,-0.9868525456911357,-2.964718150694921,-2.15205910384919,-21.904668105734316,-3.5317231224364036,-1.2521029674135775,1.4672362634996219,1.4194133041179384,0.5859151868172106,-0.035188084114579965,3.5141647065458415,-4.096678028765869,1.8164054695234455,3.5782356896039573,35.29215859732929,31.069429465004987,2.8335045972459625,L
0.36584349508814284,-0.1147221684930475,-1.2432534560806516,0.33893007421703203,-0.9964370882201763,-0.1402611454056455,2.005202603603383,1.3202933040287235,-3.4975527448692105,-1.5035978974907067,-19.682496436210073,-1.6287972185637614,-0.15649158847196531,0.6686392263007619,-0.909262641733676,2.105598106418718,1.290923908768903,0.29939486155853956,-6.993374957678042,0.825185445794304,-0.29682821779493906,32.644149617506024,29.17766464899698,10.871848180434938,L
-0.14986138916049185,1.7356398444434813,1.041621231286797,0.16273090600745377,-1.0762509392789354,-3.4452600904088513,-1.7223991351494625,0.22576824039754229,-2.3466788926614868,-1.4273075217682276,-23.41403569037709,-1.2264803129854727,-1.5420589558185327,-0.14706237834388247,-0.5487759733583744,-0.010962474840347625,0.36499318477594045,1.5551753327388838,-4.745411050887153,1.0974913443312317,-0.3651622949655007,35.556322400844145,31.889746408005337,9.343198001914061,L
-1.6992717508863109,0.19681620835827385,4.178645267538911,1.1657624959815607,-0.3996908005938451,-1.8417064634292046,-0.9400916175669831,-0.2521942983777592,1.6534392006996654,-3.2851350319978465,-20.849239180483295,0.6591486418718091,-0.10056883080969214,0.4893181788932921,-3.3314484515293543,-0.5900577784750638,0.5500154474182324,1.8083453220011165,-4.335863535707374,1.1074008093097802,2.40065536623365,36.23627687894833,31.726578953359144,5.8605809801202895,L
1.1398685620334845,-0.3343602391864309,-2.7359803577262483,-0.42383005361434556,1.9682692360162264,-0.3430539318786714,-1.915295150006001,-1.6054547218568018,1.0345296807619206,-2.8871267527584124,-22.43910157244281,1.6100610484134563,0.9669451520408074,0.6486846795406507,-3.021118347996037,-1.9199681776228985,0.7400608896110441,2.106184898411641,-5.792560427195376,4.474188183814874,3.2457858102381465,36.93482854282608,31.684768728644833,8.109983001295348,L
-0.36094791436551077,-1.2749484006031597,-2.490704285496008,0.6993370551199263,0.5723884876644547,-2.075820724555797,-2.320227221510555,0.15939151373783034,0.3867090501057646,-3.0164925684863704,-23.24163922643919,-2.390489400319268,2.6158583810380946,0.2945212395440038,-1.3671909152065496,0.9157785875138345,3.17277719019566,3.034327352809271,-5.421700710059319,3.5796175095227625,2.88749245815427,36.79989652021352,31.104451123509705,7.004669739046392,L
2.3584681421337166,2.620029078464187,-1.211276695837796,-0.8422020568157933,-0.11978329785415553,-0.12010706063472298,-0.6187794198342704,-0.623461377174408,-0.20766317707534654,-3.307940869913871,-21.149242052725953,0.04702103917804834,0.3146811758185777,-1.059143728264786,-4.080008242783663,0.5669102234990575,2.2596108160926747,0.7917169979326104,-4.0008408931057025,3.735320706328835,2.0303170989029695,37.124466814416785,31.82838824873727,8.060485809464922,L
1.3372458454664127,1.566363879680651,1.8230363576212767,-0.7298032067070821,2.568408456931479,-1.3463195612975483,-3.1967431142384406,-0.012601192975296271,-3.1219561745477904,-6.071606555092899,-21.448832026279234,-0.924911681852052,1.6420101503395585,-0.07864591061683512,1.4411026578191581,0.8870015124842254,3.2588394256179214,1.7967367666950054,-4.649845482511241,-0.7547724178537152,1.4869649873627395,34.74415017935397,32.10178395277366,5.787215092862425,L
-1.2855175750873684,-0.7748579759878229,0.9673864353927684,1.6507845342298992,0.16053692405972697,2.2806148941252786,-3.655566617542833,-1.0122399808446971,-1.2768439858547254,-1.7987099757129243,-22.04082127249228,2.35993491829646,2.0237331175650866,-0.7477412356552904,-3.914001676395003,1.522024047851481,2.218342737534641,-1.2649451688873228,-6.0055468989993965,3.5876284842514536,0.4633433048029474,32.78139024484662,32.48132944937337,9.111272389684473,L
-0.3343395689540216,-0.9042244622006104,1.9367007206020617,1.9175271507711429,-0.7410934464816705,-2.3942543912165775,-2.322127627955327,0.5560394960978101,-0.36468592081826046,-1.5268098194242512,-22.52122886305628,0.9712248479927439,-0.4336909254257648,-0.1237143770105078,-3.1969863452475806,1.859896766213737,3.161238949598939,0.6791512953820416,-6.019528676186243,4.194687096505319,0.14928367704561651,33.82636704458282,29.08861363969367,6.694779751463329,L
1.6128095507036164,0.8329249218103705,1.330713227009369,0.22530970971286024,-0.4834461004338664,-1.8248393013375335,-2.4200010602355793,-2.4245486591049143,-0.9978398586629282,-2.4178504695287657,-20.932858545916503,-2.9196022860835456,-1.7707936445557948,-1.3313165784464047,0.2762136976152192,-0.6142209132959167,1.3051744301914,0.4932186008649637,-6.920886336598499,2.036585611611102,1.0445698021251815,36.90496449527072,30.92200825559199,8.690779711693835,L
1.5002311169376412,0.09373308842866024,-4.693557926505434,-0.5330334966841086,-0.026847961978404555,1.3096151852158755,-2.072535598211152,-3.164484245473176,-2.1166443931608114,1.3475491852912427,-5.6047677708969275,-2.0615701407172082,-0.7404593282157919,-0.3211758910993652,1.0531921480624078,-0.4067136430352427,0.6392450271539047,-2.4756474355286286,-19.87758270130611,-21.44591810090074,-0.802176639608092,8.322141480819191,-1.5256127167438152,1.8105461221416022,M
-0.7097213971584608,2.1416060857298724,-0.48559943924931304,0.14434214401242684,-1.4511031673658294,2.8319079308147366,0.47393497742357305,-3.447243388042466,-1.570008645449775,1.5800823044583865,-4.61395294051394,0.16636413132397365,-1.1684664696052494,-0.354841623228495,1.228620112216845,-1.6587042953353617,0.18191355875299564,0.5166097992087089,-21.84903075307377,-21.605965184966863,1.385246224106254,9.609833816215529,-3.503712286004088,3.686535444027186,M
0.5433541947444951,1.1848640829923944,0.39939408715758873,-0.10298827129038557,-2.831508755645359,-0.4305908816234023,-1.984843697793874,-1.4095503540041534,0.30444999204667056,0.20632721106078122,-6.911872221657887,1.089679864806385,1.6422988063067976,0.16072351882047542,0.3195333031016503,0.8908887644978876,0.9400589834361597,0.60049356286288,-21.562741229120547,-21.54026280702614,0.4656434718349374,9.052865667953814,-4.077649157493884,0.7093887740610967,M
-0.4127066653154543,-0.5847290479564684,0.5969319123839227,0.13321067442394963,-2.869115801919378,0.3300048767370072,-1.6046172151608609,-2.2849827369934133,-1.8540577563802572,1.0364173842901465,-4.777936730018325,-0.28785533121316575,-1.854669872991849,-2.546606869037248,1.4874843501445412,0.08916934580388869,0.7737685552400109,0.4647070213081861,-19.595365646960616,-22.341169848826112,0.6207030653463335,8.380648300600324,-2.5324454730279555,-3.2031269680380206,M
-0.8124845912469709,-0.2639596283510919,-1.3384042670473377,0.7885953034448185,-0.15485923221666553,0.673624714433231,-2.0919475353551604,-3.7441230692456315,-2.262712513918757,1.782344913603609,-5.0597459611852,-2.636681191560342,0.3372337030607184,-0.6557925150598436,0.3611445318028359,0.019259867706949763,-0.8196246514642525,1.9335639018759707,-19.283420018272267,-22.891349543506706,1.913044948388574,10.067571480830939,-6.055069952295909,-1.8750818937132294,M
0.2178356030492239,0.6452708671190557,1.112697679891312,-0.4981466868646862,-0.9430027940847765,1.7202542481578007,-0.47493411328240853,-1.6739876264341547,0.7696093573252369,2.515241295516873,-5.325807555876452,-0.03950908015264076,-1.3734438037442942,-0.29579142139820647,0.6447498536265925,-0.28698497986258076,0.4828631180294565,-0.3799898521452292,-17.05228833343819,-21.786507895215024,1.84121670518482,6.213182081729624,-5.0342554950972875,-2.2940383361534487,M
0.48959833702653555,1.454321467680142,-2.110831649020213,2.071265345215245,-0.9796586033059782,-3.7850863556318473,-2.4776038714533968,-2.055571068949547,-1.1217029371989042,0.4573218010260405,-6.929788125154943,-0.4972255533479597,-0.8208208800442947,-0.8097277118802708,-2.5651969712196774,-1.1197899643911455,0.14974250786568177,-1.7481129023344124,-20.365591760465577,-20.887321319856213,0.6062502441412221,8.234992244821923,-3.639594560925218,1.039435221538838,M
1.118782490311503,1.4317872586488178,-2.7293025719822595,0.6065595215499435,-1.7308769727338529,-0.6318629537034326,-0.011766624977127549,-1.57082331261293,0.3894236336968788,1.3255577558975915,-4.811738068593854,-0.9540682019534188,1.0170528705301365,0.2666058372395099,-0.9640543710004863,-0.5839980132159539,0.8021392148394995,0.6618162195548507,-19.288170977746304,-22.54166574566179,5.40003830135629,9.626395260959795,-0.5092775530232139,-1.082721865830365,M
0.40624658727841734,0.7178958590408726,0.6089869633331091,1.800179262584134,-1.015358066196626,1.1223682739814649,-1.3522642706184786,-3.293037720555361,-2.9782119361561286,1.7190872318735018,-6.175309277012644,-3.3933396576059636,0.4699905533594517,-0.0719471262244582,-0.19491523735723604,-0.956079460834534,1.3577513007946749,-1.8530123130827292,-21.048940312491943,-21.688362680426522,-0.8578020649209179,6.423182213086395,-2.5699112408667943,-1.2605569074115692,M
0.6024030571154242,2.3239136285566637,-0.1888509283966755,1.2634374095001704,-1.2294281748778815,-0.1382261587285143,-1.202943013575272,-3.650861750952515,0.7788031574790466,2.2630236065895843,-4.737618010508271,1.155608134965064,1.90130830652555,-0.8184164840904344,1.4848593413069011,-0.6579800811008525,-0.2919765956411027,-0.6771789760670117,-19.131111988337977,-19.255782977073935,1.8893897379194868,7.888431186207873,-2.0641194403807717,0.5468915358329127,M
-1.3482757035339716,-0.5726472095471848,0.30807008272114444,-0.9576487231880648,-0.46992726570260857,-1.0869543904433954,-0.8763365060365977,-4.053626436397764,-1.1000266466782591,2.0275031721021293,-5.011556067833794,-1.8716941608406046,-2.417336034990768,-0.17660635949033576,1.5650092447553448,-0.8163967065941051,0.8586097630291079,1.541774014158534,-19.774686798797582,-23.854605474963975,2.0595572449012707,7.575128029747837,-2.3700923095288573,0.03902004438776885,M
0.037559251879997646,1.7936874432456413,-1.1596960913191197,1.729183760888958,-1.4121452418541764,0.7640716077713705,-1.8902280553843571,-0.9689179800735133,1.6502345893140955,0.9578196552674569,-3.4258988324336315,-1.4711316707829383,-0.7701883238367202,-1.3238009793379746,0.6399367482462139,-2.307165701922301,-0.5750085391219955,-0.5293495629766767,-20.575727624274606,-21.03908650628685,-0.4215350579303845,9.155082684993806,-4.741449658562139,0.030035973182634734,M
0.4105949555131758,4.443733098785334,-1.5858803666743597,0.24506614679877714,-0.26847917209840944,1.9618071206213585,-1.0316307530554045,-2.8712736747364715,-0.5759485537147384,1.364788275188019,-4.855716674252591,-2.4719922664860974,-0.625074933772936,-0.9407242192055918,1.0492552147779861,-0.5690658053920714,0.8514167560561674,2.6302259140365436,-17.480161517838646,-23.496779587275284,0.723415263318941,8.426802002624209,-3.199232214051648,-1.875304243958908,M
-0.6449723068860749,1.4549999400696052,-0.9047698913844897,0.7717630717247097,-1.7775738660720037,1.6462313630121344,0.892984683170603,-2.6643942393309885,-1.260335429333395,1.3784999404148834,-5.13847478115747,-0.560291882268416,-0.36865016885491286,-0.6280997599604987,-0.074676697605355,-0.2970299615299439,0.7334527839213507,-0.5760029031739577,-19.107492136315088,-21.437503327520687,2.434931133564305,7.782956020698343,-3.079096776418531,-3.499212128927809,M
-0.576963552621919,1.5015608869182024,0.3853735937063334,1.801672088260549,-1.8624162545185357,-2.3173222805381783,-2.3042552538996848,-2.5532179979697958,-3.967012012601913,2.4055579333414343,-4.8281633057748365,-2.6866105454383273,0.34850029578555564,-0.5731225811711269,0.06373192530895722,0.5623817389647527,0.6203768785573232,1.1556626606251825,-21.179257145301904,-22.292706208656256,0.7764176130344254,7.588159498203986,-3.0326715361305787,-0.6320139961064228,M
-0.014024651851286762,0.7521040652866731,-1.678955500123152,-0.34651758932746546,-1.64535819876167,-0.19604202809011895,1.4939350304150736,-0.9606353712817963,-1.2241991646187103,1.3529787837240974,-5.570966087099947,-1.3081933223666624,2.1328885246723814,-1.1025332031939499,1.1331374594576573,-1.9493374322054606,1.7389274303040878,0.01859686638385938,-18.01215240351926,-21.36528685515387,3.3810336659985296,9.378657375575255,-5.095476496148422,-0.9699372652488591,M
-1.229905060505132,1.7999315209712883,1.9146917619667647,-0.16692489232199748,-1.646850991642026,1.638992068744244,-0.3900925378324587,-2.5697774986856814,-2.1000050496228937,2.048001701596746,-4.581645444292036,1.5774003094294926,-0.14779162514824407,1.0008599337755868,0.40231550646524283,-3.351871155855406,-2.064283557460172,-0.38261795416724453,-18.1336461266852,-19.76605673355857,1.1090770832603312,9.853499063912626,-2.540590055370732,1.1366714336694486,M
0.7524019938333026,1.3177601766457379,0.658047546663397,0.485337711644906,-1.2011943610699234,2.3441913526720555,-0.20235471864413768,-3.8187824185059185,-0.44804905238027004,2.51239061540295,-6.257573648168261,-2.013609294908008,0.33112405630240005,-1.8659725611759086,0.771340689405065,1.0787624615630058,0.7965752734708076,-1.3451528629624931,-20.475817751136418,-23.592073486742365,2.0810217075267587,9.212367687231877,-0.8882819960926085,2.9125717436507443,M
2.043896385779533,2.027443298892255,2.0719286258754437,-1.2044362949872252,-1.772689120331762,1.2257331614779332,-2.6155222255050834,-3.190682384922752,-1.5540239522936758,2.760263526398788,-4.9738152275260745,-0.6229274024094025,0.6585436307464931,-0.5891405087983514,-1.405133212956457,-2.262776132540516,0.500918290772745,3.2935937455817452,-20.035455929970418,-22.25782046729728,1.9728378596937546,9.81576138324442,-1.8127170014532084,-1.2355856298380559,M
0.43109094762996847,2.4720138178346964,-1.30928096940346,1.8787763598515284,-2.5315116140791076,1.8247089584147602,-1.4483729005269765,-2.630862366827614,-0.5888674592577559,1.5842905196799393,-4.556940995298618,-0.5806579606408491,0.5565985701200873,-0.5281907637927361,-3.0202937105614183,-1.4277986106010019,-0.8359142166067102,-0.5232216609068701,-19.347763513662805,-21.459902221817742,1.1419332744898156,8.74241293592804,-3.3865629053590283,-1.0660812518774492,M
-0.5043366188293135,2.861199102755645,0.15740170633364414,-0.3026714857110342,-0.43911239665476387,-0.2312997179674312,-1.7151149336439353,-3.2705055431523817,-2.3277667937812225,2.118997025502864,-5.211372037171515,0.00013584989716264317,1.3831597444696229,-0.80741976825135,0.6716921524812847,-0.9790211589347635,-0.007723348349855996,-0.9524685202199521,-19.415501276191655,-21.752163537072875,-2.6455300491810476,7.959698019897292,-5.036970068193657,4.764696816561525,M
1.3006834261102256,2.811786567860654,-0.02152906819975442,-0.8593680685224889,-1.2655380784809722,-0.28232579903533406,-0.3186898500002169,-3.2456611413742564,-0.10749812309933304,3.98076217672093,-4.846212091920876,-3.313400974463036,-0.6550740651956914,0.19330454091907256,2.4734406301926697,0.7351874526010533,-0.8471807817138313,-0.33444423098961806,-19.262107506603783,-21.16343195947151,-0.08055566737601794,11.35472092482415,-6.109232601735382,0.5887197293248505,M
-0.5912144192659241,1.2387559458875508,1.7832852799779175,-2.7776040976166634,-0.5167596929906608,0.7833475872061513,-0.48973036771228884,-2.031813300085531,-0.023184655374450358,0.3067790714454759,-4.915446561925819,-0.817191119577501,-0.5795980116902513,-0.07303144615473656,2.1530387868757543,-0.14472243216678393,-0.42405784061467955,0.5155188717394594,-18.69984479458256,-20.859086974407177,0.18838917562277402,9.355173166247038,-2.333848025015545,-1.857570216942122,M
0.4115399923883274,0.4172173210593293,-0.6310203664092455,-0.8521738515483079,-1.1132296515419853,1.6188462692886674,-0.9242553534960702,-2.53937214515679,0.6301016044795347,2.92614660016239,-2.6205153797549485,-1.7350381030598783,-0.006341338697268384,0.3521268689601129,-2.255956718064567,-1.394405924490723,-0.987679251139923,-1.4316531568150026,-21.62056942946944,-22.201758771801394,1.1016373948323235,8.638295547396947,-4.973984065405368,-1.1418501567575845,M
0.005524729180422128,1.8444572802237786,0.903989509686653,-1.1745718741611455,-1.9681636396730084,0.11122065838469553,-0.6370154994515662,-2.806656928567577,-2.08488785659938,0.8216664954139077,-5.226713707005047,1.1952440064034704,-0.6624079156247547,0.19561107259218602,-0.17060289091170944,0.4460471828339472,-0.06826646734023711,-1.3865341189279548,-21.35545609774806,-20.348951196040446,1.7240439254283615,9.368069174975894,-4.978870697780955,4.516785848350594,M
-0.5644767124644261,2.873145189725495,-1.669320065044701,-0.08208347740003319,-3.2665801363986873,1.0737462600091021,-2.9299116493760167,-3.6151633651529096,-0.18260884252975984,1.4728425890202956,-3.010243383899791,-1.368642237321808,-0.7317750749546974,1.296923967111283,-0.06000194042030671,-2.660921442264943,0.782727970727592,-1.8635333931343325,-18.00251449838115,-20.44546816685184,0.1664829952193827,8.286168641360154,-1.9578301498619908,-1.0623550141618239,M
-2.1464632769971104,1.432058557847018,2.016527953549769,1.9340253340949687,-0.9180261172473934,-2.1169292251789784,-0.529775540632345,-3.0759770687330388,0.5497357580958919,1.1752860355291972,-6.294628781970573,-1.1056199586612365,0.9873236539674792,-0.6118101879136049,-1.1615960074717577,-2.695808271071545,-0.4586734254585281,-0.20479147407854725,-20.208532669216908,-21.346961187578387,1.466274150037691,5.7102407947881595,-3.4134406512506175,-0.03675733913178192,M
-1.46841331433626,2.083913933387226,-1.1988945533436208,0.25606155165932876,-2.3870776198722012,-0.2645956937345204,-0.1681466323627987,-2.2887845367848456,0.32854043012997636,2.6488162585643664,-3.981102825182319,-1.2630861048627935,0.0265084590305662,-0.6313575148775641,0.5477327052333294,0.7217483086564087,1.0782501444408297,-0.8274197749481687,-19.58803501895823,-22.66940607227994,1.3438587817720418,8.554539691318814,-2.365613009146408,-1.1663781423433761,M
0.014755799444344575,3.236538253508062,-1.4476805889417506,-0.37516053114328685,-1.5055387109267144,0.7561889035328591,-0.1769701898238072,-3.418600942482499,-0.3403006254854972,1.5715315621493602,-5.765220856127428,-0.5935810088414541,-0.969193796011325,0.40533937569884415,-1.817954268925348,-2.660514312226365,-0.8243755272220881,-1.5269221865272584,-19.966225048542675,-21.429494113421512,3.685667560008426,9.812910980170734,-4.485024767638315,-1.9718781003644494,M
0.39793663363190035,1.023485737470498,0.7343506544299885,-0.7069664814116976,0.6860093563300893,-0.3839017737196855,-0.9542306304215478,-5.65370707405782,-2.221301696500632,0.9743676505801488,0.6705113271304413,-1.1866647441046894,1.7022854266271565,-2.2037104260198035,1.2741735613384435,-2.776170145440517,2.2638701838844355,0.2028691439397221,-8.464993057811458,-81.0896204517074,8.591391143108979,2.2094009900535623,1.4518070795741558,0.8337254368023537,N
-1.9294404647623082,0.7540288694282626,0.4358432539863202,-1.6449749166912397,-1.809012342910762,2.948246603021346,-0.1377149210494144,-9.599451349457297,-2.845465901508021,2.5237794967583014,0.1257569121620179,0.6746517538361445,0.9594816510641806,-0.5326697158467582,-0.9403914430362192,-1.9603334107550907,-0.37789410911305765,-1.8658423293440478,-5.245897933379035,-84.31333174685687,7.701136910969922,0.3310751564912797,-2.461224523518389,0.4502459965362391,N
-1.5926485692368146,1.2523547164973294,0.24531767777023106,0.8512692393996986,-1.1541674909638289,-0.8223504423247618,-0.9368553489279607,-8.972710798030846,-3.2328804246715777,0.622919308416499,-1.6377252981612287,-0.20465139038577718,0.1075350990809909,-0.9241631791472287,-2.2938514735703848,-3.4338636165291874,-0.5174425290481963,-3.486478122348103,-8.976893653545485,-82.98790115901926,11.351723925560918,1.88279460798132,-0.9395055101143974,2.192425597868919,N
-1.0208876304111527,-1.8261069941865902,-0.048811789671731276,-0.15067615609154927,-0.8781960101238724,0.1261549144077776,0.3934615935977144,-5.648817881865028,-2.6461655411520724,0.3017433059485839,-2.846414163581187,-1.1939000061857428,-0.18269409759690802,-1.0847508524207896,4.050057880661086,-2.482686180011271,0.14445858074218165,-1.3150438182703965,-6.171825541721233,-85.09726760529425,9.139122347595048,2.7100344835374424,-0.252355789080962,-0.8114441691258776,N
0.8881166983898936,-1.7181882738549241,-0.4826594569688041,-0.8222141474383733,-2.166157999306563,2.1221607848298163,-2.9083031580696543,-7.558636298132569,-1.162198758638283,2.2055886934030795,-2.0626130183297278,-2.2407369489707207,-1.0243240373019376,-1.649456548354138,0.34361944497277364,-4.703772324782257,-0.31164930538665203,0.8638263353724938,-8.409744203721273,-81.84070619567625,7.514755759951811,0.8209845527275812,-1.0532603055858623,-0.19253663766374984,N
0.4453091944350547,0.1362460070584266,-2.2673320654954523,0.29430153776826273,-0.04729269533493152,1.2597204667179085,-2.779751214044693,-8.782120844914743,-3.2079089537739947,-0.5121932365451443,-3.0226130210914732,-0.5384128627857194,-0.12893496717941844,-1.2566063405031898,0.4988970803659072,-0.7603334418250185,-1.2833254854365066,-1.1858348504659944,-7.63218766457304,-84.66165662525606,9.770942902026206,1.5519800391682868,-0.7147083087420185,-0.14960345928426477,N
1.0639084983581029,-0.9023513611646745,1.1712642474287804,0.9950249907894246,0.2084560154700057,0.6756431028622387,-2.929615654634703,-7.3688641884924095,-0.5695723578676279,2.148575633122441,-0.1134269538986814,-2.2365726113982305,2.0204760573716385,-0.500904700645961,0.3088003796889325,-3.629065635301508,-0.590881161374611,-1.3119839960843365,-5.395626525705774,-83.64287812377133,7.688653205423407,0.5114823956576,-2.198826558902759,-2.0223183416990764,N
-1.3929684376439297,-0.10226082273413173,0.10931022209121011,-0.41959005688981676,1.982799928966898,-2.1683563956000285,-1.9887559053283175,-8.351669066002302,-3.164987706248553,1.8107030770142813,-3.4291737342251736,-1.0953447166195929,1.3217898874409286,1.0722622907130201,-3.4795347248607413,-4.518749009214474,-0.2824639300176699,1.4649935429781635,-7.072504316071608,-85.39550292806528,7.896927749841552,4.58523808200007,-0.1505457929032552,-0.8414448816629942,N
0.12861342789975083,-0.2365140579696039,3.589296545797424,-1.5037990985715837,-0.639010887457033,0.8718652200143993,-2.1178507114125837,-8.766240104848293,-1.7808828903813492,-0.6783477337866941,0.06494435471716997,-1.2589432113434214,2.7201166542015756,-2.6447512452828406,2.6070353589645947,-4.999564875952359,-0.5819220842040949,-4.034861602092121,-7.061780413415665,-83.040570366562,11.350189457544502,1.2822516182979493,0.48732752096603704,1.044405042553933,N
1.1620549766572026,0.31963979442520163,1.1933795215733198,-0.031489889360734935,0.20859178417049407,0.4419637655549309,-0.08273764128276095,-8.051261387061572,0.9402516233700453,-0.205406641550141,-1.970983423846178,0.6744358109010022,-0.6591625316502245,-1.5928515433056205,0.9673521507579608,-1.3604692968308996,0.3706117585472555,-0.9891672319087093,-8.499337130822244,-83.27948457063732,10.34452307515619,2.3936091151723202,-0.802129097675266,-0.17633061611758194,N
-0.5749608018973333,-0.10796199600296141,5.788323352658949,-3.4884138721449744,-0.36643296130461067,5.040174634563016,-2.053914182511952,-7.62176014095013,-4.517774389206011,0.005543020602324589,-1.118088092787076,0.4525763872937887,-1.1335956918020713,-1.190090921117104,-0.5840775632550503,-3.4148578868193766,0.6778075065786737,-2.0679850499764143,-6.280015602003418,-82.04174711436306,9.249937998224198,3.432070767125423,0.128413774826992,0.7165556673772357,N
2.124906964470057,-1.7533467826282259,3.52293539553051,-0.5042966421136725,1.1022102685985828,-0.592183112096393,-1.4426472741252345,-9.408727450409998,0.19869543678032642,-0.8363576935642456,-1.4807994373722408,0.25328497507837255,1.8042331937898837,-3.576516591896244,-0.684164089564888,-4.007257183644668,-1.1285742782660577,0.5574442674461579,-4.997074406836923,-79.4844169733387,9.72057006283643,1.9520254169125595,-0.05606541991769021,1.0133110550415836,N
-2.0444153160685232,0.30850861913803307,1.7264416028887695,0.817333181596922,0.011214901194534832,-1.6243430330434308,-0.14124415726900263,-8.735835220820604,0.1086886870100443,1.6433265820672176,-2.0829732141282875,-1.6032173680088135,0.10468477109296259,-0.7038459496130614,2.350795770844229,-1.7142251856187585,0.13644931831200324,-0.5765597437511474,-5.031961257678368,-85.99305869186227,8.7814829278322,1.1718895381942778,1.2449296188355028,0.2640928021605191,N
1.7720999824900616,-0.4431204166908529,-0.30372992523274434,-0.6890468288094453,-1.4420890616165707,0.47218749116296976,-1.5982127172073293,-7.529994584442079,-0.33172771636770904,0.2997057673942436,0.2407344561956961,2.6426249226710183,-0.7169920993998176,-2.530181860047705,-2.0209705258187114,-0.8325511742501988,1.0794791794169782,-3.685338228665273,-7.241916153317151,-83.2998465382851,8.67307733734333,3.3051475965610218,-1.706473312895728,-4.049426954450098,N
-0.5691247776777004,-0.5404508130064842,1.027820196506127,-2.2256981328904644,0.3811229811445287,-2.6223491995274912,-4.260746579981535,-8.230448315927163,-2.5712645230524913,-1.970927274194736,-0.03361039630357254,-2.6145779990626465,-0.3800658574862723,1.8124879178009223,2.3913196623794875,-2.0599716082957897,0.45708348187075387,-1.6693931945518443,-8.381644763865118,-80.3526522860983,8.675701931915171,3.142930500136271,-0.6604099700029771,-1.130747931984729,N
-2.8514352013776545,0.15538632437979238,0.9787623197120752,0.4254328851483393,-2.0999169308765318,-1.4725780951722527,-1.581651486068849,-6.724744249162995,-3.6097859919615303,1.2268563935983892,-2.884831499885479,2.3734651309748642,0.313325885478946,0.23972862609594614,0.8740464922189517,-2.162595919786085,0.5575342306423181,-2.1803329592047476,-5.577798482610649,-79.63333047506094,10.287359204875486,1.5009394063680075,0.26538203019367046,2.501659029447694,N
-0.818354781897682,0.9557483510172933,-2.359967442024356,1.7645727078536382,1.2317135031856594,-1.251383015765839,-1.1422398476277182,-8.463387305074548,-3.556351424963225,0.5019690669824115,-1.0111222967781828,0.45280172025297816,0.14120185651790962,0.685384438493216,-0.02320844472421868,-2.0776188535389153,-1.5301110937885483,-0.8255722998703732,-7.51666728075762,-82.73826291487366,7.147491731255911,0.14985326798362308,-0.3005456841584895,-1.6245989299785606,N
0.6076660794215911,-0.6296362226926275,-0.3319819943521338,-0.8971461457128171,-2.707518169144464,-0.15132004736926774,-1.8216517344556982,-6.2146109080598535,-1.7539518595556274,0.888574919204423,-1.332430815960322,-2.1730698120663874,-2.0284373925674117,-1.3098188299808484,-1.379283348393642,-4.93182686507982,-0.47400215128199363,-0.8899572367252517,-8.852006638707657,-84.80446197848114,10.775084675923267,0.017772006018679676,0.6188666215094436,2.426544388301295,N
-0.1109768328777534,-0.7823510529250504,1.5041510390895496,-0.5718982387215519,-0.6067038469274735,-2.56213161057633,-2.52319022516538,-8.526098967263465,0.009256341580908156,1.3571730355656086,-1.639623809124373,-4.694247381839773,1.2049095516978525,-2.749141319723634,-0.8076836141865442,-3.531329369868722,-0.12812055368540598,-2.2745025828083385,-10.028658355425431,-83.96459794671966,6.605016924138056,2.1423421704402577,-0.3122196226853191,-2.239348393090097,N
-0.055323223683927836,-0.5874191483782338,-1.5932270728749245,-1.8302691551658157,-1.5008637076679179,-1.7023207753723568,-0.9524661252639044,-6.109544548207623,0.2893649565413057,-1.3460856134750827,-1.640440478847438,-0.3728485665293988,2.2177128218565656,-0.4994114900476063,-0.35281441722145246,-3.7648134982425105,-0.4297501440262721,-0.3356563295384376,-6.900513440866304,-81.73903213735757,7.426723870325475,1.9459167793876118,-1.2332603915460112,-0.8210721198028637,N
0.8764467350883365,0.005250567330506328,1.658994606812655,-2.6983684644743207,-2.379823466996072,-1.700779568632754,-1.1220137043474123,-6.132619179013972,-4.481431019225852,1.4728287361111114,-1.732612899573553,-0.56294510150002,-1.2516946731501548,0.5928054159173897,0.1427935647409413,-4.705130042857277,-0.6705625509545712,-5.3915993033700715,-6.38101115551418,-86.42785551366364,10.686164738582363,1.8856453106425146,0.21420561725742004,0.9565818876384355,N
0.3312848483121513,-0.9985954362364318,0.13690891124383597,0.28588462746729704,-1.5899156853174645,-3.4114268340368312,-1.339615581771386,-5.978276582882245,1.7626150703263193,1.8671729347609443,-1.9563214812822025,-2.4628029807244616,0.2197973795753967,-2.278370821301152,1.2435141662327283,-3.2204689198490613,1.4337780636059563,0.2580631252657213,-8.794042822256925,-84.6661359705173,10.193190023155353,0.813111275732262,-0.9426271407528297,-1.1572447018164667,N
-0.6322454030311917,-1.6294099006199705,0.7450843356729138,-0.5279165605916916,-1.4775176223136839,0.6675330771888071,-1.7688461575270997,-9.129635443640325,0.7387613989374131,1.2119246604540308,-2.1242415688635106,-4.422463326984371,0.8800704110949482,-1.20298688324106,-2.762512544519268,-4.057075607507038,-0.8016929662366721,-0.7745439541495784,-6.091463634530366,-84.04170123788165,7.7512810754566885,3.2752833225619513,1.1706761343770928,1.0801017436728557,N
-1.3521117111830563,-0.3677810260095118,1.5054696746417449,1.252672198748627,-1.0478815326953281,-0.21351567250189873,-2.097895910051636,-6.419585314720848,-1.9181992877937546,-0.7259945592405046,-0.0520711007100374,-2.4468208560160747,2.6967679037375945,-0.5165155362089635,2.4344588965512344,-3.5549482043513194,0.8248196492606468,0.28718995797748903,-5.003047239871601,-84.03396434052097,11.361796493876113,2.112749324935617,-1.6113150250533756,-0.10296166329300149,N
1.014633076801232,-1.5550210284992554,-0.6015741414198601,0.14050145717975937,1.1475500410948314,1.2259910308705457,-0.9245024745518426,-9.079812680344048,0.7251895553111467,-2.2751353720409995,-1.6572738644703122,0.02902535085610225,-0.09974878399219733,-1.038054663334421,-2.1140446650296667,-2.947617761258172,-0.863188634121471,-0.4604930259733351,-7.541780413663796,-83.22057052674475,7.028128535068447,2.4917538434952347,-1.302084065260356,-4.235354042570464,N
-0.5119745367407234,-0.5942064341398305,1.6841756409525601,-3.404930220176823,-2.3278316633823692,-4.239484502040909,-1.4104750991105144,-9.052120077142149,1.7639240120596469,1.3030102135153996,-1.8737888454251106,-2.0241394738929444,-0.5277596399646995,-1.6362900741369302,1.0812403001057191,-2.5939983247093323,1.2076249203230134,0.832736545753221,-6.5437712955361835,-85.436634260083,9.986003810140971,3.19763626043724,-0.15108863640690373,-0.14654035058975978,N
1.7984360862487279,-1.2972380472006257,2.644723178777781,0.6570167488339109,-0.14814999072081037,0.15878301090629066,-1.864818836846525,-8.638500468673044,-4.358569873377746,-0.21015719625199836,-2.1991722345830738,-1.3905627640247644,0.35133851174714437,1.2970590312147365,-1.7356045192523197,-1.9128222676964128,-1.5776232759638589,-2.206832628896791,-9.903364253917475,-83.94464271210578,8.212295021299383,2.198541058297635,-1.9438942330131361,0.13443877483445021,N
-0.6683521582145033,-1.4228035596722357,-1.179523575588064,0.4323552971748583,1.945876448825146,1.2899455455941506,-2.263642526505783,-6.798187024147069,-0.9499733339882255,0.2997067063966483,-1.3513039219372445,-0.5957940016520524,-0.7989807490701537,-0.6304069548040871,-2.7053655762817925,-2.727030464966461,-2.029251733978299,-2.7022158302543176,-7.685264530990489,-85.70581996928114,10.749897621120908,3.3616181298629497,0.02809693919052947,-2.9675393165824175,N
-0.75156921635309,-0.8974643366390689,0.6417081525298727,0.05389502498567822,-1.2938510720096872,3.559494222374042,-2.0331447631223396,-6.354566647905415,-0.27063320964219884,1.3008376036079312,-2.19808724492313,-0.7784381164268552,0.718940940338797,-2.4783261807126067,1.443898024891837,-2.5130929351393263,-1.8740951470421408,-1.4111941017386016,-8.299518011500428,-85.00957515726941,9.07647986778909,-0.5467982600166712,1.1230291190514698,1.6961586847785952,N
-2.867711503939688,1.681186456386886,0.21139256265968243,0.21355116775988847,2.096571527126912,-1.921861520343782,-3.24985002389756,2.7898961733991143,-2.0459004171374886,-2.8778912709783455,-41.51712689816631,8.733912984857227,0.17215806669312883,1.471667224107371,1.7232767715113368,0.9245513247665968,1.3635443280942212,-2.3940211910741596,-2.866047991653381,2.7465499295197446,-2.4427510588626546,11.831251017606174,20.994866729287697,-1.056095894238922,O
-1.0434158662133939,-0.29365523195049725,0.6743652951345211,-0.6783038011094149,-0.4026603274801914,-3.6318438339573618,-2.7412075363931923,0.5302609592623639,-1.1519120762332022,-2.213682093279324,-41.13758617252731,11.57505885501422,1.1646023009974442,0.42017360269545634,-0.0534989096520917,1.3760446423836115,-0.164282531738138,-0.2532476906057468,-4.470844475321119,2.9289917307031033,-3.92651156464251,14.157947981801062,21.4432378828991,-2.1331526685336826,O
-2.022965125727154,-0.22686784827546091,1.5530187601639227,-0.7578516383107043,0.8983379011193904,-2.5140480813414,-2.0843295990331416,0.25075824941188785,-0.4088324687140812,-2.2936370156403925,-41.89884859497678,9.158789533658876,2.164915775902898,1.263839541267025,-0.6905861628601428,-0.644136787380134,-0.07631995567894023,0.30630602364584547,-6.068174931888694,2.6902148945667648,-4.262897769702931,10.17677152648885,19.85554384081411,-1.7645674910733078,O
0.8313835739202204,-0.8971845343824878,2.0819024741061867,-1.218711656803535,1.2507332686338941,-1.0843898561222431,-1.2025193380274075,0.23514911579073328,-4.535539906496922,-3.706624288843699,-41.58839678016133,7.137582965281808,1.2206649147824464,1.930083623480563,-0.36382909603850067,-1.281331131741041,-0.29310768230992323,2.0441013951373748,-4.859758487933382,3.2769117782387553,-5.359243061876327,13.066137875540846,18.577491414998054,-1.7389494341675231,O
-1.9662223842157687,-1.5865056520047727,-2.927162213217116,0.3568995232905081,0.053855769230438,-2.437397232262242,-3.536682570114431,1.6418913601832514,0.9746136922021833,-3.638614533437263,-41.00523138096375,9.86923129562507,-1.7365726257604024,1.790128608600135,-0.17658610651994877,-0.8469419293296738,0.8436363724239726,-0.8732553462371015,-2.844600060578392,2.1077268060884364,-4.9120299381577865,12.001884857088267,19.710840018052462,-1.7906308836779203,O
-0.029117248535413864,-0.18831578788928738,-0.01439642030129562,0.612918231808699,-0.40741022971343455,0.19131668795125734,-6.016501615461772,0.1349694901544467,-1.6873865651949131,-2.5476184686858616,-43.013734323907755,8.955331657306715,-0.5261222056396662,1.2370969461295118,-2.5028487885759887,-3.591737584455103,1.2045855616230057,-1.6717446846933512,-4.307269815119161,3.5178614659375853,-3.0737049969282566,11.206681090632248,19.55065898287688,0.5479017151714061,O
-2.5548213760585554,-0.16958274074483892,-3.2250088597633066,-0.512965662891574,1.2385166954624083,-4.312958010021418,-1.1660035622864502,-0.1615048734228708,-2.142479217114442,-4.228569479273396,-44.45333071581868,10.26278813730704,0.055416150951487,0.05080778972926936,-2.296106447521481,0.931067559565804,-0.09179280967180148,-2.27378679397998,-4.964011899927644,2.926685816976459,0.7617260217457442,11.032925655519332,21.263645298090612,0.7187236239755066,O
-1.573506377759827,-0.186686834697797,0.6454561452741245,-0.2029195316367165,-0.1460966730595601,-2.006617893408361,-3.772610105728168,0.6094007999191433,-1.3884417829551126,-3.3865329031965175,-40.16495593841748,6.315665102583864,-0.461643175220388,-0.17521038231475217,1.3787852910249399,-1.1949968341811115,1.4109199889862225,-4.5282196033868445,-4.222563941078505,5.633608411970371,-2.7999433753926724,11.118717218266426,19.588667613206557,-2.305725126378036,O
0.23830117701163545,-1.3632027364877501,-1.9506203988876791,0.21232990537610874,-0.7083617981788848,0.03998032182425959,-1.6925647684071645,-0.724170400214291,-1.0084643797717945,-3.8718274799881343,-43.80568160499874,3.6860782415473636,1.4122049311984313,-0.3800521583383798,-0.3653705789552646,-1.6971229358518798,1.6944953662994635,0.39237970661218924,-2.4250073115847286,4.786821574629883,-5.389899943769763,12.334735633087451,19.210612416988187,-1.6826628683092508,O
-2.3114231567385275,2.0445804138615387,-1.9587204821827413,0.8876686919198775,-0.9012551518093801,2.0727753121911974,-5.331659652500717,-0.5550335450327566,-2.9394344465845847,-1.7665332946776644,-39.75256240471944,9.65220041570251,-0.6032287746795362,0.5933874716781062,-2.6219820120276154,-0.08268836650599098,1.7787944451933413,-0.5300642459914684,-3.181251716623489,0.8284503474862959,-3.912049491501989,10.922699244811056,20.869301242707696,1.347703861841353,O
-0.688575792131644,1.8410960176498357,-0.12937610470811478,-1.2759963649560717,2.5629973166622335,-4.965587824341981,-2.7820670384346933,0.34129980247769254,-0.8912986977687751,-1.1059906900672658,-41.23002710651437,6.677021756686315,-0.8933158643907007,-0.0800526036740763,2.1271296916983715,-2.040697597866256,-2.0092168001889803,0.7648999393521763,-5.288582039266712,2.0911652961836182,-2.8838313645576363,12.265233155139509,18.78450417493602,-0.30118220513048755,O
-0.5746839420096705,0.18091498997202216,0.5479997646975789,-0.6864487873613214,1.1743110114047113,3.2350390978511996,-2.1743294549463297,1.4610742679091118,-1.0008056552242692,-2.7186595586025177,-42.8774429857078,7.77423035109905,0.18125146263400893,-2.159147610418337,1.8610433377231743,1.5876732516050538,1.195219130019936,-0.08878081198230348,-4.055595579739624,2.1116626070464406,-3.038221725532253,13.521296647513157,19.94310258369978,1.2340439176954305,O
-2.7754083547465314,0.11887876265514485,-0.48788838244075805,1.4241394279099708,0.3934942091166249,0.6475016758436141,-1.9337865175424387,0.7957833594408612,-5.295481677300813,-3.6235463756716015,-43.26446119462153,9.2492379183538,-2.151551633533103,0.5889066799389013,1.0559784692276821,-1.2111501611218713,-0.5488536520563798,-1.1143692903123679,-3.1807086870778294,2.541844036119741,-2.161986661194078,11.009576860338388,20.581789396432885,-3.273508699580475,O
0.6819215394444882,2.3210961158545587,4.378828953532093,-1.1087560322619865,1.8188340037070816,0.05399672785330267,-2.267451656753689,-1.9429050861897963,-1.2395166645303561,-1.5060358415835893,-41.84916412740219,9.864194597201788,1.2677712684041182,0.8283645137597802,7.111889268418224,-0.04413616943369192,1.7198802330053127,-0.3064710372987065,-4.6182653210379065,5.617862128762837,-1.90510504398884,9.286137863371767,21.459527126985595,-1.2308594313394678,O
0.45644790939377344,-0.3999447751282448,-0.49643150916409695,-1.101289792850622,1.582499195219384,-0.1715799853289468,-3.3748724874587435,-0.026568902339704437,-7.308127885498607,-1.2816461655283717,-40.77011336769405,9.222074097784969,1.8805282926944642,0.19985618328948362,2.0752238482311895,-2.034045435564664,-2.181071542593031,-0.16608813421260038,-5.851794787563376,2.037681300374885,-0.5720179134034424,13.590120083024686,21.567718315953204,4.61524533812991,O
-1.7568991812453874,0.9058019179650749,-0.15368662838426417,0.959886358752982,-1.586503382618389,-1.1157026588123813,-2.1805737285851627,-1.077245425954004,-0.6376928456848532,-3.5423707708988204,-42.663368333912075,10.410169121514173,-1.8587473194246513,0.15071726230266336,2.483010608518157,-0.7965800681827204,0.3332287459569159,-0.1888713428610913,-3.1101204353047818,4.368450441386543,-5.0121069363549395,12.06500690820646,19.768531445430018,-1.7422309990095073,O
2.003959539214719,1.671819935026237,-1.1017584974188708,0.9103397829909596,2.4618692019360253,-2.1364937186257293,-1.548401811839252,-1.1950776201485382,-4.0123401121936695,-2.1010129865412637,-41.4568561451085,7.763939630431366,0.5884912402119369,-1.9210483162995828,0.3733425016795877,-0.07332169670010558,2.1211463603716254,-3.338585803277226,-3.1488082148737595,2.2850120203356425,-3.892125213760494,13.866907411960543,19.112061518639063,-1.6655830497908255,O
-0.16296216786957984,-0.5884968638873094,1.6925241102680957,-1.338032811920101,-1.3789456146381553,-1.3846468389859865,-2.2051439343254238,-0.5893779860280688,-0.03916017502950808,-4.2073933041947456,-41.91350778957789,9.787325512916823,-0.506577036309892,-0.3549392398471056,1.6212269568814577,-1.398615704566751,-0.5916157524832357,-1.2948377365174224,-3.4304825381553132,3.875283271893295,-6.026103954746077,11.059531579148246,20.138170095556074,-1.0359478853659994,O
-1.7415610326709157,-1.2396734416668176,1.9012335232701503,-3.5021043912448278,0.6799190789819249,0.36191395423907124,-3.1568632563574077,-0.6239947515293522,-2.52836139882578,-3.905628107407459,-40.36070916195749,11.196626138402962,0.20609475970343283,1.8905821916399859,2.565573112937045,-0.06422679559363331,-0.23011962890609539,0.9569703954643387,-3.5177675491911367,6.367455844516854,-3.926296367385703,11.721567846597125,21.415002594995432,1.215201343105491,O
-1.2614271336898923,-0.20935653625245365,-2.324893749115688,-1.302331595304402,0.3070284926467366,-3.3880975899669465,-2.23840194695031,0.7843780843463151,0.4663075807326891,-0.7303795203298691,-41.86668163151174,10.600053773354205,0.4141911974597292,0.6341107976577689,-0.8046883495205748,-1.1163990740884984,0.26874843131378157,0.5042844067058923,-4.5836499301114415,2.3017091677567976,-2.155413810073469,11.426862057799198,22.571020664853915,-0.4220782122714013,O
-3.2422386609939053,0.3531775694713488,3.4544095884302806,-0.6936432304555638,0.16761269299229298,-2.2805925304010657,-0.21523431736313547,0.4260100953801498,-2.6873584503582606,-2.1562617407060145,-43.56635851802278,6.374356812628719,-0.12553676525857327,1.04325112645774,-2.502842740295762,-1.6728239529295763,-0.9494410809131324,-1.2462251954222552,-5.290482564381367,0.44320070126923383,-0.7682446150967053,10.036409529799315,20.503057393518663,1.6306596701788294,O
-0.2792959351693298,-0.5732932090672866,-1.4004835254784211,0.6608363426518551,0.8782458733602994,-0.08462709231775989,-3.334963015057957,-1.2074282911486023,-1.367857441759213,-2.2054020356742896,-42.23101804403646,8.394460467447061,0.3055955004106181,0.8636583862995977,-2.037462322804288,0.8401169535778479,0.2815077823968295,-2.721653159576647,-4.147224548671056,1.015778703370401,-3.0233310530298354,10.972925330784598,20.141156009277214,-0.9779054678655257,O
-1.4939598247824222,0.9731321904540806,3.1318200904541413,-0.40423133870817907,0.17982998422445462,-0.42102050560254156,-3.4787184415079704,1.424424990278169,-5.6498326830276255,-2.9479356236521923,-42.76735283871531,6.42013345599338,-0.034856957897687835,1.1122098059331336,-0.11306077113044921,-0.7220555900471197,0.44521785270049463,3.4525218163407203,-6.324871669834046,4.8606659871789475,-2.8599580845890955,13.85903412708986,20.196404533869686,0.30151858672473963,O
-0.5672196323863261,2.627883377342771,0.6899174119773761,-0.8012903003261798,0.8086073975711088,-4.473707847629271,-3.049352180444309,0.3415742673567763,-3.8999822329693075,-2.2769404620001623,-39.835364313324675,9.461448291347608,-0.2973842994382494,-0.2794636144162652,-1.8795614737251753,0.20482244583051568,-0.30274491254006364,-3.8552166129402963,-5.5150074501480155,3.30134661616691,-1.3304332529467615,8.779124414501204,20.892648254981562,-0.47944289097790715,O
0.1924210776762152,2.772317787541553,3.348852240791757,1.2558136809335494,1.0849885734451732,0.16656557882367906,-6.342564868683242,-1.330825552133831,-1.8402522072074134,-2.4986144982246685,-43.0315156876928,6.816315085571318,-0.21756989602516796,-0.6731294873957552,0.24938360678601157,0.3036471427813012,1.2848112273757124,-2.917662067947788,-3.453695183004201,4.95188871053999,-3.838692027647994,11.29355861769658,24.85794466628011,-0.1927816686839492,O
-1.1885297119695508,-0.3797185996991903,0.022396096622742334,-0.6314716879728834,-0.1960533960958628,0.25198008210247735,-2.236636950823005,1.3306224475701356,0.6982336348457352,-2.8704245206392045,-40.27056744440054,10.37710720590502,-0.3189707633319472,0.625286847075806,1.12518319495058,-2.3158551293283622,1.7193377726975,-2.3386128686406096,-3.929215533953461,2.3934732605258375,-3.2832901677604696,11.116409501836383,18.2985325031886,-3.81182035668769,O
1.5407947669393423,0.8092861410805732,-1.9937670346077994,-0.14210459906813355,0.17019394155619239,0.18780785690984203,-1.7212072764845718,0.8922972577811663,-2.7561198012402883,-1.826533287082789,-42.89441120102887,4.132850282695529,-0.995127269072043,0.9717128485771056,1.7751843825124638,-0.20676179207514167,-0.4120205923225626,-0.9591070656057354,-5.250301469460894,3.607591279042964,-3.4054910292122713,9.81527836404889,20.375047371256013,0.5641067977152261,O
-1.9337778764960376,-0.6326143249580651,1.658134997614411,1.2738679077700183,-1.871706044193104,1.1932567221530235,-2.800257078418934,0.15030614737213455,-3.1921660598127914,-4.654270303027069,-40.83105931871566,10.11320262401523,0.7428359214813725,0.776916333850231,-1.005738209443507,-1.0608781507674294,-0.2202113100628651,-2.309486339723719,-2.3560480081215203,2.4412539973886425,-2.472754201758903,12.420798580097472,20.677491996696244,-2.620871345622959,O
1.1643692922460218,-0.9057366257792578,0.8846132359574881,1.1443661956095994,0.9136795985706385,-1.7245436150041087,-0.9889902755405231,-0.4711389276154705,-1.8818602046357,-3.2456283601095706,-40.64820884435372,8.673909377983307,1.7084062245913856,-0.19231435252739004,0.13856991701476318,0.9772210363326792,0.8251741007120188,-0.3461057764106954,-4.1488535249492315,4.725869810078649,-4.2442823232238425,8.858264410076156,18.53065760164576,1.6100701092342433,O
1.4163145876230487,1.2796480139003297,1.4809683876561053,-0.058756153089490226,0.9147627102257729,-0.9569343372184562,-2.2686735228435246,0.7310322945016878,-4.976614163911734,-1.3043154614477928,-42.58287539079126,10.831320647779705,-0.4756264261792751,1.3014408913867825,-2.570305091822945,-1.7632319052857,0.6553540660462716,0.5995550658633988,-5.00392147522061,4.347408895777548,-6.817152721007403,10.248038320666591,21.866088092130934,-0.19102344191821885,O
-0.425054007828237,0.13957197112520525,-0.7692437716518157,0.6625714663681848,0.2939751285877037,-0.9626779995044785,-1.3543980890507274,0.7249780897594746,-0.6312330294642834,-1.035698469826464,-1.1425379724290963,-1.2874243998112433,3.007840378981115,-16.703883855206946,-3.375380382692697,0.5619138807753288,-1.675700517473075,-1.7910861048626998,-2.266878784907897,-1.0883162781036049,5.338253589751503,-0.5068535194051682,-1.7631149683818244,-2.314209680893157,OS
-1.2347780129275918,-0.5802923791893946,-1.2210513512792431,0.1627521621910617,-1.855980089282923,-3.6636636482335803,-1.8156652283043044,0.5182369500757034,-2.193392613475112,-1.702484974373455,-0.3600934370916491,-2.7860826206115803,4.271915030776938,-14.83600987540543,-6.383404379175261,0.2116886513825591,-2.611265150665602,-1.204817965545658,-2.8291412041381596,0.5874764677714239,-0.8267240509441649,-0.2804281226563683,-2.061214757202947,-2.481521764418005,OS
0.3226420807296506,0.28373480810623875,2.1522794890947807,2.020036166091799,-0.46674963213240517,1.0793117576363898,0.1732940757198982,1.0874229095594217,-1.1169837784567562,0.6567908849242343,-0.7024465743539281,-1.291147930990519,5.776123860492731,-13.70048972054736,-7.31987490112806,3.3513720770787643,-1.5776905052218382,-4.690270719363582,0.1297275857774447,-0.1389029819952725,4.79402643844179,-0.25830149126483537,-0.5762823867797486,1.851476768528812,OS
-2.393650895201006,2.1188932394744278,-0.04368387765964599,2.731892276263295,-0.6091461430203822,-0.24478638579017797,-1.0653938005110994,-1.3285998822384215,-0.1958541254236934,-1.868503623513547,1.4728971005258984,-4.0622183440190724,6.913679689709198,-14.618544230465439,-4.195333355242894,-1.9643306633445476,-3.839908790691851,-2.1318626985154765,-2.2439376560994484,1.1048063302020381,3.497965857320878,-0.7110163209578504,-2.7122555188139934,-0.9671081603721063,OS
-1.7278119131237872,-0.7330072848850726,1.1755155454615078,-1.0532658172193834,-0.20910198228966692,-4.028088603161507,-2.8230409512930095,1.7056062492264061,-0.684890637151284,-3.722801741310853,-0.806426881264116,-1.9630470136404483,4.883998679872832,-14.829222674546749,-3.520361331990955,0.13037567953384865,-2.7890947584608625,-0.5114454721297648,-1.282715851895952,0.12444397055527645,1.462523018263596,0.2644588462454287,-1.915150967248394,-0.06524979176174384,OS
-0.8166810200551708,0.663010807132304,-0.11376905622478262,2.2312595301839053,-0.15955244107522049,-1.3393699989830452,-1.0314570140752508,1.799821262549159,-2.4417425653098803,-1.468458347717494,-1.5250713815822508,-2.6253285298752758,5.369971723875608,-16.398454073806704,-0.7589296405493542,0.9025029915511027,-2.6339355892680913,-0.15271904661364033,0.1419447794036155,0.449422587537299,1.0004287777729814,0.7621059956680201,0.2914098839738699,3.119514176175244,OS
0.3863046623676212,-0.2876226195727991,0.14509979386184568,-1.9532659691168348,-0.2681514936770384,0.7538722216582414,0.6794932580404058,-1.6895502106682727,-2.2306242797293407,-0.9095897565469855,0.3404914371262464,-3.745759509884465,3.7091093440678833,-15.796825412111595,-7.520916475735703,-0.1206197493195944,-0.1102703949940036,-1.832481335393311,-2.9857928552962125,-0.47378937927504694,2.177363757932426,-0.943278832610372,-1.8890876954712716,0.315594642052929,OS
-0.7754116020378206,2.0307936798048445,0.3505164844638671,-0.7858455481896769,-2.5799189889488616,0.005972493858450889,-0.7253484314620948,-0.4442077592533735,-2.256251284775715,-0.4798147083816815,-0.3610450193658892,0.19173226003567834,4.066261711569155,-14.482390354277328,-3.9143461654450675,-0.15346975763252857,-3.9168764149936663,-2.274428644101988,-1.389684112786171,-1.568858463615129,2.9412428210509916,0.4492100425521839,2.7990574578678498,2.0325989261133373,OS
-1.078400791910724,-0.021016276726347094,0.360383742665249,-0.41797206550708665,-0.47733733992808425,-3.3723822579356124,-1.7013664080244606,-1.9860170898440686,-0.23527593193171015,-1.1140239606485451,-1.3234880716319424,0.5973237984088087,3.101645296812876,-15.659178004269155,-4.950465169086215,-1.3959588569193357,-2.4387310745445347,-2.8972780524199493,-2.293485122478933,1.7126802520063507,1.1638100591466696,-1.213278848868148,0.6332198946508818,-3.0384553029325616,OS
0.6527758278132012,0.8263140604701125,0.7887491825160282,-0.1543526365531136,-0.6643956083414082,0.1542444808758887,0.6207150464985611,0.8714451898770221,-0.7606599010617856,-1.6503579613180008,2.1577366995829266,-1.2769130964317128,4.384041169731631,-12.914109979758969,-5.879481696633263,-0.11369646043052484,-0.8032572691213034,-5.028192441913745,-0.6650687847655274,0.5352150392836421,3.116228791250421,-0.6286181943362585,0.6199166316037186,1.7023330006325637,OS
-0.44324211155154103,3.516947644617792,-0.866484734029882,0.591574961804632,0.5465989084369767,-1.116641059149913,-1.6077011840613409,-2.11552243718657,-0.9330171340316156,0.7763841539616791,2.643842363866355,-1.0046969899996725,5.730919497666605,-15.229132942855635,-5.661351521072902,2.1291088651768533,-2.350631915062152,-0.824624729898062,-1.7070597802805212,-0.34998785704166835,1.0343723890215415,-1.4669892890874063,-0.30614693188555364,0.7185643752437159,OS
-2.06595838866113,2.1495720501593567,1.637611222073474,-0.6038087642894752,-0.6405034102361924,0.45362217084158374,-1.1321810207453442,1.784479261303062,0.19309516955121353,-1.2698601920010688,-1.4869265354902836,1.44159094017391,4.885630086078663,-15.732209489295936,-4.669257451812086,-1.3318859070653772,-2.2945690043866875,-2.0584929171594126,-0.7424443173106439,0.4496940282763262,1.3238993914165462,0.4422868588477895,0.4860702761482294,0.025416275784550635,OS
-1.6097148926336615,3.5625585467222347,1.2493140642679919,1.0487694394210294,-0.2257980526198935,1.1544315909137026,-2.9396469844110733,1.035428717013076,-0.6857661464219973,-1.1026200250133016,-0.1993685659006985,1.8219984064581922,3.599428105004506,-14.403521914659045,-3.4921065287175566,-0.39672791024472787,-4.791220715138621,-0.42997511035974867,0.0625330681261489,-0.5861874975142314,-1.7399748662192565,-2.401740394261093,0.8961613491973672,-1.5356411679636608,OS
-2.82410272934888,0.17282988234128283,-0.6201111060780704,0.9418025594167005,-2.0317706464538503,-1.0154632187228572,0.3120271336740936,-0.7554778732372256,-1.879343563303678,-1.4072370894763608,-0.355206813346598,-2.1067266436956515,5.107842560780853,-16.13225424208146,-7.2995075523406285,2.2181588923250644,-0.28416059771910795,-1.9610394916787186,-2.9817204421915218,0.22136849602766517,-2.7331616857186987,-1.346446310710041,-1.3448796815138273,1.0115946299011966,OS
0.4456262635103201,1.1430109461702536,0.2694878680894135,-1.7656630896659706,-0.05122516062505156,-2.899562731988169,-0.7098732519710929,1.8748895335475027,3.1474716664315565,-0.869001508824887,-0.2099558456217494,-4.0061527751382755,3.3096077886380613,-14.79827281182061,-7.756348101999492,-1.8486737061928764,-5.7745685224575425,-2.4669363439216454,-0.8773764442178451,2.799603200507036,1.7759217264172662,-1.8412426360775451,-0.6875945349300174,-1.0827445388717933,OS
-0.02812704509227615,2.541336631093113,0.0025253144006001094,0.5633402331597566,0.7487294772735709,-2.1641431470494013,0.251619871199928,-1.4283731960109947,-1.6086451333156901,-3.4842951169250753,-0.9766537801478705,-0.9503830748678297,4.378883036203291,-14.64257154998089,-4.265192924671624,-0.8782206699838397,-2.1941178896803706,2.0697422499167146,-0.7119013797287477,-0.6870490322197611,2.069831191119647,-3.3100209778703813,-2.5247887998900005,2.939496837772026,OS
0.5129590465145952,0.8622869985869723,-3.1701987647142573,-0.057293536846522386,1.9447901136299492,-0.692647227843338,-0.6950768232043689,1.4561043761927692,-2.3090239379325794,-0.9223491248911131,0.8756080004658031,-3.759333756252147,3.436666261422431,-14.295603069184594,-3.875373119232904,-1.1798500324785337,-1.260316185170069,-1.829410438502407,-2.02511405126758,1.3980206362350884,0.043380819053709274,-2.815088841000301,-2.177142172075474,-1.1994783073866984,OS
-1.887042983387687,2.30690224544821,-4.130312787223772,0.5565532687777761,-1.8395543411741642,0.39755375733591336,-1.7168415650760647,0.7210408664889769,-1.09902530224781,-0.10081063987758654,-0.8005937707136752,-1.638495801554086,5.767980168821339,-14.652073776176074,-4.40338425138259,1.5942672500264266,-2.3142507985662064,-2.590245366298575,0.21226162320672692,0.9196510053955933,-0.00983446326563353,-0.03866339171309541,-0.9738848633571635,0.9268439737041945,OS
-0.2229250684369788,0.227128479564902,-2.5436227320325315,0.998816078841898,-0.41489423242666135,-1.9860894836143075,2.0399457604939046,-0.18289677104721136,0.6611094611678254,-0.07067482836961148,0.6736211404235348,-2.626647358751484,1.2713726602266888,-15.351033125035912,-6.884714701794451,-0.1666378371295778,-2.5152928702927255,-0.45779269754331153,-0.5917655945277303,0.589918909685835,-0.507635292018108,-2.901152192836441,-1.6219379972224566,-2.6797200397467122,OS
-0.6468647828255882,-0.47115212892730174,-0.4072413600727032,-0.3236280877990012,-1.525435114381935,1.5447005432963579,-0.4740815495711246,1.039096115181053,-2.881938662153061,-0.773570225020805,-1.8332169926850668,-1.518922876417946,1.7441783773152224,-14.768000877760116,-4.601583741890977,2.680647607035148,-3.5453402843905906,0.23929824539186484,-2.7433493450130384,0.45091543565311554,3.3873613993793015,-2.003188319677682,-0.5374588352738066,0.19514977033173864,OS
-0.5762733162584937,1.4978527178786116,1.3031919232541895,-1.9793284917633684,-1.6063418537678729,1.6042644761035945,0.9862805079852768,0.23656401234589453,0.8087191200779671,-0.22515525072184772,-0.8574670749858342,-2.70548091891834,5.5597462914926155,-16.144200237567624,-1.0861220454560225,0.3551716018606754,-3.8152030712834346,-3.5376536644286034,-1.9454307814173093,0.3598288124051834,3.660240358655301,-1.2617403897678132,-1.1541555856902868,0.61038414533175,OS
-2.0655505440141155,-0.7313782862753841,-0.19917740075248958,0.25044423996586573,-0.4443493845671753,-4.591805798836333,-1.9219548306012282,-0.8678740444272819,1.3965275547498663,-2.30329986275369,0.3734814223894034,-1.6770361333643677,4.702506569150103,-14.172209415763753,-4.79256023258489,-2.03681836931748,0.8098207006671316,-0.01824426379931765,-1.15701448660307,-0.5141068836054927,1.1007382619181953,-1.6095231108989112,-0.923250695828365,-1.9587588271742788,OS
1.148252487527543,-1.8582109092662797,-2.251914454671123,1.2914853871892902,-1.4551200459341942,0.5988166603336822,0.6308958857609595,0.9847953598917059,-4.948469302353885,-2.8893174472307663,0.2534799393179412,-5.100735394093363,2.4082522558149435,-15.841892918789554,-2.349345574425911,0.9796065744252402,-2.902576975688561,-1.018655463999096,-2.8952498565345994,-0.4245144065061055,3.167261887218615,0.4380787554995633,-0.8033864633205958,-1.513740428250685,OS
-1.8981746497524057,1.7324227816033897,2.410257087811601,0.3553757079801372,-1.4578375879351881,-0.45831801801938354,1.1964163216293064,0.20208283602997312,-0.9639035743949762,-0.3767835637432668,0.3881400646361328,-1.704195341774323,4.878435767264136,-14.210490420656505,-2.3611684432219135,-0.5331539814807584,-3.0965596963872883,0.07548350393784631,-2.511765660438073,-0.27695761481218995,0.8353008690748993,-0.8732335936343452,-4.3203099845437265,1.4038306818489446,OS
-1.1310720051902194,-0.872826273335586,0.8148147569203843,0.07492449868312434,-0.5977429944900905,0.13847158799728732,-1.9778824690478132,-0.28158579941174366,-2.3234829455064414,0.1125827932919563,-0.9431257188896041,-2.594226671313322,5.514406118539426,-12.718091146270602,-7.328846903390513,-2.045370844638292,-1.7232111254384677,0.8227239691969999,-0.706742918401821,0.42349499125089096,-1.4878998642307124,-1.986355754144593,0.3360708707922093,2.1455947746179618,OS
-2.5227455256538747,3.258350365591294,-3.462566718882101,-1.6054830021233286,-3.1910485425582067,1.9754807106818362,-2.2845339191143594,0.481311315751924,0.9959678264640957,-1.1168746718323987,-2.696023300792689,-1.7394554067753347,3.5968499081984646,-16.236100879237675,-1.9235965819202647,0.41286460690036364,-2.6217179942410382,2.9902146841203034,-3.509774744987504,-0.695327277412062,1.833961078350967,-0.2460841774584397,-5.590083684446576,-0.3906971435540072,OS
-1.2365458368502686,-0.041921160374281285,-0.15997184097449235,-1.7884704845308406,-2.604348738312609,1.3287664734169198,-0.10647968261167762,-2.0077395019534663,-2.4877331078985776,-1.751354629516534,-0.3904991496508785,-0.6772842233229994,4.978343040776792,-13.481938250511469,-6.811120250304384,0.4503306198464401,-1.3895463012418077,-0.41420868002711586,-2.8904986725317516,0.29046235042264357,1.1638125171235743,-0.803731262567351,-1.0021189360812421,0.31209586386080446,OS
-2.261431361410189,1.0964498327522962,1.187338718052331,0.12963039898757955,-3.1966148935727574,-3.065344075888447,0.26628056017844415,-2.37873420100874,-3.5893248826794206,-2.720720559858023,1.425243446591395,-2.1443906653213958,7.644813032469386,-14.121847818711224,-6.508240164225526,0.77815896413113,-2.8269674388487402,-0.4580068729445088,-0.14488775270772258,0.008789543877014694,-0.9075378290921776,0.11350859334351249,-0.36696103764870713,0.4430626717828545,OS
-1.0831507631883142,0.6089838750416474,-4.104245472903244,1.4908972161063758,-0.6994222345830678,0.8024876902314872,-1.2520450897044384,0.7815834469338938,-2.2985147887350195,0.6326285337561117,0.4067394928389092,-1.2994726568018677,5.066304670929128,-16.29827294127867,-2.5030862838256667,-2.876546929268926,-3.0144343044918713,-4.709106030493729,-1.0061999714396137,1.501864905171999,1.0448911768025937,0.5246850310494047,-1.4006713672137003,1.4971240228858278,OS
-0.6843271260673873,2.051834413118515,-1.505108167552919,-1.5657093873175754,-0.09873846131790742,4.455701177399192,-0.002904933256273168,-0.30181122074762357,-2.3672774376497046,-0.6318517360082367,1.1879646507017583,-1.1665344961860455,4.1657595662248355,-15.373023655127625,-6.83806136159717,0.7286115287676225,-2.808776476691648,-0.599930071385586,-0.1412225302171879,0.09878859520841843,4.190018555240442,0.5884858714056369,-2.06243641313921,-0.7750445534539381,OS
0.4758121346173141,1.5640727156729923,0.20392751895730044,0.7542643152296762,1.2582118381133967,-0.4232137130800311,2.3214625447346613,-0.7544632631883985,0.01689273333715846,-15.855122623702535,-14.816371806287606,0.23952854180714667,0.02217469642573633,-1.0765603778544772,-0.023061945988160915,-0.053383195419741014,-0.4099580847276769,-2.4690228415090587,-2.518582884762628,3.092363920600363,-2.0364697530749254,-9.22700945995085,23.297726518449917,-1.2328255184391992,P
-0.18948363456925676,3.9001360247340493,1.9478582769201012,-2.041436379411188,-0.580881013758443,1.0320641984902181,0.6694263736888715,1.0861254471304562,-0.4233098536697071,-15.680145468733443,-15.839357107585869,1.0864208028807525,0.026109019835814706,2.718644271505461,2.6168151662149626,-1.2666857973677992,2.9447491826538226,1.42247302798512,-0.5425194774051545,0.648653199899428,-1.1490619962522146,-7.1601315791100175,23.261618213222217,-0.44309850853210264,P
-0.9663619569807054,0.9566064197316066,1.2030205807237735,1.4228171765080901,0.8251807300684675,1.7423008712843853,-0.11573206199457786,-0.40871666790064864,0.21246020010750044,-15.558108806696424,-13.374471654832035,2.4900211038034286,0.1325344890056499,0.3461998528528838,-0.15490158426234757,1.6525437912055594,-0.5295521512267385,2.745476018431532,-2.8403023877068434,1.619648119896425,-5.883281950384742,-9.433208599550198,23.611707830990245,-1.7549346062148743,P
0.6283882048591067,0.3202263307010558,-0.7270674038014704,-1.9339248987259126,-1.4526492988970006,0.7355384245312848,1.4961230604119908,-0.5322457758704786,-0.8019724877813701,-14.922408208027154,-14.575287206037473,-2.4364906072136137,-1.8960632572781435,-0.5434828616870746,-0.31630419424709544,-0.4193561993768071,0.2246556773467887,-0.3827851645346527,-0.04826606970997638,4.103676144699364,-1.6976680195660379,-7.411941578982676,23.2442425502589,-0.9108911127282795,P
-0.910567304102301,1.78004534355442,0.4441679422375273,-0.3836989132981188,0.2633258661464879,2.2692264890374645,0.5750823217581722,0.3194260902918984,0.5644003171624377,-16.102181226290206,-14.780945178830734,1.4777823397957377,-0.41181076947410133,-0.8252934357655235,0.27895039139872324,1.7870698221473518,-1.339958175866144,-0.6015745750179349,0.27481089576445994,1.8612766856199698,-0.6735987642722989,-8.015063720683743,25.658225556110562,0.03455141148697294,P
-1.450977355404973,-1.4819456856412554,1.845369092018359,0.09915238959534634,1.7375340385605966,0.3102305698314467,-0.7233338560691447,1.6577558784308621,0.203043773530851,-17.80267902184398,-12.567595298802104,-0.8086274507957114,-0.46488543618352196,-2.1568316508158603,-3.0884650100082354,0.558969160261114,0.1122586223897315,-1.1959501439429232,-2.5480398898793633,2.6496959896866343,0.5968400591688123,-8.611534360211401,21.919628283470633,-1.6189383080937887,P
1.3929178723638813,0.33624451422369006,-0.3727122554170137,-2.0195813263078364,-0.053917062613066946,-1.3224497517713871,-2.3484924646222503,1.314854902310202,0.3802143880582207,-15.05652478386375,-14.808907828076883,1.8595060388907427,-0.8326234401515933,-0.9171942776640378,-0.573855043989056,-1.1826591430941136,1.269772057028547,-4.6956407702685965,-0.575370154665602,2.3764346631082276,1.7255914013898632,-8.82995063863301,27.57035147412351,-0.7492680028848895,P
-2.0976768309997453,0.08891414250508767,3.1799733466934867,2.053767510461533,-0.6342313881442294,-3.779247162555123,1.0358065029377226,3.8693349103967023,2.3735951391718118,-14.829285308009368,-13.844156845990852,0.20207794990426464,-0.8611301032021856,-1.9012208628934246,3.7041753653276714,-0.38555621406943885,1.6897722696849797,-1.3998376967479658,-0.7092163004529921,2.182997848027611,-1.9633243656756463,-8.724204026882507,26.06166336473856,0.2198342887228364,P
-0.6374477254602766,-0.7197283635549345,1.2573307398460543,1.3173422608525982,1.4162244422874437,-1.446409337107923,1.9083855585307514,0.8717772004136748,1.0339378363843252,-16.486887231541992,-14.379269197628446,2.458043597882181,-2.491990251498322,-3.0645702872297136,-0.515380326352556,-0.5884967449758705,1.9032995521236415,-1.8512107392041344,-4.6498046778489215,3.2186075395266727,-1.054456868857244,-6.692077279534304,24.33130163339487,-1.8359667024217856,P
0.25657825839329007,0.09638007380629254,0.7634771734044534,0.21277256422769852,0.6906549373294979,-0.3189645891140458,-1.8405286347402452,-0.1753713530807488,1.176077612968129,-16.916525682475253,-13.145062071925821,-0.24534780262331424,-0.48701132934047564,0.517375993409388,-3.803949297736267,0.07150272959705717,1.2435719360077258,-1.4318171082917388,-2.218311455486053,1.0776125449618235,-0.26472331355108736,-7.872258295987024,27.278088494900867,-3.0976559290815544,P
-2.4992145302892084,1.5665160342341853,0.21136983106845264,0.25431039193954064,2.6694324749558973,-1.9597500756719342,-0.9581756723110715,-1.0422470766649496,1.6624933689865316,-16.417520267262198,-14.37614734604827,-1.6042652598931681,0.22701453575689357,2.990272517553919,-0.683353384716554,0.48593771666091357,2.2766034928405645,-2.1845383648758343,-2.2569991909853533,2.197116418899114,-0.4077417754430712,-9.720719875616233,24.309989793182144,-1.3320391591614111,P
0.1601972565108838,0.854932173698753,-0.9232905428091271,-2.963835090740858,-0.550203377150126,-0.6995943504086313,2.0853990664072146,1.5767138812721555,0.6436699058572799,-0.6870681621153807,0.8705045856454774,-5.385601012906875,0.5670626982949045,-1.1698184510657441,2.215605372088419,-0.3656006247404804,-0.12570617689573282,0.18640553138760652,-0.6600760042440796,1.4225458744102752,1.9428439134974838,-0.9711721586814273,1.843245749149986,-1.953357634530846,P
0.3547234386596756,-0.6951582281535496,0.47396121809657643,1.3937672039048579,0.9607874664717428,0.0005595355147534065,0.34295576215112433,0.5453111552929499,1.9590152212295493,-16.85299634424272,-13.987369308541219,2.0476330163193097,-2.4419003834447324,0.4789603279770631,-0.8730139187769623,0.1548519212540711,0.44633331423123934,-0.41935477885880346,0.697525823516556,0.625168445984329,2.747020761896124,-6.636421153675944,24.681663249434575,-2.2240376158833897,P
-1.2045993362361003,-0.14185512559121438,-0.024054448882395718,-1.1129289258034234,2.3938712138867118,2.0158364418001042,-1.480392807934642,-0.5235602383854712,1.9340561230695812,-14.662045646771055,-14.887912521431844,0.7305393613243041,0.2860675822121266,2.890499490315122,1.4094468695873843,2.492679847130333,0.4607215514033669,-0.8227614243444918,-2.1376778880438705,3.156841825597624,0.8710348646074522,-6.380538823120221,24.303066538815226,-0.6139227372245841,P
-1.7144582676955338,-2.2729410364315,0.732386196223274,-0.9401240027242892,-0.2856346720013221,0.31899773148126087,0.5488832100786141,1.0944055565187227,1.7660792810782482,-14.654579497117275,-13.59777468416425,2.2624787271772675,-2.9528484748394703,0.30167555906554355,0.8286555998793688,1.217341108917573,2.05221520457566,1.6145427384188906,-1.3563204766172097,1.8512322390458849,0.13912242602924607,-7.401896324185798,24.050713533427565,-1.218379325486353,P
-0.8668586616346374,-1.0461989897645925,0.15027043600696288,0.40173190169521433,-0.17065748699795336,0.2559170413476295,-0.07677281859990792,1.6020967180757566,2.815543690677714,-15.146525286851436,-14.583159954088785,-0.6796374914931675,-0.45307304831143824,-0.6178722546606892,2.1849411991175884,0.9925440231943838,0.7212198399333971,-0.529295859219701,-2.234736744908731,2.5814150559094884,-0.8825371281545245,-6.911579518847905,22.950351095760748,-2.048622659673981,P
-1.624192021849268,0.39380113693169605,-1.5457093356718588,1.149831119174813,0.6829160247384607,-0.6060789353032874,-0.363198266279662,1.886351401488355,-0.9649095657826479,-17.363675240564152,-15.088678885481983,1.450185473412489,0.6205427654832931,-0.6682348752948712,0.7351331974914501,-0.5214385683915026,1.496468371775535,-0.16465675650829326,-2.730347653378198,2.5071597676688953,-4.220822106546336,-8.55167007336901,23.498903357734687,-1.4240242212902103,P
0.0376204212582536,3.644117822396842,-0.2651864549450238,-1.6814361488032432,1.2292964466488456,-0.5031416805485946,1.846756530593419,0.4079339989015409,-1.3446589570881429,-17.687566130279983,-13.169767791334266,-0.8918474502212348,-2.2350254497272317,-2.569771963542337,1.843733658596932,-1.7336550138310542,0.22425038043422774,-2.32841930047573,-1.6826552998199746,0.981911332488778,-2.38600188131835,-6.5741134551704485,23.537455603137996,-0.5994688389284306,P
-0.37966519068407933,-0.5769230711751314,1.4800616129193713,0.8608267268529772,-0.9321960728161116,-1.9019320521284158,-0.95763259405682,0.06449558199329886,0.7214285015957103,-17.286570547802974,-13.23410902315075,2.171809897859248,-1.8085018492827203,0.28918660960486164,-0.45383951730809713,-0.3860987710392578,-0.24909823884559046,-0.7224596731603015,-0.9948272325647349,3.2020478592956607,1.2159688361678604,-10.27239413060327,25.15243256719962,-2.0297890332245743,P
1.2336873820720484,1.0933033411621693,-0.3326387812406324,1.0372974048458516,1.5594337978445765,0.8520525217191448,-0.06659183175533023,0.2573887975352136,-0.13882452088728314,-14.906389298244846,-14.132075986284406,-1.4292763898334897,0.3702266116592341,1.5434846100268658,0.31925165651114185,0.6276566820791203,0.05537856558561316,-1.9981631240493698,-2.636275254929236,2.4223178970545973,-1.833451606024994,-5.704656473798473,26.06315730375422,-3.0654642477591096,P
0.05594675165897911,-1.0577375755827827,0.7770592355863073,-2.070213751331252,-0.5126021167880026,0.4173237939900787,-0.5575873851474249,0.9852623105973066,6.421896152410682,-14.9634030178985,-14.798185290583064,1.7486875988720385,-0.9268323775764884,1.1252504399503351,1.1151104349684715,-2.45637017587525,2.425518461754052,-0.690930568504541,-0.3409357736326388,1.4289262921779624,-3.3058128435638423,-6.601534240424932,24.053836387876128,-1.8996998887552081,P
0.1072596841524387,-1.6471493050760788,0.2755308987031526,2.123541558175006,0.23848476468560875,0.5132454303729901,0.7468018094101527,1.8138625700933915,-0.3488492276975421,-14.489104352579943,-16.095105763155374,2.047191049982075,0.08475480161609994,0.35882374938697126,-0.07846775520931715,-1.5336998719091213,0.7912638404813492,-1.5641048440365921,-1.1058680037880362,1.8649428962260544,1.4811797637254926,-5.1114437401413575,22.58220607567714,-5.366101471360935,P
1.1973030273987035,0.9790045603670325,1.7831602656166865,-1.1764589700138615,0.556400184872615,2.022846647099243,0.24101005207681858,1.1994722063570293,-3.938120710967837,-14.515710787190578,-15.157097555722004,1.052912170686966,-0.6095930667380003,-1.1160626106088785,-1.906710793335094,0.9166618166271121,0.3351541315831241,0.5416352224226557,-0.9614334486232072,3.5028610215685205,-0.7145547626196276,-8.58167015369234,21.56940100864065,-2.591536698975119,P
0.2214206551250868,1.4215385196737778,1.9283641175150024,-0.7092190826554798,-1.1841417272235049,-1.8283462173663452,2.114856222234696,0.4344039381204823,1.0845318934934198,-15.783041286554827,-15.779629125535195,0.2550808243562983,0.2690992426113894,0.11841759563472465,2.0697507639065407,-0.8415284039942748,-0.03787542020339174,-0.07025876199645609,-1.700573808390633,4.255035965173164,2.3915909528781185,-9.318366938355867,25.920216097249362,-0.10539256321084167,P
0.21110394618494865,-2.2453845139779656,1.0510316907792685,-0.24849462573028802,0.7416950620069258,0.28832596363798757,-0.03537009848945871,-0.26251732155679974,-1.524245348623424,-14.944262541343733,-13.417774427319472,3.048919642936653,-1.058503395874908,-1.345474306270468,1.5193852986474212,-1.22691241731264,-0.9445270991949428,-1.2977911410088154,-3.6441938338819275,-0.18279481223248695,1.0563128811250522,-7.3163759203367436,23.939264432467123,-3.0599834288163947,P
1.4381171949565044,1.190362055299527,-0.02559148534663791,0.16281785038039231,1.0784811163850918,2.8022888465300184,2.5573901657907134,-0.3837405986531053,0.299839206885963,-15.954081958753513,-13.993884259116527,0.1992322202661967,-2.553210653590156,2.36746750126499,-1.292184067117205,-1.8722525108649108,1.5418074814465967,-1.3179335158674235,-3.047587472717156,3.4450340498844128,3.8882545392487486,-8.12352525355701,23.62813322179476,-3.4627346230064973,P
-0.06975692017184087,2.112760323882668,2.648668691230057,0.4254866360624803,0.6960852848929449,1.467670285877091,2.4847657175927136,1.1382446650850966,1.3241315581038293,-16.58245282375976,-12.839090196152569,0.9725359400413822,0.12371090435843257,1.3109515599040265,1.038888516663917,-0.5845598979968045,-1.8555242327520318,0.8769317704288824,-2.2063656997939622,2.099785098252994,-0.15062808655557092,-9.918095404434037,23.55931127763999,-1.2696217085198214,P
0.16657589984018273,-1.2457465571752993,0.7766180149273509,0.015939463757753458,2.6546382987592665,-0.5743257404856763,-0.6593971262927703,1.5688331655092895,-0.9298666036608552,-15.818606680960691,-14.635964464283035,2.141148818072793,-2.85524479516522,-0.3146140129813446,2.0465293725480365,0.5965717497259533,-0.5318581616154034,-0.07113954625128827,-1.9089448685872643,3.597205838164797,-3.1172579019809064,-6.202439211165768,25.590215224184252,-3.517483627663978,P
2.5557193059443932,2.9030771248243816,1.7257829103777453,-1.559399750860642,1.6123737039001185,-0.27495448544823375,-0.1652795465521315,0.40101152128295325,-1.1889478063793604,-16.174398925919355,-13.352616650059673,3.3467688303129535,-0.197326726439087,1.4856570445618331,-1.339926953897816,0.11670755156771406,1.4854715489177721,1.2450779642655334,-2.8850987625111375,4.2624995429269745,0.7867155143088098,-5.34886453244591,23.008993494370582,0.46291174205998686,P
0.7151289937978902,-0.17850666399130422,2.8223413284790695,-0.04066685658457203,1.1862658881964876,-1.024601945281006,-0.834917777234093,1.2760292656666365,3.667474362473172,-15.884308463394383,-13.887328724304922,0.1683476855253616,0.7342990678465071,1.1209058277251884,1.0242240608876045,-0.23949140398543278,1.806242323517452,1.7501015995083549,-3.3583114665601173,2.4969801116531016,-1.0226975981417468,-8.214747066126726,22.325101776813657,-3.3205948188050343,P
-21.419143845502504,-8.628144293325011,-1.4938367930963636,7.825713143810411,-3.797151804652515,-2.5858821546453896,0.5114361934451441,1.041315658638041,1.687630350657173,-1.1238108613026583,-2.3909796810930573,-1.5652780540771118,-14.786448662529494,18.074676852748567,-3.2513961131924134,1.8021721913608886,5.547492518636616,0.33231137706411573,0.400004519691302,-0.8437165002605695,2.043422744406371,0.7014760107287543,1.4729104889399842,-1.451298125529604,Q
-22.90366850591505,-11.375112754055325,2.4138649322377432,8.458699421394982,-0.8289149280396373,-6.460735421710922,1.1812099824582818,-0.10452061137931423,-0.48947867635956754,-1.6483361368998644,-2.4325204017608257,-2.251646335238661,-12.80223728369836,16.548615224225642,-2.40428650068003,3.345339744049973,5.190750536612427,1.071014128672573,-0.2955611407077119,0.41954211701971644,-1.0988652564685708,0.24020906946508802,-0.12645580699105707,0.6563971924939551,Q
-22.30529998116515,-12.555022302933462,-1.868984161238302,8.505531613932455,-2.2653823015726005,-2.0747330200741203,0.5442867912237404,1.703894134383063,4.0458816133392475,-1.629739391067936,-0.18170199212156035,2.0237642849889426,-10.366945485939596,18.721375099354916,-1.209399783034712,1.9288231647197307,6.3307493186710815,-4.358986694335385,1.3939411586906174,-0.10308364992428665,-1.3818128347261336,0.18835379112630424,2.195217462841793,2.286013935901053,Q
-22.83294363196228,-11.198777995069147,3.0903647952538904,11.103721626385301,-3.8933939308411993,-4.264774430080195,2.011572073479587,1.2534890515078132,2.5796350213656183,-1.1193311639155112,1.0700165756014997,-2.210910947220782,-12.407623870988033,17.53413497172238,-2.406912061872049,3.7178288965008974,3.397945608009749,0.4549458643025446,-1.4665113238856842,2.0270541017283676,-0.05070172422875885,0.6201637654363914,-1.222881616894444,-0.9248122923141295,Q
-22.847878575666357,-11.773121815545037,1.6480033864851293,8.984445733255917,-1.2588213536883188,0.3546908411921095,-0.6474325960119511,2.1750729331448895,0.9423689710527583,0.39451485460383395,0.012823513393158237,2.34088997653663,-13.378075757609565,19.564225845751352,0.784857333498735,3.664615447307547,7.224641584439709,-1.9324173175236297,-0.6561040618430427,2.3620732642818325,-0.5675519014240535,-0.7837276687368551,0.19091903607126426,-1.2309790801305667,Q
-20.68855673977302,-11.049049385670129,-2.7180611771107692,8.923223755228015,-3.716651294277085,-4.774181052367055,0.4800787736846255,0.9289182032240717,4.20400492313496,-0.285304765105721,-0.8730636533162226,0.10769869953753641,-14.379749819380464,18.608840559946643,-3.2249038450486296,2.3596837514471005,4.7418362857595895,-2.7742742610598157,0.37407696089378417,1.9909433972114243,-2.498518239844884,0.19025431818283067,1.06770686730437,-0.7472001533329262,Q
-22.972629670985043,-7.589004044271187,-1.6469139868269167,9.540327856624813,-1.4784639307086422,-3.5205997524341797,-0.5847176965086831,-0.07994762272244316,1.215456554568732,-0.047476421511483125,0.4579342659649228,-3.6370606175757416,-12.803596282545044,16.406894287592834,-5.735131100201045,1.6551587748116887,3.8407503018618314,-6.142120167451253,0.7612262614312848,-0.10186359581567217,1.1314796833027572,-0.6242253730658485,1.201553509293685,-0.9609501036209736,Q
-23.587423584813337,-12.953710066250064,3.1392113412716185,8.432772127177365,-3.3073767261077194,-2.4643392300837377,2.2583593906239727,-1.4142034522703284,1.4795898663970775,0.8400355921957541,-2.1421563891936444,-2.056292988634141,-13.57925210667986,17.43137481213064,0.9561160441269863,2.709637919844482,4.265229942632644,-3.655544090581145,-3.0151087442264424,-0.048106198409954004,-2.5707887807986367,0.639032572542928,-1.5450085767857864,1.5720563003753796,Q
-25.296475733692773,-9.670949810422421,3.3533960772904265,10.216346365259781,-0.5162895988364369,-0.88005779891148,1.0063683556134855,1.2143960477385463,0.5645892477601819,-2.7435396435767316,-0.7970434133955848,0.4438694863994783,-12.457307620501979,18.89024261619619,1.418866868239661,4.9014022266508235,3.553374381363298,-2.5092693892943885,-0.06655656661598508,1.3306724715428544,-1.4013068560425381,1.284236237266497,-1.1433342509204643,0.4636752344198385,Q
-23.92000141706552,-10.571900058469664,-0.01444847583286446,9.964264755732323,-0.9309959368817431,-0.03798281349361332,0.31514665410798237,1.624757911647265,-0.08673731407697005,-0.34421817637993257,-2.4550513363664663,-1.296343540104715,-12.154593862128252,18.01929419753148,-0.8239565297117792,2.0290052379762784,7.3202059649301106,-0.05313449994196162,-1.7639322436093252,0.5228448577468043,1.2996861389995047,1.0871321189538499,0.9720054856728062,-2.9486326567354126,Q
-20.899776741408004,-10.506741620569251,2.421969213425882,9.974446496885818,-2.0276954124764757,-1.332959371574816,1.8194906003254054,-0.7676443575349197,1.146696501719532,-0.5964358549505775,-1.9527909642563657,-1.9001400372943635,-11.958302562593133,18.144044063861728,-2.340336819057086,3.4003169470048604,3.106769606922711,-1.183638158737267,0.7096424384764508,-2.2529021669964635,-2.6397764036422586,1.0909330363807745,-0.1284923478553317,-4.81302093533418,Q
-22.586564880923873,-9.821764315391055,0.9165301524724327,10.610689996020284,-1.246202252280483,-4.370776782005066,-0.09562263230663426,1.351362901506036,4.687128978608996,0.3793108107623553,1.1585211148496057,2.701149019682134,-12.168573660872426,17.711827954667882,-0.21292728365335734,1.7642991761081745,4.496405457647839,1.0234885657131372,-1.5141584131372512,1.488002876661639,1.1507562979450086,1.2364533611363537,-1.2179945581703358,-2.3027890680228893,Q
-24.50181477708128,-10.944524544642029,-0.9898996388701562,9.619061675403984,-3.6762010315773637,0.6963336093269845,0.40378931366210047,1.5707306408080228,4.253047030212144,2.289537296070854,-1.4692605002566381,-1.5354970681024724,-14.229207172653076,17.624949819366478,-3.4984394984176106,3.6616290123019795,5.713917293220803,-3.276665568769772,-2.0063756198225047,0.3379577424063882,-0.12297359083294168,-0.19920272907250203,-1.298085269945208,1.627681642835114,Q
-23.9991423486222,-11.100497328509618,-1.8939578139355717,10.211323877878314,-0.3151121864840434,-6.833264105472608,2.4577711490403535,-0.34166974208403644,1.9125510601895144,-0.1553941381117241,1.0154447662212078,0.22836547962094755,-14.62803002266898,17.598071341605376,-4.7380029838178075,2.649231045960235,5.720435689106424,-0.7465059991200746,-0.6699502566950337,1.7833864232405716,0.24100870731467694,-0.2965330179379504,0.5722315539537384,-0.008496932223238218,Q
-22.751497919005374,-12.351402311009572,0.33770725274462166,5.224672568618942,-0.28402807230571625,-2.9075994574769766,3.0071376475732334,1.949734574675773,1.4116865151527804,-0.9875207728044444,-3.5953246661573814,-0.28059249284081034,-13.78382069859606,17.047483066956005,-4.438626453796246,2.5719912386932506,4.7536465953983935,-5.056077057298467,-0.542619971330347,0.8563753010332817,2.7335093093809064,-0.8114199780150226,-0.8216141966737425,1.7781395445956036,Q
-23.738378177418866,-12.804388872101892,2.1832564918212825,7.203994271947224,-0.7885971751497323,-2.136261925882309,-1.79014755170002,1.2412698132265518,1.3144556884771532,0.7724336158442426,-1.6580850460004228,-0.5162457512896594,-12.737487309659059,19.07418066247466,-3.159192263503485,3.1183706422002544,2.2294375461217584,-1.101518366334119,0.7247104223367944,0.8844736982666461,-2.6851121853783866,1.2731050570437406,4.095263517112283,1.112803923042236,Q
-20.464843739229508,-10.81054262726829,-3.3036867349886734,9.095214899813953,-2.278960083008201,-4.384349896046388,-1.6533149675087895,-1.7234348677556852,-1.2500885197560478,2.480397271065776,-2.1201652704993137,-1.2832030023766947,-12.909614072774161,15.689338695198316,-0.5425298039358495,3.314525765673544,5.539483049073553,-0.9784276620160881,-0.9000407730421869,0.4650158768737356,0.70310689713898,1.0149149195721892,0.763227345980173,-0.7217931510262474,Q
-22.870953855489063,-10.852488306801288,0.19118702994700243,9.644309485733224,-2.9156125642944346,-2.664072360077,-1.6717765459728646,1.9536678624214403,0.05320773771171616,-0.03607358022829743,-1.750117306808903,0.4421164241469455,-13.057172942701328,15.928390027283697,0.29187471940451815,1.5658374242997652,3.98464281618989,-4.042745570669922,0.41914491466052617,0.7587700471491132,1.6927947727399442,0.8245981864880747,-1.5917048797952305,-0.32977911791158476,Q
-24.996338238884846,-10.658234840769078,1.4397305819832127,8.496029793372507,-1.324797499160809,-4.054749281386421,0.3356443464405334,-0.34709792165662634,0.5067619722811969,0.9585422352234829,0.4709656446634938,-0.42776620607617133,-13.696944058103611,16.570605459153,-5.335665696363776,2.62561082023511,4.248532608791876,0.8693068013606648,1.3824027683271134,0.04637299909649073,-0.5890199267350908,2.894598291370686,-0.7126095606255518,1.5954947393777275,Q
-21.388463046665493,-10.316424893121955,-0.8379157201148928,6.59164138980362,-4.774936609605163,-2.787591857081054,0.35369853810756346,-0.2842468452284663,-0.213977442399937,-0.23276994537760487,-1.9882196354243717,0.24128852782166632,-12.510248092720758,19.348117290583303,-0.8200138519420079,2.070678599638036,6.629122538432995,-1.5384238397238619,-3.063570247799036,0.15822832561525502,-0.6794659915417469,2.0528334842089784,-0.8448273355129814,1.833331509828156,Q
-21.795028040545446,-11.628551765834093,-1.9476048440366753,6.344445758457063,-4.112083337568436,-3.0963914419314733,-1.4070706402095912,1.4645756733748385,1.7176443749343093,0.5071847070202722,1.4973436859265803,0.14361095694351889,-13.359613796596932,16.71911155465949,-0.9358633011342476,2.6064703678458514,5.355140914157687,0.07411032339302892,-2.038004592114451,0.476961340718816,-0.055732843873101956,1.6815665447954835,1.0201954308074441,0.05611179099861374,Q
-23.04606776476598,-11.002216846724487,-2.013308085031099,8.220871666403362,-2.5402689308411937,-5.697060370673398,0.34908330957543754,0.2235813002086502,4.3456933985927435,1.1160076909821157,-2.4850547140133585,0.10025464751015534,-15.978167144637666,17.22816098664589,-2.8002522701759176,2.231945986372253,5.595954018433346,-0.5894744453252088,0.48009502179806907,-0.3206849599983457,-1.1047742605073836,0.8305709721357122,1.2759420150481127,-0.2667001953118415,Q
-21.712630386283934,-10.693257541195344,0.6673027028913907,7.487704021540139,-2.12841816815029,-4.641245819229312,-0.8939483563905544,-0.6891819518770035,0.3072521039183016,-0.2768876580285209,0.09671208253024588,-2.9285819506056328,-14.639024442785285,17.582732626867667,-1.6973413903417622,1.9216292981453478,5.13740182619415,-0.505822062910454,-1.1963755969138188,1.2670064169768693,0.5371048048206717,0.5779466181939625,0.969154703718555,4.019437726465981,Q
-22.16262774879189,-10.629320881865727,1.7351613134329682,9.794717670423402,-2.0990978042813424,-3.2001911427763616,0.52351770324674,-0.3400397305729257,-2.505425919890399,-1.3536295765319508,-3.574826077975075,2.921686383140127,-15.890472702095764,17.364586937054412,-2.0838860934844092,3.103982197895249,4.228440953871967,2.143695455560419,-0.5025746423863691,-1.143580683229061,0.23772004471925356,0.10717734689896385,1.2334534025235904,1.5549775589479395,Q
-24.477783882797468,-11.403619563393512,1.4081956499891248,7.978970137514118,-2.737240772368523,-2.1518218585392788,-0.0718669281906763,-0.47280106875081174,1.8886850436807094,0.01279513591237702,-0.04840126610699258,-0.41353134389959223,-12.722143692776456,18.569473764480136,-2.3821710332114776,2.2415838621665287,5.756134116332632,-4.976795510131865,0.5472895403663585,-0.6149843730666191,2.217087731547622,1.9666343631329202,-0.9368634558975089,1.3223887624617419,Q
-23.286335902425918,-10.766017774060346,3.283753583123257,10.496799171206092,-3.186425262589637,-2.056990348711736,0.3277710212220901,-1.4666012225262364,1.58121226922691,-0.4335393024979055,-1.602835746385722,-0.08830904888930036,-15.142103058828297,17.965674111966266,-1.239836386011234,2.4036653122016673,3.4978534545900146,-2.8701983001841427,0.22937108638384318,1.5509884513753036,-0.15560182542009215,2.042924055478707,-0.24618414392941546,-1.0224915478730168,Q
-21.954526187948943,-12.989954456190777,-1.8895771467799136,7.463133789476743,-0.4904954375534203,-1.6441676909151965,0.41804259167806457,1.2323109293800485,1.4719217242077889,-1.158969230962498,-0.2647836958254004,-2.8295883954762644,-12.577713716947443,17.50006128102315,-1.0937636807121862,2.6138007729646233,5.073601128349651,-1.843060191710606,0.7124931761992017,1.339495151709798,-0.39213445962002424,-1.0124607884425392,0.6789284690408586,0.9761499089726158,Q
-21.1697777687871,-11.40769194281214,-0.7402328190172511,7.844852819451354,-2.108462654770051,-3.471757597633541,-1.7180660305061153,0.4181038920541482,1.5560125102743427,0.5517093046025039,-0.08125042862732812,-3.3828049758283214,-13.868255366675271,19.712867658175128,-4.326267166068192,2.448190089299068,3.773146450957725,-4.264818617323954,-2.842439100010914,-1.066885210822477,-2.3047009078489964,1.3944624548395446,-0.4621577416674185,-0.42329406351564103,Q
-22.65470679401426,-11.017556148689303,-3.972306047948223,8.786934288128457,-0.21452658039663675,-1.286095170102442,0.5901693362375138,-0.743478923539044,3.6930583092880624,-0.9372948322554464,-2.5294427799555876,0.4896426775494547,-14.082057100184159,19.801509612830145,-2.071177275920377,2.2194567020467417,5.092604658998681,-0.6024074911396156,2.3862489844479904,0.7348796096734134,0.7834796479520492,-0.11856924154369608,0.17517293755721042,0.38067150934205074,Q
1.2689091821728198,2.290659053660111,2.5823414317692936,-13.347640833928182,-10.267368322312478,-1.2724777865166175,4.9131205643075795,-1.4655679492522324,-3.40649190414166,0.4606517096472871,0.6043061277636355,0.6111960200665862,-3.4297391481704267,0.9032420561087875,-0.5106352666099383,-7.76730158858507,22.658849371172465,-1.3147632924068375,1.1272995291964643,1.4936314566083126,-2.1660371298116274,-2.3435648005267726,0.10716714408499328,3.6540213407635065,R
0.2616721387489065,1.8364507918875894,-2.600621198144495,-13.359179323084362,-12.011303084844286,-2.595264143584984,7.827057395438839,-0.2519893530939328,-3.182875634654579,-0.34812746916198734,0.23941759563430765,-3.9946903098260123,-3.1061237210237493,1.058129211494908,-2.0780532640824276,-7.575762745922113,21.43943690497653,-0.013001475337773627,1.15037643350197,1.9714601392100377,0.7583347328156833,-1.6101258622100527,-0.8913854890020332,-0.3347061010846346,R
-0.6734905047527491,1.7036906958058093,-0.9221695633964941,-17.347008747221828,-5.938954482411248,2.5892354675575007,5.871355864326362,1.593348638059581,-1.1914726435452394,-2.28075224117773,0.4354345269523492,-0.55456220780394,-1.864854689654436,3.230345918612336,-0.9241163860333472,-9.71214389003579,27.74024946656408,-2.1546425587919202,2.902458020859738,3.710374939655466,-1.3675405555133011,-0.45587237820474424,-1.7980367830716304,0.9734078463046671,R
0.38669615235448873,0.3238264156574697,-2.9946126046153836,-14.041442900230592,-8.768860839015645,-1.1066937636978196,6.24465914858307,-0.8376036567518668,-1.76657579572111,0.08802633625573009,-1.2551526643920567,-3.187441073179741,-0.7947672050098902,1.7433777737165244,3.1338137378266424,-6.945356128882629,23.592513056138273,-0.16214286811026568,2.224267945047978,1.5107354751519608,2.1680676032024735,0.382227125609087,-1.7300279062538273,3.9880030092272136,R
-2.5868363802123326,-0.35680729022391944,-0.061696897204114975,-12.537505121153544,-9.421803479225275,-3.151973619555463,8.138052800137569,-0.6381893180746943,-2.643035060692114,-0.35301375804220214,0.04204344681235739,2.725904995603969,-2.221459908740286,2.502880522922247,-1.35468177042776,-5.561011908829073,21.59228785436322,0.537580954712098,1.6003765444043703,1.5706005101270364,-1.6222448747034264,-0.2394923374728375,-0.0641458405369093,3.4183646300999726,R
1.024162154943923,0.9652291249797518,0.27643748177285943,-13.576781437524446,-12.543842155629648,2.618795981291271,5.434116029080242,-1.3139365016198212,-1.055466264957147,-0.25975680334851603,-1.0140641424260366,1.7682009227638673,-2.518334176870752,2.1408434165851915,0.9794740001286186,-6.969518732062426,22.22622264175098,-0.5241565201005756,-0.6063204788072047,1.5373425225307074,0.388220251852033,0.9753041285670259,-2.2861812632288547,1.6770597923595574,R
-0.6115885388131233,-0.877667022355535,-4.785407674521366,-12.216464176229898,-12.691532333995895,-0.15993776844362628,4.223935049113117,-0.3198657770634554,-0.8566181999649416,2.1873488080470125,-0.530669958054574,0.23603835051591204,0.4946925620512559,1.567314522652687,0.3165401810180697,-9.237845114246369,23.610974678833855,1.197653716351283,2.155580091655545,3.5986539180981794,-0.46305099169654795,2.109467060850771,-1.0522454349983477,1.2900820157847193,R
-2.668693169089238,1.2093015033627168,-2.1179285314217964,-11.983795530017282,-12.305335268875524,-3.876002414892696,5.670858215464747,-1.391720215672592,-1.7321943884105622,1.0434103620020778,1.3719549541211222,-1.0057145846951698,-2.699150564893074,-1.5358531432690512,-1.2697066650385977,-7.543998828525588,23.400295004037986,-0.9505578707174323,1.4749467425929108,0.28575821834252224,-1.0491061431741855,0.6337656500317994,-2.49618139544868,-1.2512425962416387,R
1.1231186609049644,-1.9488434252803692,-2.5601050671878625,-11.0046548539245,-11.268905621144995,0.411881029500762,7.705021093052469,-1.6347076628675268,1.3643168310111378,0.7090679543612524,-0.6051938424092214,0.1479951652429463,-3.6381092913185853,4.129667679247376,0.7166684376992976,-7.104043609964492,25.301021239544212,-2.213337665816084,3.17042175840579,2.1824111787961584,-3.861340957848199,1.8003720657793227,1.7780715280248636,-2.610607129126606,R
0.5669641767818234,-0.3197482627549233,0.7641671783314905,-15.427550842975755,-7.964837103244292,-3.2408941644861784,5.248414691717936,-1.9663365641463315,0.3702522928235794,-1.8497561377615241,-2.5256013335495027,-1.1211379477377932,-1.3020478291923894,2.2790330551631683,0.2994638975674775,-6.016713500355294,23.935138221016047,1.3884095967157464,-0.06102618619219058,3.828745631015323,-2.9031990060930752,-0.20365522024426586,-1.6894395307997954,0.08117872640406176,R
0.29723613673388627,-0.18983876431149227,1.546665222997035,-13.580854377712214,-8.829133331989738,3.733745949033789,5.8463784931892935,0.34040736492696055,-1.5769215861180328,0.8794289994046451,-0.17528794149717442,0.35934439017933073,-1.958654387737539,1.4561382743870794,-4.037920108017943,-8.834814349351568,22.130657536295487,-0.06928635651530612,-0.9956416323001553,3.3403272728554896,-0.21229680705988585,-1.4742434361466534,-0.2042359319487943,-0.40983107125748575,R
-0.2543023220427756,0.30835122543224003,1.9929945245118006,-13.07764079388248,-9.992075436415632,1.3755094894484046,7.3638899044365145,-0.5734412634667194,0.8376027925937706,-1.3090783499462404,-0.028135963405759412,1.7528686981897863,-1.002455066249638,3.9434235362748637,-0.7699414708749259,-6.074948958798359,23.371653676995606,0.6875933826850655,-1.594012691649918,4.041730073402562,-2.062886611040369,0.6068878373344617,0.1565784361826843,2.584399780826459,R
-1.8483734470560194,0.13907532577602133,-2.3586222443036036,-15.09374959070557,-9.061123403972516,-2.939103155489363,5.834975823950466,-0.6992771965478539,1.3916890548781566,0.7440895023950915,-0.5696275935802078,0.8871412088391821,-4.4156688737828915,0.22410147322580798,-0.22330704881437669,-5.94517487725318,22.080705149240885,-2.172600924530002,-0.5193068367151064,4.200962206948589,-2.7060996949894047,0.6903718617102728,-0.1850958610292608,-2.259538130125293,R
-0.31199268268599667,0.1530570530136366,0.8127825088160989,-12.938501281876512,-14.444290570704055,-0.44113443863062685,5.488686207477883,-0.5005425299047772,0.15365150361958513,3.000469747552067,-0.8519818189805619,-1.4881825536660926,0.9886740123349398,0.3694857654831267,1.0482440505917339,-7.602368650617784,22.525138404673868,-1.5488820828391567,0.2750822746279109,3.6456229495227177,1.3938877665667633,2.8236299305415455,-0.0068602745090231565,-0.6684702247854943,R
0.2664234218680974,0.326405565922089,-3.0635967200088317,-14.697777441516862,-9.920399808720134,1.4668320301458948,4.516197479487557,0.6595484041927193,-1.0304999861905344,2.7817831233098858,0.19815069082926584,2.0023101850835587,-2.0858480906769614,-0.137391184327754,1.1205047320202652,-6.401554787545308,22.55663008732199,-3.0961442003890625,-0.45930686874518667,2.0975666983075314,0.8119877007260925,0.41697831174799216,1.9744973172149543,5.231287264034847,R
-1.1766980541111423,-0.8262189076065436,-1.0800691144428924,-14.22985885564897,-11.4187709709621,0.2450019089372404,4.039726822261909,-0.5247070248982482,0.031007184473708094,0.9152662885157525,-0.876011042392463,-4.00147827535028,-3.221909469949992,-0.23268570864570393,-3.7116097301633886,-7.413274711298328,23.33826003807407,-2.102525218842061,0.6092903779545633,2.7492858736203942,1.398272907792773,0.8322271876680434,-0.6561367783351848,0.8851497123345098,R
-0.8551181632342661,-1.6778932921595153,-1.0194140056069614,-11.35813853903391,-11.267954370283348,-0.5574275664586708,7.4479170841480595,-2.2237112542755426,-1.0287489124136755,0.23680486673906387,0.844848191757194,-2.726214719469681,-3.0273865881184463,3.357676305089157,-2.1360854906448594,-8.097981289617763,24.516405026397294,-3.1430108322205683,0.011733978383688282,4.214671862986478,0.2473978404054833,-0.2532027729560875,0.3811036116656652,2.6945564450921893,R
-0.593396706697888,-2.2569882650289097,-0.19332625417524696,-15.223931409879128,-10.923839236436862,0.16594558425890682,7.965926160169438,-2.4388729394424047,-3.5032883317345522,-1.8360454771291472,-0.9404866482146872,-0.1154627276798692,-2.807073687661557,2.304418097931965,-3.9003877124350197,-6.141465072079612,21.707672621645287,-1.6106398566744247,-1.01315307156964,3.6970706771921584,-3.0913300985616274,1.0074759743267672,-0.9441908173711724,0.816157063066214,R
-0.9434844205695185,-2.528752836015973,0.2057065733487775,-13.573523427143499,-11.76194181361177,-1.3178114969239232,7.168279068463559,0.4092291848020011,-1.6485308484377583,1.4049037721384465,-0.8917571322759272,-1.2902032868391302,-0.6457166192933244,0.4881284188664097,-0.7408119592445814,-7.510197693630715,24.077263498297924,2.077619464857719,1.6818244415343795,1.7481564608614235,-3.160750932926021,0.22503261765096294,-0.2727877385756088,3.0517559974642268,R
1.4680525910387416,-0.16078890724957873,0.2398642771453865,-12.080853956542,-12.649175123120301,1.0434949481676767,7.693618367715152,-1.4207704782618862,0.548733561382619,-0.3653672356928439,0.27742664540804185,-2.114538279813246,-2.699558506202095,0.7061372283660177,-2.0607464831593347,-5.5653569940076295,26.305680320912657,-0.2464617765255639,0.7417791639690599,4.246164608916729,-1.2321923347571442,1.5014580515650175,0.2913746806011446,0.03497364938368719,R
0.6099961989732208,0.10350950113789636,0.33337913989646495,-13.680220602872836,-12.834202191245424,3.879385056163983,6.724794804957146,-0.9939818581977136,-1.5092530407101208,1.9208766414591452,-0.13198429905159514,1.1015463894812,-1.4770255002675867,2.5265001893885923,3.3142734568328933,-6.519111274063448,23.953464220004136,4.40322768985601,0.5366661400989274,1.592590247935476,0.46290140530044255,4.611684242410388,0.6246329616357258,-0.39778159908735233,R
0.5237984710276464,-0.34730495528397043,-2.8459075441657546,-13.675062569458703,-11.774699376447614,0.139881639299972,7.444251886820933,-2.1806800606156855,-0.96129559188023,-0.061837504943490273,0.7549830932613872,-3.453740691171447,-0.8381988003418144,0.7776766420253054,3.0635150190677223,-5.024676043963666,24.65622357522986,-3.8436107995212296,-1.850166617808842,5.416842753691014,-0.8123644152329348,0.16123170711767987,-0.5070866638459322,1.4707551921315485,R
-1.115341993789599,0.0018353720488146763,-0.16945007434634363,-11.658409903824193,-11.920898073775106,0.30194318041276347,6.6027586021725675,-1.0419003936632976,-2.7435568698514885,-0.5114301056321722,0.8790574578329142,2.214964540508106,-1.7812324243608373,0.3587621405416712,-1.3305889848384709,-8.404903549746834,22.789979841689984,2.02680805630996,0.8691094917042888,2.8098301939814974,4.087206598757064,1.5588788378767404,-0.9155486324534294,4.906280442458581,R
-1.3733993939018774,-2.0419656380916624,-1.0205071148758975,-11.78234776092129,-10.569675216468141,0.057536762497022664,5.526152264520613,-1.5700927118502932,-1.95623925725954,-0.5442813567424096,-2.7905796232615216,-1.5884859066779882,-1.0972054628400656,2.01595659399257,-2.7909120458538155,-7.605491223710835,20.326856233622948,0.4508423199552567,-0.2854154008912779,4.0992882073175565,-2.659235079251232,-1.8379087515071597,0.8830946454355058,6.582325303574578,R
-1.0815424641745892,-0.4363546842471413,1.0333186570945259,-11.902618095570688,-11.253432601445866,1.7171552679145066,8.46289445125575,-2.1258403455642565,-0.3680135741076356,1.561148082888593,1.0840349576782558,0.3113751762016932,-3.9734047346161105,1.533513584534056,0.5066441175370073,-5.977618739408726,24.485183016954252,-1.7827723918925358,0.4078425605005904,2.8295144944688957,-1.5876414485597934,2.4284716035381324,0.4884796550630419,0.3814285286611607,R
-2.1605911801716786,-0.29992943161752184,-1.1151100328535222,-12.387233342097488,-11.100445400048642,1.7024797926688393,7.201265426959418,-0.15696679770385913,-3.35742922186472,-0.11627246508007971,-0.5825265315132526,-0.5250026330725177,-1.3158940134180455,2.8365454437809134,0.09578331193932854,-8.325085386871898,23.944911371844142,0.011751456559125018,0.5112813756649413,2.7715491718276724,-2.420520562495085,0.48077918684213383,-0.87170200323731,4.028955803919246,R
0.5273259440285187,1.025771979444185,-0.03126617680146637,-12.29465475450072,-10.5413065867709,0.641185029871906,6.906966818850533,-1.1723529044452334,-1.2054857078304622,1.6458554655740585,-0.7167798754665,0.5529485133941421,0.31890338576621957,1.9137395816993816,-2.008404058809788,-9.849111889938584,26.607174018273298,-2.66098786753588,-0.42727068124205214,3.2024104662590673,1.8607986475056464,-0.6360081404107749,-0.1640548695007169,4.864897998931269,R
-1.593443242552354,1.148215534611543,-7.259281285902546,-14.172438396057004,-9.676329512238397,0.2209192590503335,8.711717989341206,-2.381179761791998,-1.6088932094654638,0.6315555705766016,-0.7037480272667551,0.9072867044998247,-1.1662992758084556,1.8703008402829582,-1.0511344402877967,-7.644450398924263,22.346223855549653,-0.3408481439781781,0.766213452995105,2.618564718393344,-1.9698052912228263,0.9142182077153302,-3.4445076944342325,0.6748984297676088,R
-0.40498065461753185,0.9386227768902486,-0.8424534514408606,-12.549044179925147,-11.923884419023125,-0.11613598522279744,4.867238237916092,0.5756559961928644,-3.1018436489185888,-1.9443722708170625,1.7024979681641526,-3.007416526552163,-2.9466193872514452,3.2725637497708675,-0.45873478097996667,-6.909789800652682,26.102738474712424,-2.4540273188933384,1.05969769206631,3.551142564454409,2.5585546527022416,-0.8223883701190728,0.8004252449139742,-0.08899411079727315,R
-1.0277861507643138,-0.13513304557195305,0.169568844895025,-11.920129544495587,-10.777776128294704,1.8676178646870198,5.58615229093545,-1.9767887656098537,-1.4328142128502463,1.4380260842440649,0.5278802111868401,0.1390268637547365,-2.3460764643469076,0.6973148140196059,0.5171510849348806,-6.641555330233466,21.404278625074284,-4.6894099513258425,1.5269375562570913,4.6149876094492015,-0.4253879366908109,-0.26718461204006605,-0.3017018354596672,0.6050426439662715,R
-4.177541244576275,-1.5912299526331113,-2.4503129888331046,3.252742698565818,-17.802069094006754,0.34091546989941435,-0.4719964315427507,-2.1168756766344643,0.07696278954466607,1.5056684354895182,0.8469357595310782,-1.0901187495576323,-21.748790823129838,7.515225441358865,-6.169650541969645,18.83176327417989,11.571918452198332,-0.989248496490859,-0.5347358147337404,0.08205790013120406,2.1695198306260295,1.5007059072445017,-1.280573644922832,-1.5646878524014483,S
-3.8076276548915757,-0.11729316254006505,-0.020030437486241226,5.376363977216457,-18.024285973734948,3.1669491182220213,-0.9887838020562221,-0.6068340815897386,-1.9054624824346433,0.32290837117889026,3.034491367805799,-1.528135642763118,-24.298654170662388,9.100746656046859,-3.515314311721795,18.255112476883994,11.821693008768278,-1.859788124601721,2.6251739115612756,1.8626475397862805,-1.7868046819765482,-0.7940905862296868,-0.10527956801190186,3.2291008124034306,S
-3.4716577593086413,0.7327521225338209,-1.2823689843081638,5.080572016375065,-17.330346902839153,2.5697179601338007,-0.5510009794731641,-0.9068325764241081,-2.431949862242334,-0.6905755065641017,2.4877017479802817,-4.3561359211497575,-19.98490151383794,6.8054064175015725,-0.8653631950821818,16.38669547751587,10.947076798383122,-1.8275969680159392,0.5828660636072325,0.7260404136970351,3.0415893698299783,-0.7688416771521931,0.16553551748979345,0.7784378214709022,S
-3.7914743555685106,-0.13385418870329602,-3.7041253385926893,-0.0186134957016435,-17.507768507185517,0.3906200707901917,0.6122115662755938,-0.6723993858927884,0.5088469475799116,1.1382031254143499,0.4284282707107536,2.195161448759791,-19.40295441502394,8.168166717943684,-2.9476503508549854,15.210045046154725,9.73119473957064,-1.119332586917892,-0.7564099776113722,1.9552256509774253,-3.367368436925574,2.2579005980890976,1.5588375425727676,-1.412705204061183,S
-5.106319003144392,-0.8938995561556542,-3.0442651781448262,4.2660920952843995,-16.771612813406335,-0.3765499195767461,-0.002720566894145904,-0.1758374603413131,0.046744228449881575,0.8854426689321429,1.9987452447810483,0.2024446551989172,-22.87304490999972,6.980520047149085,0.064532818686871,19.104750567406036,11.635719060285254,-0.5409414073541257,-1.1466814551002842,1.2610167066481068,-1.910322604770613,1.3637376941674546,0.6982044502362399,2.4108972013315793,S
-5.433333770890414,-0.012089558165527592,-1.9733344555327221,6.318988627714241,-18.55355980174943,-1.0723243535239817,1.6280036573517904,-0.008190967681002803,1.706790891345804,-1.9961861184236014,0.9298764609769421,0.6319104125429931,-23.478066694855528,10.46608505318082,-0.22236285041304882,17.807149166193504,12.663050182083822,-2.39568894827255,0.16245879926131934,2.6055879747211463,-3.006223003128639,-0.38630769916573104,0.8188833493194352,0.9536433801441717,S
-4.302699590761023,-1.2739900893323535,-1.5031311559887968,4.741612231845728,-16.965596196930278,1.6759613042637511,-0.5637611807180356,-1.122127282328563,1.5747383204677021,0.8601927976307024,-0.6408454854977208,-0.49420545372538527,-21.542726469428658,9.428167166041163,-3.3372697345158713,17.971537655377297,9.63047242578034,-2.6979160134150106,1.529834510285946,-0.020838894666937335,-3.2749359677690677,2.276226308601492,1.093227312873445,1.0714704788697986,S
-6.5369488887186264,0.3739737973925319,-0.2394817894287371,4.28224677376722,-18.204149812862823,1.5386426974339997,1.2966460604495023,-0.3523103822737994,2.015589951459617,0.04775094673544089,-1.4945562711002935,-0.14884117050462464,-19.450598540845817,9.277352667761193,-4.461850773737467,16.363619275951827,13.067167528109522,-0.6112407613205164,1.8078434811604138,4.448077598744604,-0.8455259429794069,2.552742173603776,-0.327089731967245,2.855699381142813,S
-5.155461113977566,-0.17267771323880687,-1.0552686568725562,4.908445344743647,-18.420254753562062,2.4370004098474283,-0.5772001431517086,0.06145055986598891,-1.7009130434057056,0.8929086632362555,1.850508939854933,0.15996175608972862,-22.77802108419465,8.93581392521245,-4.491637255637897,17.93556371552482,13.797349958325086,-3.4519501334482356,0.12987962957259835,-0.27454783678685146,-1.89981193659861,1.0835566153321432,0.038340490626040946,2.583697781524563,S
-5.151658748022925,-0.19779092845872714,-0.9829911838716612,2.7552325083184073,-15.827225092685524,0.7454075193107883,1.136057892646182,0.4200895338788655,0.8931984725198276,-2.3382681567161256,-0.5515272730489755,-0.2933797668175089,-19.710691850067093,6.6119681628474325,-4.111011664618786,16.834523606382355,8.573140467164933,-1.204306863775571,1.465354827694778,-0.5904319945458667,-1.9736118915265024,0.7489411439798621,-0.6437859438382247,-1.772738997100646,S
-3.853376942906806,-1.3863882644791392,-1.4888915435647618,4.661929228355405,-18.744013226677907,1.606102784308348,-0.45068418871548666,-0.4366089226221561,-0.34243144895754085,0.6704195418552885,0.5282012806884495,2.1563984352911802,-20.15146040696399,10.00943351573008,-6.10788843215272,16.26452384251384,9.628842538549009,4.365856859578855,2.138114985042586,0.9129638316989173,-2.2613893943545804,-0.8623710558457613,0.06616847070206688,1.795059489669427,S
-4.389442616734925,-0.5890125313064036,-2.0990428223756226,4.080662671533609,-18.205508397443765,2.845440798660718,0.48121624672789665,-0.9247517388118922,0.16916310416576152,1.4240855556851386,1.2072035574931306,-1.8721874215651155,-23.356438155368807,9.20852852799787,-4.052097880505357,17.425293426789864,11.301105381063934,-1.914101846409551,2.4094725764860616,-1.0550917484057152,-2.5417163826093088,-0.7315113524808057,0.025987437597812857,-3.5854441967435946,S
-5.45559649603004,-1.9031756136320315,-1.5116755531271338,0.8752783247312763,-17.92274603741035,0.7261323684076046,0.5123021987789809,-1.8404966549423705,1.074968044644038,-0.740801802691216,-2.2460522814447756,-3.5228289535309614,-20.54200175289691,9.810157182788544,-4.5584381628247,20.702488508889076,10.14209990612757,-2.254211941679614,0.3208751582058391,1.3240031858420167,0.08393260614036535,0.04333035314461142,-0.5073606320894299,0.04040189965769514,S
-4.856814064544068,-0.7178362287115689,0.5822331935145826,3.7935583160538044,-18.04967242845953,3.6883949941234278,-0.03896492519854533,0.11303098376487242,0.06338636137724052,0.2076600147092691,0.2706891924133856,-3.6684623990290675,-22.501777858820788,8.792872647937187,-6.865645558628614,17.78189883919972,9.46350315408165,-1.0547294424749794,-0.1133783216244435,-0.2275805314696555,-0.6508292904677546,0.6955928054298299,-2.07496308829878,1.2773291358090546,S
-3.184149073536389,-1.7214108462894675,-0.25961819886032345,3.1611155706897094,-18.25098255775464,-0.28653830908820055,-1.247245499341215,-0.12710456123215863,1.8918548981684467,-2.5936071517736607,1.0437683801432058,-2.2035409603889775,-21.7204209230176,8.170067583317248,-3.512250899232413,16.9702701678384,8.600834692907725,-0.801116437402186,-1.705685950551642,-0.7016071242939148,0.2810401473238926,1.302515889559409,-1.5247819730318142,-1.735512854389981,S
-4.6730159572415175,1.4112136719345685,-2.9531586632356834,3.1998029996431328,-15.87976082725055,-3.246387615773017,-0.611136647369003,-0.11149229300002617,-0.8905926613090855,-1.874015488016049,-0.2737886034938697,1.5190999617776697,-22.601007158788974,6.856991370706112,-2.6530952115290916,17.848550669398257,10.694588952940705,-2.0825107675951813,1.002730350703148,-0.36997824372838295,-0.8923905310998066,0.4391674412289426,-0.9805735154647763,3.083902760225783,S
-6.368624408705045,0.11863440484483778,0.10611967475222173,4.104825488750713,-17.56926338796535,3.276009276239506,0.16451937526814042,-1.14751183143062,-2.0668654238320414,-0.7532910076157933,1.216165147876012,-0.2543992085860509,-22.801234135002403,9.931242909841544,-2.4294936070501763,18.9495920144336,11.240155680937136,-0.8460175991138499,0.09472132286173807,0.2940952343144261,-0.26559192723067326,-0.3825067402043474,-0.7688088665439672,-1.8095368718619511,S
-4.203741469163532,-0.11552849437315782,-2.15598691085836,1.7284447167857806,-17.599805366344015,-0.3001207303003639,0.4596325163409647,0.3330776908491089,-1.8829081418131182,-1.5220234220340103,-1.2979981429849943,-1.3592761108945979,-18.29837780016075,8.386040400854732,-6.052264332490324,19.552985695126935,10.142372258251257,-3.2690815142457836,2.0018254157251008,1.3412433597342073,-0.6477571231618526,0.7869501905711083,-0.603740990133808,1.0878919186145026,S
-5.622968938077037,0.6689512048264037,0.3866554529532209,2.125504251471419,-17.03360246559987,0.8514128815668869,0.06040170495002073,-0.600317018258977,0.4556225790313988,0.8253063002367185,-0.08645809342775124,-3.55568191348749,-20.664038206074935,8.108981310123895,-6.142061933283912,19.58922997618803,9.582009931745773,-2.0435318664268607,0.22653124870596697,0.09359636166966823,-1.1536630340162333,1.2847331746638737,1.240241019408682,-1.6790073352652257,S
-5.825639626619875,-0.6904152379963691,1.8042773244181376,3.995549456842305,-18.60256456967224,2.6089166154823715,-0.4391458799375254,-0.9562475641176889,0.8314316676908788,0.9595599617937367,-0.38374647542718776,-1.086832544939,-19.020008107181383,7.732013057518984,-4.713712318385433,17.87339214369831,9.977981031461198,-2.938603954193752,1.9567576124263732,-0.2137324485259171,1.1233329260640517,3.163466257366144,-0.7951440071347236,-2.435888041085718,S
-5.793873548136958,-0.4501438747811566,-3.691420884628144,3.6255046450239092,-19.549671337559687,2.8104036638774232,1.7253340073861674,-3.3736209727847495,-0.005160648397179557,1.0643561029909705,-0.0807553661229008,1.57954224848055,-20.025894975619423,8.775769216270064,-4.824531255523084,16.53846073644302,9.435811966287787,-2.366784962925351,0.8365765945550114,0.7797950838531023,-0.4662020026160576,-0.6814207885901848,0.40770691290812877,0.03163951587310976,S
-6.075279450153715,-2.015981070121491,-2.7269282939094523,3.9692141401885976,-18.569713846750886,1.4965978153285846,-0.18272037128302898,-0.684885894637631,-1.9144412510378856,-1.3236975977279855,-0.2748762168369865,-1.3417551545702509,-22.49308834438446,9.908708947643568,-5.724414846842706,20.656198329597608,10.952370921553722,-3.81593718184331,1.6605584592986586,0.036177448669889145,-1.2679768552479231,2.1092579912244096,2.1759421997761343,0.06448651040255982,S
-3.492835315273169,-0.42774572022899093,1.8526768500561843,5.844690616590377,-19.211116478829865,0.19505718856100884,-1.0627655815193737,0.425654062124039,1.2795125677191663,-0.9212090929125623,0.8922738059200128,-0.8901745373474341,-19.511005490678798,8.467352330134588,-2.8968487189792995,19.604433857775412,13.862099283348059,-1.8459924946084243,3.371101572301619,0.9736414144526577,-3.5239505399816835,-1.9725068512847597,-1.9347365679503241,-1.526796039839553,S
-4.907992015441977,-0.02145611555866722,-1.7565171986570363,2.038083607531192,-18.070302697920084,4.041638888398438,-1.4173357004472233,-0.6647954687061599,0.7269708539182602,2.730918410357404,-0.9633834902391527,-1.712312016137048,-21.777430355020613,6.174455755587729,-2.4393472773343774,17.86511169771913,11.857801738618392,-4.63457165692995,-1.453061591431568,2.710111846647848,0.022167375521405575,-1.690289645877904,-0.24224827044037767,0.4173057546492487,S
-4.732338359298041,1.6727974175759766,0.33870162204431153,5.694960940537918,-17.010799938357735,1.5198122470221733,0.5102662234306266,-0.0075120965607595735,2.292853030106073,-0.26596071503921337,2.22218452612384,2.1826804773672848,-18.426525929999343,9.188710008854372,-4.54836015381909,18.79782756159858,9.834906961294507,0.7669566247178068,1.9787485867749695,0.5423752926099041,-3.692142109728536,-0.12038014178146206,0.6220508961397542,-2.57298501573041,S
-6.230845732123981,-1.4696009644124288,0.7092622948561029,3.866454615804365,-20.105143967849017,1.2086064685119027,0.021713929049017366,0.0025358781767863547,-1.3145917675997225,1.2603745498312833,-2.5556890697914127,-1.4613368069051944,-19.836252876385657,7.79554214201373,-1.3925097545774179,18.09479532951253,9.13268704914094,-0.5946023291672304,1.0931375862122779,-1.3544141546049104,-0.8089458339225644,1.6565431347227886,0.4162590516380007,2.0550186320177204,S
-1.172653378033857,0.575150412714871,-4.198417722951831,5.394961337542611,-17.581751760906172,1.7171330798399822,2.561940355108879,1.9986890891231042,2.683776329075613,0.1331345561446895,0.8429965615937931,-0.7042290282092836,-20.866571344574453,5.006900066531188,-1.973304697441847,18.669953268335973,9.095901167373498,-1.8825627993754779,-0.7792153744800041,3.2590718324413075,-2.6906317243619924,-0.8117375959670388,0.11720901827579766,-0.021360431100902133,S
-5.875731206971977,0.2989058952417958,-2.035742626621186,3.903784621847116,-17.09645779515651,3.360761119998415,2.2607185791002706,-1.6488233139939439,1.3785112045086407,-0.9039696681509497,2.43001048976123,1.1781119544954208,-20.910826320734856,8.56413996838888,-8.037323423359226,18.22321229194194,10.634181706217277,-0.4763354182862827,0.8623684005106305,0.27250988203387294,-2.2070792628500726,0.07319460017325685,-1.0199396619149113,-1.0517743046957548,S
-4.287906878303431,-0.7334470485238427,-1.127096651516922,6.117269847679971,-15.884105964212324,3.795266862274275,-0.6203674716625986,0.47710718215287784,2.2843149574250674,1.1991535332451946,0.4688787405433459,-0.7765089868048562,-20.240098353597716,6.583868357110461,-5.193988738598875,18.824026919679966,10.349793139013428,-5.899331007184458,1.2886128099941154,1.1926009086507179,-1.2760850029164885,0.098579160333224,0.6274806326612037,1.5298460488994579,S
0.7034944800464586,-2.912527700665856,-1.5524396464485335,1.0719691593635545,0.31681452824480516,2.01312474978414,-1.259359350693197,0.3324102647873133,0.5478168564193879,-1.6802006561831035,-0.20667109286654295,-0.9547862537775131,42.87119161338288,-48.27808957130788,13.819023330343896,2.473270367100156,0.9925484199352894,5.043451967818328,0.9376290190646115,1.2828674569110063,-0.44035883148285393,-0.8416371295177001,0.4950404616136268,-3.406811405233043,Shift
1.6572500201606317,-3.126464310019272,-5.658556805226112,0.23129040838035309,-1.9152640999499795,1.572712737623533,0.7929936654826522,4.488292590110802,-2.554595827404171,-0.9502911511588792,-0.10499878482073655,-1.5732506865758182,41.59612343904658,-46.66636996963571,13.353197715242061,-1.7986745195346714,-0.8446464526144979,0.2822927527801653,-0.6989321443727121,2.2649944023030457,3.7559949393299235,0.15311402348534298,0.9542710192236363,-3.6207702283205663,Shift
-0.2510768874503526,-5.060446371900569,-0.7563566673584319,2.8722404067785448,-1.415446445931508,-0.2603640639354694,-0.761033480213797,2.268974700789329,0.9928363600516832,-0.5649072172414549,-1.5815104820289037,-2.352902891132544,41.267481987724494,-45.71505799728946,14.28616236124924,0.320872524347692,1.6832290005922772,-0.44283881802732594,-2.283366619667326,0.2039524589989128,0.05766111624234327,0.2207159194110293,-0.03206334565447477,-1.3972209594168135,Shift
2.4652141966665795,-4.412663584961624,-1.1643647284179224,0.5845025353754565,-1.6990234457856843,4.091043114019897,-0.4838387977084615,-0.21939840573995184,3.200843095460698,-1.0802002764394771,-1.5159491961038043,0.36865900680123787,40.83729659550869,-45.17573651678008,16.07695571885671,2.255939679590213,1.9191572624656885,-0.632485377522471,0.8324253795745782,1.7961253492262017,3.3865231226585024,-2.412496907283284,0.7887962751432234,-5.188847488333693,Shift
0.3713204050190484,-5.573025541109219,0.473352623020844,1.882784090206023,0.5695773218764089,4.468818749890204,0.9093287273629107,1.129110886517367,1.304267664845213,-1.0462639355550962,-1.8644080722173157,-1.423004999358625,41.04798155909748,-46.43926604337409,9.461493497685126,1.7460766054730854,1.9725038325108386,-0.09067748305307077,-0.7989773819516688,1.207392017899764,-0.5531498393748961,-0.3632661662312078,-0.1580359363814381,-2.408140590753419,Shift
1.726074394674555,-6.293297101564562,-2.307127367390308,-0.8367641533209493,-3.5732732657181714,3.0187928444709655,-0.5419384132284026,-1.6435143625944875,0.2915819080756137,-3.4723272763765323,1.8543710368572306,-1.8027662110472988,43.89214280762823,-47.14501279464262,12.021873782611635,0.939062533693523,-1.2901660854976882,2.2980111282838607,-0.02155656454843191,-1.2828782946554895,1.6079958429816088,-1.2848498104206576,0.1461717817212076,-3.0975711244602735,Shift
1.679644978932913,-4.676554944221806,-5.081039726429481,1.8449095093739416,0.21758607061701696,-0.8054614771495494,-0.830399885450575,3.830604121281226,-1.3831449526958295,-3.117214052709464,-2.121784902719668,0.4628309502931529,43.0427733684557,-49.07247870031653,12.090202612415794,0.4788816521414958,0.5054889018202431,-0.31427839708908323,-1.9505159165961778,1.6530482411105822,2.8753782135981396,0.767774681771515,-0.8967694109748017,-2.098252508792882,Shift
-0.39646152492917963,-5.617957678626588,-1.4606727642900523,3.295770363993185,-0.6635446760776631,2.745037630245861,-1.0902190972378047,2.4481578736453002,0.5747627179596293,-2.765223498797468,-1.1858095664463804,-2.4540879121662442,41.73811306500326,-46.7497186244194,15.147505869318024,2.240329655297657,-1.7978567499357894,4.34591806430808,3.4663168912122937,0.19798144627928593,1.6434740327175064,0.2689058936737334,0.09377360755614106,-4.638271824624667,Shift
-1.1017991874318227,-5.223342275148084,0.8623043483548827,0.6155889349198773,-1.9729582166028194,4.418011401146941,-0.1761014122909188,2.2087000674421233,-3.2547488847959585,0.8131925988521758,-0.4360853293581499,-5.6000818241165575,40.32499623018151,-45.9756914771371,14.52619211657833,0.37639372039371466,-1.3228805356952051,3.00736411696289,0.10319456607454436,3.003319157112955,4.9331386265824335,2.240082549284506,0.19870538109140767,-2.2563776137402556,Shift
0.045124557840040325,-3.81442822227436,-0.30454640881242767,0.5946843973564739,-1.4463964070457678,1.2514286463127178,-1.698906768623008,2.0963041171938244,2.8478097862836194,0.3481246067928083,0.2898914402747437,-3.8977595883186495,42.825036054930536,-46.47741071262097,17.166506886754746,-2.0580866860783473,-0.643740736464963,-2.6265255016476203,-0.1688416829912871,0.21264060635819249,0.42448478042854276,-1.4064788200288891,2.1603802983211224,-2.3573319992128177,Shift
0.3715928399959125,-3.81429243833556,-0.35053924367173295,1.7262685717413717,-0.08689320559992098,0.16385029484740699,0.6474733667535357,0.11861068546039633,-1.282399219080844,0.647853787452469,-1.6366263742579577,-3.097303785504721,42.09797886637003,-45.93537438885245,12.523398473955979,2.8297412984855868,-0.5117944385647917,1.6228195717935137,-0.5823258560874343,0.9072558073157779,-0.7679873201529404,0.6048787868578627,-0.9282630579330942,-1.2027516283400246,Shift
-2.3225725719057664,-6.321532362443856,-0.18169142171541353,0.9007929428583168,0.24799141033707883,-1.5879616207616323,-0.2051509857318159,0.8976625498772535,-0.4493091886350271,1.1317907946142967,0.5156388309527529,-2.416425602838899,41.20965393894937,-47.69084970035291,12.237367184186496,-1.6892640307673545,-1.3451441998372644,2.834564006271023,-0.5225972872950897,1.1176650701326025,1.4829356915923313,-1.5415466238832058,1.5386607187539205,1.6134371597503332,Shift
1.6386534227739276,-4.152980269229264,-0.865426270635453,-0.24803037320658206,-2.015717928097075,3.9307299401476143,-0.06085233846187066,0.7784730415168326,2.613697789809919,0.22826114671808995,1.5554565788714854,-0.025985752018755193,40.01019567429208,-49.11686816251784,14.555313039098507,-0.7606200006408201,0.5618268504424719,-1.1094826356354588,-2.2708778574892925,2.68784520531581,0.047366252916901885,-0.2543971982298876,2.515357732574383,0.6627360839850098,Shift
-0.4575452469358652,-4.944654483884725,-0.6698571744198034,0.35862115733972644,-0.37128414102306806,6.477751617846593,-0.4204450987183854,1.1786584806827136,0.30056956958401315,-1.6245452932641982,-1.9515567748474325,0.4499125418691392,41.199741636250366,-48.42035207234484,15.149478105778712,1.5841303614274622,-0.029487522314980197,-0.27025942813583015,-0.8439094939819842,1.1764417115640384,-0.73645150439188,3.9662363912903116,-0.8950046353577115,-1.894794798147018,Shift
0.2807803295011979,-4.417821815098048,-1.6862499469734757,-0.9571708573562248,1.5579465481163197,2.020577390921801,-0.6529791791115613,2.6703788407957063,-1.3189750197736885,-1.4902909895952376,-1.4433242369780146,2.5033002139827545,42.60879395774049,-48.333067059555944,16.48102565906987,-0.7053724029680168,-2.375189376899968,1.8832200452716847,-1.5873936915726727,3.010380303292422,-0.5202986469523125,1.9930236757788924,1.4250406718535125,-1.8669809945907332,Shift
2.6636762902442683,-5.567867201796506,-2.0103809002487196,0.44020454116744645,0.5183983353140889,-0.41892075095819337,-0.04429123349104991,0.27770771313112164,-1.5191411955814829,0.21251407985780446,1.0427417958804313,-2.5364309109643273,40.97806764490463,-46.99080445667864,10.502855531718978,-1.2368197557269127,-2.501839100557092,2.371814121160753,-0.7733213306719358,1.9230494618137044,0.3649229189502421,0.2956478151978503,0.03105882974344354,-3.2970853011872236,Shift
0.38652818415684465,-8.744609377921478,-2.1060882507595693,-0.36232904957222445,-0.3631385437291783,5.224176007163635,-2.4129341134259352,-1.5049188782018064,-0.926956208793797,-0.2635491332316704,-2.465087067617361,-4.102966522354279,40.65933643185713,-47.877229968817716,16.361451518754166,1.766167045213436,-0.4553243253542547,2.5564342284058625,-1.3890679187801667,-0.7059564743385636,2.08543109048054,0.225874293947121,1.0259456820251138,-6.375630587616115,Shift
0.9382032125478759,-3.6990435857988695,-1.5408316711144607,-0.8797947048688641,-0.024044076220832267,1.6598760224085822,-0.6793139751281334,-0.5340614668215267,-3.4008282459650445,-0.09128674295686068,-1.1579844672434945,-2.172665549989631,41.0615523118239,-46.39392682085876,13.762737537781675,-1.2907110610893895,-0.6104828593395126,2.5608151441209657,0.1851855009222505,1.910965964615258,-1.919075789645376,-1.0331755677860777,0.43857001526435724,-1.714338338031439,Shift
-0.43189241932338973,-2.322573002903712,-3.4818638115096974,1.3744127750309758,-0.844222837422592,4.131332034012473,0.8996905400062483,2.266665348656801,1.1218330028419246,-2.139431515861908,0.6969915412451257,-1.8697827849921396,42.29942780231457,-47.272478649180584,14.993540130753956,1.918066899088096,0.5760786768021404,-1.6372854473401048,0.33912219953699463,1.2756721576675147,0.07693187592843742,2.4297204346856605,2.0174386136845293,-3.95497198237706,Shift
-0.1890417074491495,-4.720129598792338,-3.082404814982908,0.2192088271610686,-0.3771178039278311,0.5545530387228723,-0.9960108019248626,0.5680685496607225,-4.447449383903404,-1.3237304877371159,-0.30631040547262955,-1.366289281784077,43.825763961308695,-46.52166430188107,13.207776511904967,1.9358494400783144,-0.2845533436217238,0.7798626697943973,-1.4882986572430732,0.5586594571076375,1.0234724253663217,-0.23457826794919345,-0.1075386293160534,-1.8082952775906165,Shift
1.6681087544295679,-5.80216578192627,-3.8817730596891806,1.8101597369439304,-2.346127728078528,-0.04967548242564135,-0.041169036905166934,2.1649911073707244,-1.9109423789454354,-0.4063546832329905,0.16201730581400398,-6.332434378644962,40.689879300907165,-45.09306705174529,15.484117103542815,1.0404652341263585,-1.5197118168480017,-0.56196930732483,0.1213845763913155,0.3175728752862881,0.8957861880484188,0.1524353924288553,0.8798820474202209,-2.006487670345507,Shift
1.2877496605779584,-4.625921408286478,-1.5355732852706296,0.6291638855393984,-2.314766898177197,1.8836952268857772,-0.2559202183566107,3.097028267562365,-0.6838631514461326,-2.1934580651882527,-1.3806053251381627,-0.5290325386421273,40.661239996862605,-48.329266287985085,11.573356025523822,0.18037430693328105,0.9052641695464132,0.7389161719420372,-0.8087511608401046,3.0387469307051163,5.642715318775231,-0.15272306304548966,0.02630737056132304,-1.3937124321702754,Shift
0.22919794474438504,-4.803342246456941,-0.01721631301211346,-0.8294331889433835,-0.7358973521240557,4.031254013959767,3.367292520942735,0.7082924575457241,-1.2285232933349448,-0.306716782582761,-0.5573050713865939,-3.5891852259565553,41.90250506508943,-49.992976423179606,17.512970493231023,0.3863020668546753,-0.82360392657651,5.265293550379852,-0.7860814367381705,3.7207406275133934,0.37301775487890154,0.7083177118997357,1.0120993096537703,1.0251799095470915,Shift
-0.22922465825865856,-6.458365003596631,-0.6183846253264846,1.9326028955381247,-1.4159881398476841,0.6861808491019019,-0.23786601072308855,1.0659863946833639,-0.20577444112723242,-0.476128834512906,-2.074000050816892,-2.7033171568989474,45.13911139026487,-46.61180013451767,13.257276714066677,2.167025638632026,0.9952646915212853,-0.024098401375340472,-3.573366695119801,0.9439082402710142,0.19717408883673215,1.073204560588941,1.413094871417485,-1.9716679698541384,Shift
1.6336315826827388,-4.018591092763457,-1.7210716911759505,2.193914895243168,-2.4894715128768894,2.1872336641206402,1.8914551428399973,1.4234064331051286,2.1986766512087,-0.8969426133513352,-0.3474386279079056,-3.612176147460275,41.49376982952134,-46.21745592807339,15.341980751556093,0.19001340826378765,-2.085912687689884,1.012887550044013,-1.5592941969395813,0.5969411489911209,2.954429208056922,1.6536571644728175,2.587439055913233,-3.4547700416247835,Shift
-0.3862793557010207,-5.049315140191265,-1.7326849138763691,2.192420648980395,0.3644644952140652,4.439033869817422,-0.704291402390659,1.7916880642296462,1.0147390882403329,-1.4632775336907926,-0.37649271555108044,-3.190162202722263,40.231736430862895,-46.56279570056969,14.111613938552352,1.6939484117602106,-2.0757304839396227,-3.2697415406923938,0.10115839330265919,1.7680261786967577,-0.9543565679347239,1.0406253519818938,2.116941199600486,-2.0382442069069384,Shift
0.25607235924877614,-4.140220035296235,-2.8601168472492304,1.403326830488453,1.5807527623237547,1.8996835379628578,-0.48139544225172415,1.3267601492347865,-0.03406929009150872,-2.002870480291385,-1.8284333297249304,-0.8809758869700204,41.95110335544223,-45.16501262990184,13.567383997853085,0.16354211922891437,-0.9613882233631301,0.30922345219335057,-0.6725972881042042,-0.5403472302465531,2.3252332205798893,-1.3741710601710633,-2.72052537260441,-0.8221164263550804,Shift
1.0705543033372464,-4.7258310123676806,1.1507345407068215,1.2172186702537715,0.2866799112031231,1.9680080870207917,-1.06184779121112,1.250328722923257,0.17879639610936238,0.5854105763846036,-0.8153594335498724,-2.138500776057299,40.88929113327646,-44.43510304785008,9.796791675136717,-0.29229549646171193,0.12893105540570104,0.9675506635991837,-0.2980723941924852,0.2992467174963167,0.9779129124987094,1.6421187278010905,-0.43672398397174206,0.3355384317119956,Shift
0.8218634107768139,-3.807233682491133,-2.2107640684649255,1.1425575396506886,1.2894394321351683,3.6247768858489735,0.6104145036962656,1.5677041753014862,-0.18671758066523125,0.1658174005569535,-2.2218302233945053,2.3445277497310713,41.52919986776638,-46.92985426078142,13.450436357731803,0.8964379211701043,-0.15844623907430844,4.059462041657071,0.5282171638405764,1.1153554280140412,-1.8213949598764998,-2.9974290714905916,0.5800173966766415,-3.1825539351928,Shift
0.2845775585603292,-1.6466905816248625,-4.009007802557107,1.1460879953651215,-2.4807842769022272,2.503689819336671,-0.7201737637034551,1.5883401340119008,0.18055302104750126,-1.272011474678358,-0.7420550785672049,-3.2234504731461016,42.629425255961024,-46.51433376495781,14.280026974777911,1.3138587356497524,-1.3874946857986288,2.6037324146950596,-0.5534117346602856,2.4223244898180667,-0.8019358197375936,-0.9832208107321487,1.0908325053081747,-2.109862859250711,Shift
-3.1129017248372577,0.36941267378623266,2.116653925693413,-0.6874105850151366,-0.5298068742712303,1.4407658177722737,2.734523301767549,-2.4078904921591118,-1.136415668745883,1.848304709801397,-1.0613916247617396,-2.3833352150199403,-2.3996707341123624,2.2967291126511,0.7885178515409734,-3.257589714361096,-3.8410883171805352,-1.1694520313377552,4.909879062244829,-18.78080527423832,-0.7291597585542036,-1.3977366134607978,-1.6774805821552121,-1.821658854902637,Space
-1.4449835704961913,-0.683981147584861,-0.6333900969486876,-1.1319800199621568,-0.6268657806538158,0.48481627092377266,1.8204056595418194,-6.226441603164687,-0.1336005119214292,2.158214026334697,-0.5310325309101245,-2.1947698615572904,-0.8365466151175553,-0.14141569201431992,-6.646469516114962,-2.720033595158604,-4.402673128153822,1.521231269664554,2.6921866106814596,-21.345467175375745,0.4611272005803926,-1.6112660704710944,-2.057570499920697,-1.271522285288313,Space
-1.5868376003630829,-4.214886148672848,1.7209061152260574,-0.8640171525360429,-0.734511138225912,3.262012818488074,-0.31529598342241627,-5.427297434811464,0.6392628985794886,3.7699327625258405,-0.13234288114693982,4.994493584957183,1.2201460278538718,1.260575079387209,1.0224156173781012,-3.251073707408061,-6.573397401421218,-1.4554773832978753,4.068928666410431,-22.68623536633791,-4.664892003675902,2.071267987105119,-1.185398782065505,0.3075018095133828,Space
-1.514212972649915,0.25945793430623354,-1.7205308456760804,0.5909150887743237,-0.8617069815384752,-0.713795303551251,0.33180820091384255,-2.380066663371281,-3.3766201613752855,0.5414708539868727,-2.26288589519001,-1.906559285297078,-0.646232728708128,-0.14128047221594642,-1.4917512499773693,-0.5894897180618628,-4.484256971126101,-0.8512372074724226,2.8639059427680156,-21.11713962703368,-0.6603938231310167,2.709955742427689,0.43256508822899775,-3.694811726703449,Space
-0.4304114131326173,-2.3037095757911636,-0.8059659241546342,-0.6899889475275103,-1.0201242543219564,4.233290612959308,1.25990780469626,-3.9425055729795986,-6.336687813736717,2.1840059195126784,-1.3260988880005584,1.3476300739277463,-2.766459420459057,0.30247526191269714,0.22764042007707985,-4.5151460703855335,-4.499188193342675,0.6465280220418208,2.1266663144120432,-20.773835266527456,1.5027080774098067,1.0166525444547636,-2.1619599391539843,0.27377137942812624,Space
0.7406734991976975,0.009005542280462464,1.941447731812616,-1.1082250301310026,-1.418808794807319,0.9164771949463102,-0.21918717745096572,-4.624904608127025,-1.677582086484847,2.3534171636245773,-0.8023896020400514,-0.9617746427366001,-0.03265808188351116,-0.3522303794756638,-0.11421812528664077,-4.284513077817998,-6.02823887710214,2.174743552920688,4.2916888225715395,-21.970036421831836,0.09758355464396118,2.5197748134023135,-4.10856634821824,1.247029143321015,Space
-0.27457359376134605,0.8802271687866003,-1.3679352497078412,-1.9246053263807426,-1.027725672105106,3.3767683298798374,1.069183805103206,-5.732052266807386,1.5934695464955553,1.8975798482766422,-1.4541083630871583,2.5598236001137593,-1.087409724032966,2.2022494594522968,-0.9455645663571204,-2.5206215038732083,-4.756970783354333,-1.5888513514999545,3.2076165609813074,-21.274063596009043,-3.5330772489652986,0.14746702262018063,-3.885127973081808,-1.5963053757330385,Space
0.8519850673758924,-1.495745828007136,-0.33882716942645175,-0.1210754955171609,-0.047091864814944984,2.1853823236669996,3.4165141111758004,-3.789249402629082,-0.6513266955063273,1.464413316752669,-0.9794003514082021,1.7370186010859356,-1.9157371342864735,1.2547383543679942,-1.4865039940738143,-3.9626580316190854,-4.8917679339791675,1.4307881599536927,3.648657106656321,-22.346189447739476,0.6332657840787306,-1.2670126834082946,-1.1009642365399053,-1.3856237538880691,Space
0.6919415528998059,-0.42402622297984927,0.03851111226543935,-0.9221163451596794,-2.4187234974860417,3.011252944601665,1.171401271362642,-2.5646748121446308,2.6400924243501436,2.3440509184411056,-3.082252557401034,-0.3831634051977062,-0.23600511452542605,-0.4624565575370312,-2.228050597315473,-2.5360964533604076,-7.271135613903098,1.6105864070019038,1.7035440324701492,-24.754199593936633,-0.3158996084906107,-0.5406325991622971,-1.7897430974001907,-1.8203463228661008,Space
1.0193614587565207,-1.2857458006483338,1.5349731721495345,-1.7279077633129205,-4.50880778399889,0.1970507541852271,0.4697268333003404,-7.854044904476211,-0.7928153291584294,1.0131916608164033,-1.403205125627835,1.7306692325374229,-0.1994897413990202,-1.5330905243195474,-0.0855314637605602,-3.812115101810072,-9.071407903886936,-3.1891141893199233,5.327435621691001,-22.47243377782202,-2.799631999433757,0.7113584931333774,-5.172412837964895,2.75223975051307,Space
0.033570056483455346,-2.8461529682675124,-5.228538464852079,-1.234605049513121,-2.1693547004254583,2.002734452882578,2.0289123533171196,-4.743817262675805,-1.223591243415342,1.409570753624088,-0.758274219634103,0.08703945246281819,-1.8816624355405338,-1.2732703405181027,0.790268842464684,-2.960848097581234,-6.173080833331383,2.553621688083979,4.7666662147725125,-23.391982192233613,2.295509602128732,2.703575615104529,-3.691145452611554,-4.74427771051279,Space
-2.347156242543548,-0.9809946189379701,-3.4824186989619648,-2.050441604683378,-1.068717463014707,1.4289411538246668,0.9652018838511243,-4.729835917339415,-0.9839930701617163,-0.1741839041040194,-1.6129301387738622,3.0017731182398393,-2.6655996256697563,-3.56752423958752,-1.0173918153230943,-2.6231103124835258,-6.41158902502265,0.8694741476074341,2.0993809079196284,-22.665059218876962,0.9727226098528945,-1.0576913179331782,-4.914765971774944,-2.772574603188218,Space
-1.68104652397912,-0.13284967255914637,-0.6725915140690404,0.26878842577345097,-2.3683563199284094,1.2171678312143968,1.597509517730085,-5.643140904767847,-0.15966382167295023,0.494503182734924,0.5797831473368547,0.38335218334697174,-2.6828377765640994,-3.0165298774684217,-0.1788274284806448,-3.277680116127094,-7.213171009322522,-1.1738387467735834,5.1908741709916635,-22.07184668728229,-2.4656457464289474,0.4675574969905627,-4.52544424497162,-4.6155072292133354,Space
0.08379596941475143,-1.4931666544400661,-1.0549721281987559,-0.01913024847114997,-2.5634271648980302,2.606756283031416,1.4298623902937884,-7.260152452287969,-1.4993111544642375,0.6967654984418914,-1.5419376077094569,-0.31373293224982035,-0.3535643075798873,-0.7753519465933394,-1.6025691100240351,-3.137318330238408,-8.880139694144717,-0.6661833639698784,4.8901955203816145,-23.128903966981284,-1.9120114480957682,-1.18800816994609,-5.974267635259139,1.7246793395172517,Space
1.2607184525568869,-1.1509494034693706,-2.31906415153901,-1.2362333901522575,-2.8430622326608272,-1.2350266174034346,0.07701180641034533,-6.69055631446011,-0.3085863164145053,3.0675801265251508,-2.2066901501965788,0.5653496568780838,-0.3819340834124034,-0.8527278298079537,1.1912671124908911,-2.5382681346221148,-7.242763531991173,1.6576783441749399,4.313272686839674,-22.48017256613332,-1.4860411548176558,-1.0213113519956631,-4.664177105070756,-1.4031483005156815,Space
-3.0245302477533187,0.4319918175347972,-2.4368896760547045,-1.6039713595982263,-2.0459615406713,2.4843307790632707,1.9298173742768956,-6.187077282936144,-2.416946116727388,0.797625817967841,-2.607412381133713,-1.2177890083686407,-0.3360481981651162,0.7769106660041061,-0.4157862593010577,-4.103019776081176,-7.508013545523838,3.637472393330029,4.327526097118615,-22.99329348147286,-2.4352033713493597,-2.1777367267419927,-2.2909197433609414,-1.8297664778345961,Space
-1.6977435333116944,-0.6909041344051339,-3.2373543717737334,-2.0830201584484485,-3.622521996960188,1.4486624137228432,1.738550324478835,-7.785489208929505,-0.7772558936204064,0.18500145883698593,-0.4715739044607403,0.9976552060509221,-3.5931520551451683,-2.2484746736551813,1.2197354283403001,-3.4464134453821984,-5.699462154198443,-0.5807730862019298,6.101598417008126,-21.92795429032951,2.3651511572934965,1.54022729855157,-4.305399450414292,-1.893275353064439,Space
-1.289011570443165,0.024480525858276536,-5.135467915944446,-2.0816635830565033,-2.0978132257939706,-2.494082908940527,2.2443422060918987,-4.520785591229412,-3.570223842706582,-0.2174884441254079,-1.9322099018359324,-2.2503895700025964,-1.0475003681444264,-2.244945750724078,-1.4965704864910663,-1.5136531117988241,-4.54996131682924,2.2774564689539716,4.8816435779964555,-21.37763834363834,0.7898504003471203,-0.2881439067945184,-2.248838145225797,-0.8367976725991753,Space
-1.446204812166684,-2.4623972640059115,-4.610943769221478,-0.6005324220960162,-3.171976229430669,5.110411681301002,-0.20439085829205794,-4.563816798698127,-2.36788299256699,2.6422868954068335,-1.7641535898617917,-1.8896911565852292,1.0425932669658664,1.229896324261368,-3.4437459396426107,-2.739038209803077,-5.430410292543314,1.1298726326098745,5.428430922812503,-23.040397950185294,0.8240121915659984,0.22715034757103592,-5.319426794785702,-0.7660648861703407,Space
-2.8799574745146685,-0.7054289882280074,-1.8114085201759167,-0.09216098436733233,-3.2828825904539087,0.7531025142071144,0.1079619854456535,-5.124854551013584,1.0961093308122258,-1.4126015027766101,1.2586541295112568,-0.5228863553002157,0.005620544433327268,-0.9059406472460054,-2.2587119256613732,-1.6123407834429457,-6.222900310119229,1.6046780657883346,3.7529105765830613,-22.235013296135875,-2.7356824006639044,0.11420906825141763,-3.4169376305972534,-2.284425752527113,Space
-0.8814956294964702,0.408507782543424,2.0097754569080735,0.9563457187289472,-1.5561857164481125,0.10746854397240213,0.06696659215002221,-0.9431831184493831,-2.3713897798972994,-0.5576680980698825,1.011322180562047,0.5351206562860398,-0.45985363520998135,-0.623316372349187,-0.8128425972358855,-4.034466752548674,-5.566699269428398,-0.14625985952454812,4.559517072287114,-21.88057992056585,0.6952399151148256,0.43552130072204065,-1.3913261587910668,-3.3211893537007313,Space
-1.835795114370768,-3.001311351137467,-0.6852889255155787,0.31643517527854215,-1.3464577620151488,0.4655375573349829,0.49388974545334996,-6.177843740886516,-1.954629774550483,2.0083498053918376,0.4023620953448699,0.9356832015790246,-1.242567401868996,0.5753265068089561,0.20771710895576234,-4.182295554597026,-5.122673299383678,-0.8172932924289853,6.375263598228515,-21.4379099252277,-0.8750188131886603,-0.25732940748427957,-1.7191549018065437,0.2299704247388945,Space
-1.9172462542092887,0.5739828166098793,-0.17610440491495183,-1.3984522210721693,-0.6708468719071448,1.0334224875615519,-0.002399847824664292,-4.702955979291488,-3.7927301561168747,0.4573091007423358,0.6304162835164959,1.653578074184054,-2.6491742365913353,-0.9389273908795701,-1.4794948106302854,-3.601163969014131,-6.770229828709276,3.324961125301229,3.3486572551015517,-21.948723366439538,-4.220746545575196,-0.6315828011062874,-2.364629968323822,-0.21723024338893993,Space
0.924609225587858,1.14384704609696,-2.6591814274157173,-1.7146050474417933,-2.759307844205523,2.012371765965838,1.0910389164626775,-3.151102678532311,-3.3336896895320933,1.4462223960221507,-1.974969088593582,1.3839818673118884,0.015803348868956846,-0.8307362243513623,1.6253366881501279,-2.738766620618833,-3.469686560583199,-0.24919990366868205,4.666621038227633,-21.47211865966237,1.4216805933617707,-0.6033475719981589,-5.793860836978396,-3.6634884568981647,Space
-3.2303219593448205,-3.591266084015107,-0.3861365961267893,-1.4861434012711499,-0.496141124881035,2.248240580701804,2.4399530171441803,-3.063411715822866,1.5919341947121097,0.8732365492739618,0.3297357691420473,1.9001816196361574,-0.8054617966874673,-1.0738600133144374,0.5031531706250689,-1.4421155623354949,-8.226790880159996,1.7698054497497537,5.340467154282826,-20.925194479411445,-0.9816799029175627,-1.8919900701612429,-1.8665751722171464,-3.1083176468374063,Space
-1.7027668923773547,-1.2785510908705024,1.4002834682556227,-0.8824771492384897,-1.135371388707597,1.6586855187055107,-0.3480107412985731,-3.802684690449894,2.264056704698703,-0.2070353347294187,-0.5315742800616761,-2.159947647853585,-1.5755509245862527,0.39641171948194653,-0.21868727961009427,-3.1172283979736264,-6.648601530877599,-1.250923028315185,5.3150826541050895,-21.016009061235025,-5.015519864871408,2.247738488603521,-5.692322509385868,-0.016192977145294662,Space
-0.44914202549475135,0.4834398356217786,-2.4666806320254295,0.19765767838830328,-1.8627038016344102,-2.3924585452527367,0.7728490166167763,-4.362371245923953,-0.07556662829586003,0.035951328812764416,0.9568877140922041,-1.2920294935125298,3.7003741446790173,-0.2136336177635343,-1.970501625578322,-2.1834265864446607,-4.890682143405442,-3.9381048998243386,4.827480640944347,-21.8356475025021,-0.05682003521741308,2.1314037505032433,-1.2588386105843377,0.387213005515207,Space
-0.31923765736604537,1.1032587163847705,-1.8641907290630684,-2.1223884211062014,-0.7567731591137488,-0.6323222628626581,2.668278901302976,-4.257843514421211,-1.9894420182580461,1.0507926726191101,-0.9042000815278755,-1.6069566490201623,1.463135974452257,2.280303216097124,-0.05749751937599967,-2.7823407095655597,-5.664571662592024,-2.478880444003835,4.026440031014984,-20.430533453755714,-1.4880146616933416,0.9280099904629004,-1.6161224694920477,0.8957434557061106,Space
0.07778220087774912,-0.6129963931152602,-1.7469723524545202,-7.086716343599321,-4.0322199430857495,-2.198189249305642,11.486115385312354,-14.804788464853033,-0.9767294115432605,1.2916814140907533,1.1987589586349543,1.8729540087675787,1.4729430826451733,4.955910881284247,-0.19058426607523415,-11.069452270162728,9.46595642324614,-1.2320653600901892,8.33736402613982,9.250959333739345,-1.6127106027726654,0.7067457346355352,-0.7563256510393295,4.686605151699155,T
-0.6317655617557421,-1.2681095686670805,0.039670117409002614,-3.851739512102725,1.4656509656255707,-1.6346994303011684,11.404938804533739,-14.84999527184712,0.03332258157223578,1.5828577673036932,-0.1220523863920846,-0.6195353805052832,-0.7129831217082767,2.344010278969428,-0.17788961640047773,-8.28990429487284,8.559033082573848,-0.5980528978712414,7.763156027738914,9.580418449022332,-0.7167664579496886,0.85375912184091,0.22308614646259883,0.3520687813742711,T
0.23185698800037358,-2.492272572735316,-1.3413700984069123,-5.767259623462905,0.02619473363228053,-0.8673080286909567,10.352088104245937,-14.326282077979613,0.5849949172357469,-0.22392913493843025,1.9165902000182484,1.3598309530548818,1.360816515615852,0.6406616203343489,-0.3633851500631522,-12.05429341581194,10.225867994075642,-4.9840556861560685,5.170395725969852,7.560643272434632,-2.750881658078754,0.7689175515692845,-3.2362808236859806,-0.9816694369073389,T
0.9298667862142622,1.9053746624532586,-2.286817925223943,-5.818029129028432,-2.2552956924096748,-2.2268882835693375,12.03928277977673,-17.598457462086856,0.28911578452050435,-0.12564947364765544,3.337175770202606,-0.6158120978854527,1.8296807148788048,-0.05748350124437707,-0.7930688940535333,-11.233840800773109,9.352065291184843,-1.3833977768835553,4.570802902451499,10.060553501043088,-0.9070811728906278,1.0413610534430795,3.77421681237551,4.132079491525303,T
0.18570053197220204,-2.06412768323173,0.17370445286047698,-3.0141829372078917,-2.678011306693975,1.1753494972476233,12.678377892228873,-16.17460902425546,-5.563123957154517,2.330550420907919,0.15976047650471514,-2.3150650938554804,-1.500997487892704,1.5687612465561642,-1.8572098283719924,-11.140854302937228,9.082880491645298,0.956665202560032,6.797183252275307,10.39028203406724,-0.15501948264216026,-0.6000869573511078,-1.4797195599240638,2.6846830413962266,T
-0.06828141819218558,-1.3306888174924296,-2.0474460239318546,-6.455223659808922,-1.2077411722730176,-0.02676983117777354,11.310866409536992,-15.243929785819518,-1.7099562877805283,-3.584608971988395,1.2241480784693692,2.8582518824242698,0.32819209227383794,1.6500737696169594,0.12499737410786338,-9.406691420818476,8.73849197001067,-0.09017867227203169,7.710486488783571,7.391910057102606,-5.050430577894588,0.536383716337296,0.009692283492324094,0.3899574455163588,T
0.7476934016298173,0.8845602473285084,-0.17714617284656242,-4.104092424280601,-0.5090507492137704,-0.7819002641352313,11.106975121219822,-15.2151527867386,1.2823010021922414,0.4952557440020655,1.4995751588567714,0.8142916011212264,-1.613800702815979,0.24998249651196147,0.9926948076486042,-9.083886304415316,8.447584703126296,1.0267407149239602,4.884377454016576,7.594036552325832,-0.8380909815992936,-1.0168289400333705,-1.7270496481295297,0.7364132914138395,T
0.4528502233165739,-1.0220009978777584,-3.937456971595168,-5.192237204780511,-0.961901242908084,-0.02085875581013852,11.5178800860919,-14.611622952422863,2.8245353142239082,0.6220433801850334,1.942243731882428,-1.2382237929946882,1.8596831535232923,1.2722906700583962,3.6052011044882875,-10.152620165311511,10.765051487297157,-1.730301112662005,7.313834802844456,7.937475569919428,-1.3028276853252692,0.32041087072360774,-1.0126155879853194,-1.9731086348446638,T
0.256426524442503,0.5595829322629573,-1.273485057709422,-5.744590303377976,-0.11023110285310622,0.13376041795612537,10.899418438313823,-17.48021692612639,1.897273505992473,-0.6754233501312825,-0.5105579474957267,0.9960576105598307,1.6180546913661829,2.954598100688223,-1.5444714874677175,-8.48510845056606,9.143559192916584,-2.238391750697531,7.176323422780452,9.522588487720284,-0.6845699711443558,0.8263384687954627,1.3021358187231513,1.6450658947704255,T
-0.8038909854114991,-1.4942634485663255,-2.198997145432088,-5.706445843934041,-2.173577834461952,-0.6406432878997634,13.169101819433301,-16.033974634231413,-4.23157154314498,-0.4857853935551688,-1.497302934327621,-2.6133549771540174,0.9894131986175125,3.6557299990417675,4.958647464252124,-11.26804863417972,9.260843796812225,-0.4232803850124469,6.566956697361544,10.411186858164456,-2.1321923618223764,-0.2627565937883629,0.23299547162642753,2.5462670445512003,T
1.5061089344970924,-0.9045802338867599,-0.34600037449564525,-2.878572071955844,0.012892438931373817,-1.241151177729364,13.122676467784451,-15.994335849123757,-0.976074043100823,1.5778351470119603,0.5622480457699623,-0.38169615207806373,-0.4942954963238435,2.5155933010050475,-0.8395012648909983,-10.470673577425302,8.330844271836966,1.1025241467236242,6.6741966639482495,5.960325737724688,-5.695391614818391,0.2557954662795634,-1.2197649537858588,1.4175210049319844,T
-0.5323962261496149,-1.7062995712379472,0.5017651864312143,-5.277485908542928,-0.003938502523510579,2.023330807785726,11.234984084191957,-17.33822748658929,0.25670976209045193,2.189373415226406,-1.5547245055327323,1.8361656068834122,-0.3259744823337769,0.9369965213413991,-1.6605512960438205,-11.300357801273535,7.778491622027417,1.4016790721779557,5.850621950495878,6.332815590975173,-0.6311373373861784,0.09235648197287372,0.787384111672008,0.7517446874563234,T
-0.47416218311460057,-1.749195645321544,-3.821383017975279,-7.21119702693899,0.2192278467235269,-1.6325076606019593,10.27702028996485,-17.296555471291242,0.0020031230120594046,1.8399614447685195,1.5914733218366734,4.092345651204312,-1.170316979041786,1.1574490535270954,-1.8633436130156724,-10.821170157799486,7.890753902521794,-1.0163476197939758,8.38514687500286,8.611322509489682,-1.835658274930438,-0.12062988340584013,0.18209021462147135,1.3728419449064972,T
0.9537575205804387,-1.0095123112169233,1.4912209903498592,-6.49146883499364,-3.4540778062918776,-2.598322587647033,12.461726255624065,-14.65750378362776,-0.5266753912873128,0.5355718191156313,0.760841710155006,4.308289939639337,-1.5603149049511558,0.778308577662763,0.5128552721123469,-9.612755425846004,10.913015481526159,-0.8275696927577769,7.787997741967896,9.367296877762001,2.761464594086533,-1.2357882880517237,-0.8503989405912158,-2.1579453754678752,T
0.6838905910299218,-0.8486525313584412,-3.9466540306395927,-1.803458141965649,-1.4527662270665473,0.2498369676414427,9.639011260230118,-16.373205961340062,-1.4259051055212808,-0.965784663066529,-0.633817023230165,-1.1466741241862906,-2.8815382925183712,0.7227872228148655,1.6783983027260092,-11.214701584276725,8.003151330318033,-0.6858677674713931,5.333563129426164,8.741503793569919,0.34124052601879384,-0.09049413533231387,-1.4183621325255231,5.769579298201222,T
-0.20185758951484445,-2.7715033050004187,-2.426541261974478,-5.5666263146725115,-3.76262931499258,-4.42372754624256,11.385798593853448,-14.552842838063413,-0.03500865097339556,-0.1704454153068795,3.370980160535936,-0.2842393572357196,-0.5051583870592822,0.2540546564991928,-0.23965117386302381,-11.75605821559455,8.470799127915512,-0.6744830813854605,6.782250765469323,7.865938141283621,-1.8676332124039163,0.9531257871589123,1.0659363715746188,-1.7214662367871938,T
0.7442989769842256,0.1932027076466749,0.5061451079085373,-5.5184360622907604,0.14769088758890803,2.264895804427397,10.675979577709695,-15.124473020804317,0.4135139115973061,0.5111381445838035,1.4832857318029085,4.112055946868566,0.7308170044494773,2.2127435426324595,-1.077774091487072,-9.750809029902925,9.336726003379496,-1.0700004219980883,6.131753153098696,7.370869001708087,-1.6549821711054733,-0.6834353087714291,2.1635840013944723,1.0110419435808922,T
-0.7493213164043198,-0.835756742168865,-1.9462663054999325,-3.090608277264849,-0.711449803693597,2.908769835597866,12.588649285241013,-17.080849979452864,0.8083793912176702,0.6170204664550454,1.530117261515187,1.7043196993872698,-0.005883365959363118,0.8848701124235347,0.3201342806582943,-10.766194908798141,10.360799277051214,3.1631332168240647,7.914784935943734,7.302452830871516,-2.9341932930918233,0.2614968463036931,0.034398001174619,0.9431572895314844,T
-0.5109491764951883,-0.004308666278859619,-0.7699928801517331,-7.043957388140072,-0.3133069433155242,0.6580595631324968,9.139056438042605,-18.95483363363047,0.9386913001985135,1.7845769564254041,1.5438299140754168,-1.0529521561698516,-2.104523290021689,2.854010789206761,2.479515687968899,-9.880311453219583,6.8373585941092045,-2.047197963800272,6.242115340436785,7.400464306861778,-0.5185650342010604,-0.9737973308131669,2.425846435512412,-1.7543258249959308,T
-0.7984639657830428,-1.2326797567578929,-3.376148455174757,0.22486742825738304,-0.9027203264196544,-0.2039529289136226,0.23625061082838883,1.34172495017728,-3.7707897518377536,-1.2953784181758081,-0.4555805305035676,-1.644479565097697,0.401084708511263,-0.1478908977939284,0.43116452095461,-1.5200854201511902,-0.16309392219632457,-3.3301294685460903,0.374603685107175,0.9277932537650173,-4.981447788151627,-2.014838003357074,-0.3011677488093589,-0.49351346087507864,T
0.5173295161041551,-1.4141728196446106,0.32327502496701754,-4.9049978815140065,-2.1037998477714837,2.5239809012441015,11.175798587127021,-15.845831196643019,-2.940327353912778,0.8324497776636477,1.781795604032311,-1.7331757436894009,0.7154790077724442,0.17613565705596557,0.14448805368050444,-6.878817327784311,9.38559371147349,-0.28683563039032833,6.4798074307258755,7.005713316490414,1.3434104224854195,0.7347095662652245,-1.1882716727623226,2.6686907533676845,T
0.5414953367480848,1.06646065019161,-1.895456692103835,-2.6517393947274215,-2.8912713186690553,0.18588894308157933,13.505889339438454,-15.00976919597133,-4.150315246305354,1.3391924846529193,2.1043268286240107,1.143884096172144,-0.8566077510784851,1.8629235065858083,-0.07823845579355293,-9.775381438587715,8.524146353881477,3.341622991640179,5.767680761856232,7.743223555759286,-5.153801265111781,-0.14995115755369426,1.0481537563617884,-0.8380046651843145,T
0.6638024711778598,0.42370053219904946,0.5676864693073753,-3.271693699832504,-2.964436204177048,2.006691629954105,12.650821310656163,-14.592483142145511,-3.7353086070059476,-2.4922557449685385,1.2970389409817074,0.6112722112738993,0.33646818328412564,1.6324258753574625,0.16660705621688976,-9.758953391303976,10.061070338046576,-4.782567947318114,7.359717075996317,7.989333330940013,-2.5253095018199474,-0.9813991734884402,-2.357185670222602,-1.9792384425369391,T
0.7402274211345627,0.0646507226266646,-1.899838878233993,-5.237440915138038,-2.196381701163375,1.5156764744552902,11.527518036971857,-15.040719543733644,-1.9823972852883003,-0.24456382323382542,0.5447335519916976,-0.8922037546834076,0.17683401862066717,0.4658196592720145,-1.2459717095141514,-11.262211881542768,9.931431969966482,-1.734901202585263,7.858992983452387,8.627614256431812,-2.0921125631887207,-1.370991840783287,0.31960195042541173,1.1111333582266525,T
-1.6057495335370504,-0.18648056792132728,0.6410510861501848,-7.2521918937718794,-1.8384172899068574,-2.6802254152594287,10.524757797709464,-13.879950884651123,-4.724120172422431,0.06846820793332142,0.5896675511697822,-1.0939003939385543,-1.32371031278754,1.6172221801896782,-5.06628984352858,-10.845605869137998,9.03523351429402,-4.788258191414457,6.044739780522081,8.074986437491376,-2.922798112273142,1.0009085364471346,3.828923965833912,1.6737518106181142,T
2.238323938982262,0.45858720306683054,-3.1930649701280913,-3.491061311402561,-0.7206843399810623,0.550088647903408,10.030368645856868,-16.18533395068181,0.6734714245003488,-0.1836124522350815,-1.8786147013534276,2.9423557869067167,0.6288689611095322,1.1178105238833425,1.2997405017150072,-10.049587843467876,7.657675264384594,0.14065844284738205,5.798495158382172,8.564354403258676,-2.629988495562827,-0.540765580602355,0.5537645736280545,-1.6321162639629847,T
0.854795270134133,-1.4250325384420437,0.10405168490234473,-4.372735160517031,-0.8716305091826939,-2.3094569467392034,13.85923756940555,-19.643202487031203,2.3162282913696686,-1.299722043067547,0.626861961122728,-1.69375429621158,1.1466080007421056,1.5565443937552814,-0.39097295783500385,-9.278003841003269,9.317720974469282,-0.2802769747766547,6.036730507735253,7.327703137152,-1.186972795442614,-0.6178697061214979,0.8015028171798697,1.8169837022329602,T
1.2328529381382225,-2.2644896613224583,-1.0356455807227007,-3.473550142107058,-0.5108150794951882,0.7108322991424529,11.255074596752461,-15.985241956063987,-4.935889573316842,1.0663416954490188,1.2602526380440793,0.05762355172748812,-1.699996221344179,1.7099374720371543,-1.5538951498863867,-8.5764640496717,6.028716347396809,1.2236262372744022,7.157861854565137,9.166661794533255,-2.1405141325378736,0.1974243171074921,0.45697743421878556,-2.067497018390611,T
-0.16860009903740547,0.6228408349348058,-2.2894402827606655,-6.34961330686555,-1.8796850922877013,2.9657006951937888,10.85095700475646,-14.630083601593867,0.16341410116530142,0.26475806789493106,0.9431512915146243,0.017981328213977577,-1.9023951515442548,-1.867392962770694,2.2451797118040986,-10.519678794136013,12.048264554675555,1.611488443642827,7.0614815353042335,6.447521604512261,-4.066665736133075,0.6406371513103606,-1.095556403354248,0.4037532964513275,T
1.357872104834371,0.0718451745672084,0.9244409621576892,-6.650698817809889,-0.9556590863399776,-0.44878998990236596,14.354848482837575,-17.55800153775499,-3.7326789860094323,1.6588754940120154,0.5185308141920757,4.095853957509064,-0.4676884765628131,3.6596658069042007,1.2287770521073753,-9.30854784928416,10.926453828009215,-1.761179350563168,9.62994330903422,9.909196117832877,-2.4311375307102594,0.2848452202874725,0.4900994615166887,-0.22391592835248275,T
-1.2530750751757296,-1.2419104254860613,-0.982863123276104,-4.927938683764523,-4.329232838350549,0.41255465049283657,11.088106243936235,-16.11284478787428,-2.504288165476055,2.0628570506239257,1.822247509986255,0.8578624173683806,-0.5487325174325974,1.7848700917102391,-0.7126973584200869,-12.670312665637411,8.636544589495955,-0.05689125799750627,7.4601694719058305,5.59598396045827,-2.112925358145901,1.6155693251083534,-0.011484095267004335,2.1222808633525005,T
0.4297467275763722,0.8924526499148602,0.4060792402040647,1.7987433584221222,1.0039838115982036,3.5603703906033957,-12.338117843947343,-16.664972505457683,-2.0423605498571646,8.30928083255833,-4.25318065439663,-2.8995018227688547,0.7603656480881398,-2.16009893329322,2.3763989031352253,0.5994549173898136,2.792634610137398,-1.0514438813492575,-5.325179367308734,20.230604011087152,-1.8969608529891957,3.6451060028917937,2.728523371528233,-0.7817156159406409,U
-0.974143780324539,1.149963891102738,1.699299725701394,0.3553501206479268,0.8944378164986801,2.0393816155486775,-13.025131595620286,-13.718728211278204,1.431927189201815,11.915253868275784,-2.5631355850429713,-2.9349855084306,1.4183301007712714,-2.846840792418554,-1.5871450742138222,-4.038464751092654,1.0214118853954517,-0.28559341030148744,-5.403640966227182,21.049563298152336,-1.3452934885148125,2.4330243866918524,4.170559930344041,-1.3563771055740403,U
-0.32853313325242084,1.1959819137521688,0.4439701689989306,-0.9854184327967914,2.3615841108638165,-1.5588564292937122,-14.020425750767034,-12.645654132826166,2.641486067966639,9.217698129507347,-3.4817328590637544,-1.580660739535631,0.734846586891706,-0.8762067393306623,2.9898336247928796,-2.611360274094899,3.1256212191345867,-3.6744641052516727,-3.686582071150611,20.405719494573944,2.7566596364852103,4.948409501164244,4.070786116000278,1.0257266133173744,U
-1.7655480142311148,-0.05628031500215158,-0.7443559874101879,2.035349711215268,3.02009190071729,-1.3895598746591986,-11.505041391493586,-16.75986233009624,2.173039973332834,11.059779384147141,-1.2469368960008183,-0.38905867991678633,1.6469267699640397,-0.21335557314490927,5.410276176625814,-2.943939173081432,0.28186371401976373,-0.5129098463786477,-6.35576762373149,20.817844197407297,-2.026175178630808,3.366146745429347,4.705536993138999,-0.36188388517138037,U
-2.2756841861503005,-2.8017556095813756,1.126379643643702,0.6412330204199108,3.1448457854254173,0.12812946689018645,-9.989022820028309,-14.442394289319196,4.109040635053361,7.769553146017209,-0.3216873699208236,-0.4039565054080754,-1.5469160808031006,0.5823905146672885,1.4563655630263952,-1.7128530393575474,1.5034475404214334,-2.781148614805147,-7.4768989246037645,20.32535445600857,2.0199272157149153,3.081350318690795,2.4680255852954396,-3.7424313732847736,U
-0.07699098751041333,1.1086969088386294,0.9724193181522764,1.0468422306802267,0.6309537695971983,-2.4990400429284705,-11.21671523120076,-12.54126321949721,3.305290839424515,8.24643021527472,-2.5199680979459913,3.788233701128263,1.831680864566863,-1.827789742033886,3.7769333335916144,-1.6434874887596678,2.9738556805780405,-2.6692328676243733,-3.598482505062068,20.510649747408635,0.07276167732402428,5.0713957727505985,3.7808316914485687,-0.8178561614016076,U
-0.10129083693865937,-0.49976457408541464,0.6807051305992786,-1.3773199306160961,2.272536303489659,-4.691497285177888,-12.774950777459553,-14.862804307480616,1.7696287433059865,7.5063401048756475,-3.6849469814389977,-0.06230512054526116,-0.2523021433561041,-1.8738090381190204,0.03896214770890083,-1.5807724295914767,0.6005973574264232,0.9471891520924487,-5.111242759654456,22.457663574771388,-1.9129478936512783,3.2522553384315103,2.296170111021894,0.30892346909541857,U
-1.6349578153172786,-1.331619945801215,-0.2156705686813325,-0.9349215348188409,4.2089620709308235,0.2814388703916961,-11.104453124611696,-13.670538732192512,2.713759481163038,6.521770034030666,-3.708702596121043,0.295772316221246,0.6357515642672809,-1.8056641871939334,5.173530609821853,-3.4015414090394813,2.108063510532432,-2.065437005642252,-8.96278150124307,19.946351254010366,1.7952336066757084,4.0116219959928205,4.402007459165887,-2.291749049949715,U
-0.7960434705642001,0.4302352971901353,1.9301321734266708,0.3792412623754231,0.9161556440669187,-0.7588372902152969,-11.92368395943455,-11.408459142901137,2.170631846432798,10.02199577780344,-2.677706541035832,-2.107802051664521,1.4114108544256396,1.257323020417303,0.45332280858985996,-1.9202733850264195,0.7083799681513767,-3.6935141165196796,-5.997668078658302,20.273499608657218,2.208066013526661,3.2861918396820577,4.445038941085677,3.275561100334812,U
-2.4916566032308936,1.2601899509257546,3.0479278984248594,0.6949875455829684,0.23674469408371124,-0.8416201011687008,-10.059747083802092,-11.243661044988528,3.251416653594788,8.611181867090423,-4.451508443012813,-2.694953184653741,0.4087848789678503,1.3380915641957998,1.2494042963231777,-1.7473334044030153,2.555077593359073,2.1451405802599197,-5.4989350455870225,20.56467694229913,-0.32516588913529176,3.446644620686122,5.326849397788827,0.9046199934608694,U
-0.5677143894387768,0.5308234943804333,2.363323671367425,0.8957570442440641,2.4472437213876788,-3.3334519125817224,-12.233457376514705,-14.470630050176254,4.254238272965267,11.490367221746126,-3.052364840822804,1.847200732201486,1.1503644715733685,-0.06213491835091389,0.7268552306857714,-1.91348652075866,3.8556662650131415,0.47873899765420447,-4.384862627320186,21.81829759057534,0.21358643627661422,4.4791333164575775,3.7418716531814553,0.9714126981854747,U
-2.1332837121198054,1.540914174308627,2.5941546829712934,0.4143989726622408,3.052535400390269,-1.7960346276463497,-11.462009053424547,-12.60995305429904,3.417205343808007,8.620547780861273,-1.9568917023674999,1.5145253817879052,-0.6959217048751327,1.2015313675134678,3.2048942567304266,-0.49683552944829756,-0.6944263924299747,-1.2323466161661258,-7.480835596787487,20.042730557403146,-0.48525450334443576,1.0128434853597064,3.7026406902814415,0.6661239328521447,U
0.32087738037083113,-0.24971955871580853,-2.0493982922302507,0.5696943317257208,1.2699134902605635,0.1366743059120381,-11.360199803788271,-13.885565504808113,-0.6166415225753212,8.74828625709236,-4.42395264417587,2.6051742434960374,-2.0252900821464266,-0.5000534855768635,4.7199643891629535,-2.4495498643418685,0.21969160537388177,0.7411044441332137,-5.716536875165458,22.635354438057064,-0.14186162805282265,2.08320559562711,3.624586219028167,-0.5550457658717391,U
-1.0828755912956183,1.0731313713816153,-1.8689447319749775,-0.47433322978999115,0.5317227297127829,-0.7511732078305045,-12.471421329576048,-16.870495082389596,-2.1919395177499723,8.954213419780615,-4.86594335412795,-2.1969342035486648,1.4164335920926874,0.9037024135676646,3.7900743132030925,-3.3287821656655296,0.46471427123483977,0.3567536372540303,-4.452735933993762,20.83481280628078,-1.5798451590553668,3.596237005827142,2.76110261055792,-1.8988546744636778,U
-1.313376405465931,-1.1341086668385554,-0.5395906882992563,0.5134936707785016,1.921356419351497,-0.38630065255091495,-12.553819697582965,-13.424568571479455,3.766289650757926,7.270141627799454,-4.213816845095835,-1.9654529603978403,2.0328569788865423,0.8116658720129379,2.9537030217102824,-1.18642806523534,0.4347148222083064,1.7796233445945973,-7.705224720083795,20.684675953584858,-0.8582266448002542,4.995241855524281,1.9873472547919988,-3.8035380870414315,U
-2.063512063695555,-0.6154207524929554,0.0904881547614309,-0.8652832523536631,2.537786268691349,-0.4791648142537497,-11.732823905901748,-12.747733636502602,4.3902438230218195,9.27308256951946,-1.4963035941148632,0.9676781928297373,1.1251178729714866,2.4984545259088193,0.8262835163104114,-2.4545730853189553,2.5561637774852954,-2.818158096520051,-6.117803812183979,22.20721263267582,-3.0441103178683306,2.2778661062555816,5.771283331581984,-1.4008322411439167,U
0.9871216938827558,-1.111846063389489,1.6331589095868253,2.0931778808178763,1.610233493994457,-0.5869202284311541,-13.71988333118456,-13.900491707504472,2.471323283614595,11.548873768802295,-2.8973442435288916,-0.6698228290259749,-0.6511244686353734,-0.853672853081413,2.714099324913093,-2.4814513904693314,1.118198363705588,0.8429416299541685,-7.369387574158685,20.60675814170348,2.3144927116849203,4.616508831186026,3.158704432940649,0.9291501884640638,U
0.06160140369786404,2.431683350230804,2.1769501704571894,-0.8123420068387759,0.6224025508825264,-2.1591557225010547,-9.643140713230041,-15.204747749708787,0.7462238045952176,6.268467493532043,-3.0408270559184416,-2.5639904641539033,-0.46624072265652217,-0.8942611871088744,2.2075489822323675,-2.538734890346703,-1.6051504419938425,-2.63200109089928,-4.315631879665758,20.900785299310073,3.6287421283986987,5.535377480785272,2.067437447008558,0.8010328938073599,U
-0.027451333438875736,-0.5746967091538693,0.6012152629875231,-0.06261435205804133,1.1522199646268803,-0.5542856693866725,-13.285629650262768,-10.836967532059049,3.8635336234672195,7.151634152787963,-4.885491575215497,0.04544918892338501,-1.7486404758645904,-0.13136517665390102,-0.41481283527861024,-3.6191432265891166,2.816932602274079,1.9771667485998137,-7.435903444490325,20.823815244649083,4.512422321855297,3.40646353536712,3.670469366669181,2.930629973399391,U
-1.1678540522375158,1.5421359519354603,0.9316920497433898,-0.8248312808076435,0.4075172500261601,1.4511403007684862,-14.684634021612409,-12.88157908057346,0.9525275762916863,8.908059691002059,-3.196667070898343,-0.4987791775658934,0.2515858375236064,-0.944351127658976,1.6867543873511295,-2.226789412692753,-1.0280911337734864,-0.3620147009106063,-4.7031884117045815,20.24472378332935,1.5648400321034615,2.6529340212442456,4.4833201910856815,-3.004393131583356,U
-0.08242376543304886,-0.7791312155399837,2.2546988514349664,0.4006889644984497,1.1670162535789075,1.6933586221415453,-12.323185982639517,-15.441491258992784,4.144076775598819,7.796430774533491,-2.9291090654056973,-1.5346679599118147,-0.6986417324707475,2.8288610186685546,1.1571976020093189,-2.1215868215432394,3.48819977773276,-0.6769575985173333,-7.738482622372664,20.12377183650119,-0.3996285864362221,3.069404717404403,3.881419206610687,0.8365043448201845,U
0.1896105611807286,-1.6667783823746856,1.0711973446122443,0.9649876650295965,1.2376070297030708,0.7441925391293012,-10.754769803172392,-12.305202378769678,2.7542773796535585,7.72584253923938,-0.5787925387423911,0.8892741710271252,0.42765305518216223,-2.0798716519040212,0.17190199300546283,-3.445658659093617,2.646569962307481,-0.5860568632231775,-6.5421477411888675,19.903318203059015,-2.2981761154238143,2.1531149449132885,3.7641343765949813,0.6115916444259142,U
-1.7033759332029206,0.6619548547063108,2.9316375047508245,0.6412329651844786,1.728330252116308,0.7724462929294873,-11.888118102431912,-14.185837221724313,1.32899341427958,9.806973227246445,-3.2016858178050995,1.3485314090785891,-2.136735554829187,2.1855584740272747,1.6101056924540558,-2.6002285628513846,2.8603701837463404,2.0054166911549487,-6.49300749064089,21.744720607291796,2.0735877232622215,1.943658054927912,6.183139272594957,0.7795692873310145,U
-2.601610539639438,-1.0166877223075153,-0.2645112321252441,0.5815037921197046,0.4209515021825325,-1.3409514209863005,-12.597122879157864,-14.721352267304582,3.5059052231737837,8.817516570630787,-2.650555120822304,-3.8324637070041945,1.6885999175884763,-0.4374738533399096,2.6635204023133383,-2.5820386846897136,2.1836742280296875,-0.6438833654061682,-5.304817349522931,21.043862062204227,0.39163700652727584,3.276418285268491,3.7749942103943255,-1.3644857503616095,U
0.8694298253121531,-0.37175553743007406,3.078586078350952,0.08602854436116303,0.5083760643864821,1.208915433996367,-12.905674891881896,-13.247961206496967,0.04606340089048899,7.888602211378405,-1.7045373609727221,1.6492216310808203,-1.0399051850610874,1.1401726144644684,1.9129921582257339,-3.1270617993385983,2.2127251810618844,-1.4099629254227466,-5.108663481927595,22.10689471822225,-2.9582569138188433,4.755649074629996,4.113138500679732,0.11270002629282772,U
-1.2271755291004922,-2.472570254817808,0.7286685724739073,1.1538107159644042,2.665526981957555,-0.8350467805469179,-12.315312412961115,-13.046920267096908,3.9123785676572993,7.889960012306581,-2.7021379198448585,-2.568152647544366,0.7363406225693723,0.4228882280583406,0.44937916420002466,-0.48638298966773164,1.2554404487438546,-1.660932776817333,-5.8240481783313784,20.00024187928655,-1.329740018403868,3.7959205257687927,4.228930009626218,0.2329313578202914,U
-2.170887872342348,-0.730126665754006,1.5729317925230362,0.7906888650746708,0.7722674450072304,1.6937989590335292,-11.519294750636595,-15.636421944044713,1.2063518292876552,9.648286098290498,-3.997843544248326,-0.42125422771971444,-0.93687157208916,-1.473899624233276,0.2165827653294059,-2.993079178063674,3.3312775141514663,-2.0303945682571793,-5.73079028344859,21.38241512578243,2.1526502343093057,1.8790426950390167,3.3953102799843364,-0.019797410782928182,U
-1.0224697047447933,-0.1113938275764319,-0.7526707432253374,-0.5350126353130875,0.6851150968384161,0.28515925315110735,-14.33359338384957,-13.409093770437522,3.5293344378584948,9.548376080267168,-2.5463055273551163,-3.666462857483225,0.042267039579229504,-0.8882881997224388,4.202244944301128,-2.1988257795654107,2.2034929232361407,1.4322843393184712,-5.284319663150848,19.440423842762655,-1.272807142714555,4.857730373404181,2.894134379701967,-1.1207343970934858,U
-1.2555457606253526,-0.8478189794445381,1.2060992630493956,1.8854851036243687,1.3338511581762589,-1.915394730649382,-15.271602296397793,-14.08212698847612,5.359341557706159,8.079733513189254,-3.6833176465619886,-4.275728159908283,-0.9581848000921696,0.4242461360051806,3.8524900791639425,-1.5779208415450867,0.7127245389499564,-1.9732361110491752,-5.759704313176282,19.731330446821815,4.119314019527451,1.2706262285634011,4.308070796189867,0.2066476586811632,U
-0.2948682262026239,1.290869106940038,-2.0697670219036013,0.6123170351743994,0.524939901084025,3.2682199535806262,-0.4597467069712309,-1.2133474099002797,0.9102606201176968,2.890140338742455,-1.0627337058230069,0.008875293853066069,-2.213975986947048,-1.3035367771337931,1.248747105111363,-0.5717674517740221,-0.6694480516251247,-1.8052598766475967,-2.0969892853746703,-1.3317941485787514,3.8578219281371275,-0.5030388301033728,2.5504237884591063,3.446822241322195,U
-0.8932416116708453,-0.7999004946833725,-0.6832493288888486,-0.3862346433752535,2.610547065561917,0.029361797074386686,-12.911511935367928,-12.6357426724675,0.4413707916127123,6.232493296489579,-2.8786113527050645,-0.2734248698647548,-1.4635714288084216,1.901576156547243,2.5912399465989324,-3.0878311764817283,2.433720750075267,0.7888464195291931,-6.274726937308608,20.169247633161874,2.6642463616424834,4.859359518031765,3.7509667389814183,-1.5416554258865744,U
-2.199946631522522,-2.0171783852469334,3.692656734967727,-0.8305087894768306,-3.3945080168714696,-1.4212611199973253,-1.2153911693668196,-7.786586234114708,1.0623611767804846,-0.7958113654640968,0.006651962072822926,1.1997219138863215,-0.8476837674656963,-0.9651944246593445,-3.500892026874851,-19.855338801043253,-24.99498316189174,0.654352693169983,8.266580466621656,-1.1854828268886592,-4.178727308730174,0.3191457499583965,-0.7994355841243568,1.2298187051494551,V
2.8601458629760543,-0.20333207933070874,-1.0568931238505002,-1.5148068810373019,-4.182382844536903,-3.672415209187136,1.517731167551612,-4.841156634991393,4.361222581130448,1.679935465955161,-1.8396354847907048,4.118391960593442,-4.048729622819593,1.5611857086458798,1.558774671460128,-18.024796498156427,-26.42086706004423,4.350490355341265,7.878345008955332,-2.2162054044281803,-6.782471497962376,-0.21243800368783505,-3.881156183130578,2.647645997199106,V
0.18919499323885702,1.6162154711641552,-1.2942957713953547,-1.8437218858538316,-4.642293904438645,0.9216497432662436,1.632980315225689,-5.564276089353655,-1.0203739936098373,-1.6483017759020484,-1.4351141053630272,2.0680762072262837,-0.43501582412397966,-2.0048773152622488,-3.4962903351239447,-18.926697166753762,-26.75249529849782,0.7918964120172518,9.906806724601806,-3.2226336906051927,-3.554354976601701,-0.8404019111583696,-1.4552285005387837,-0.21780277414387683,V
-1.2935650192885362,-0.4024724239245696,-1.0755037924643602,-2.3743549785355853,-7.6748743603740195,0.18360490093027693,-0.3661601350922563,-7.23355202736181,1.7704093111483985,2.458169756168772,0.66041001539935,2.567185701534811,-0.8353312046519648,1.1496028965049092,-4.367923790564475,-18.40800833654638,-27.77860389440201,0.1545836325258847,8.005811192613434,-2.3526325527552103,-1.1516513677392481,-0.1662841726104589,-1.4392101517413707,-0.35468283923330546,V
-0.9084484007134961,-1.401431714959811,-0.3992237112461794,-2.520282780574,-2.9138345781562975,0.9120083979961464,0.599676880948671,-6.123556512479155,-0.8502044429169473,-2.567848360639836,0.24475107322422218,2.494908200916143,-3.06890701694428,-1.0342887174855875,0.6978632978210726,-18.435429861491805,-25.785573549986964,2.8437374367008488,8.720109930525593,-3.320097603914263,0.15602331984911189,1.0000506378245113,-0.8538707358588624,-0.6958906283134638,V
-2.1107565238576456,-1.492653501907621,4.035620817573488,-1.1086534291263774,-3.9636970557306768,-0.6799261237091514,1.5617132101058875,-4.451021034758924,1.2445750627480834,-0.4821019131068667,-1.1892744521752547,1.5652400609363326,-0.5244725118095914,-1.6266878693178555,-3.856771341867102,-19.118099443254614,-26.704848590419303,6.689464257702696,9.167259150027746,-2.6201905720566714,-2.0743167039684067,-0.7463295072613807,-3.850884038484992,0.5171764186675318,V
1.5299650829191194,-2.240345768000746,0.26786389546867895,-0.840689557105776,-6.418947183876924,-0.7528647096378336,1.3902651203638738,-8.427036123975256,-3.1628853665859538,1.1172654409279872,-1.9136165152850424,2.2820361350225653,-0.8585425845877808,0.04951149566797142,-2.1940873250136974,-19.184751214765505,-25.11552698789569,5.623782696616786,12.344273127648162,-0.21353652484583563,0.8012144123618441,-1.4579131319134548,-1.1454539291243364,-0.22919129909263347,V
-2.306369214640796,-1.1471782199505736,2.285555032169725,-0.4817751067149274,-3.6836487992924845,-0.7197893718179103,1.2015773260150997,-6.133055529840789,1.6641947722980035,0.1769482921756378,-1.4385039316586017,4.1166379869562775,-2.8967825460997574,-0.2335200231905148,2.3384294720822822,-19.372353041290886,-24.728106844526593,2.354270530459644,9.640607465944198,-2.0615924446483973,-3.0834892937149334,-1.2291801103801263,-2.3584858584511537,2.6485248205959806,V
-1.7943336341826637,0.3382969058369216,2.8639479516497204,0.5566866112617816,-5.006095596520964,-2.050025359692654,0.699179292527786,-4.550390232276413,-2.4511307135529137,0.08531979204417439,-0.9863334828375514,5.7125287467306975,-3.5755158953777197,-2.8899453646283817,-0.83231618420308,-20.87832546251412,-26.40905561117455,4.525256902773037,9.53784748025777,-1.998198804345975,0.600601906617328,-1.6137502835778692,-0.5821057924641302,3.1787372229396738,V
-2.3221170306317163,1.0827312871234085,-2.071103930994866,-0.33747598363270015,-4.607812672887263,-2.917721826613217,1.0795411619600568,-7.418846628318931,-2.3120550399015087,-0.9717396798111722,-1.6524418895603503,-3.0905744352722877,-0.7241577941068442,0.5422722773488147,-2.8850482393148127,-21.50004301045295,-23.179100454062876,4.483642000915324,6.27069784716949,-2.8534023759244747,-6.0538444354712055,-1.2890443157987939,-1.6684865671908362,-1.2959662732424704,V
-0.12139100225834909,-0.15120536791252448,2.2170041006793326,-1.822816512854466,-3.5191266576158,-0.23557270419382803,1.9932515632448107,-5.993643334298525,0.7115148594374432,-0.4002466846310071,0.0943453137148822,1.5352317259091137,-1.9826607922863104,0.20059719993634673,-1.2348467128283005,-18.14683240588453,-24.663220300872922,7.773974253107156,9.502010273244647,-0.8716363388681145,-0.1363436124631221,1.8547114968677594,-0.8977175722078634,1.3524556503647318,V
-3.3129317781615555,-1.299214404050037,2.5019237773090026,0.16994362326223467,-3.9873145542062502,-0.4204147750365905,3.6442018707348804,-9.210164059738645,-0.22647353228342126,-0.28608436729459186,-1.949320728423146,1.3357231279612165,-1.2156931983639652,-0.8446509024502689,0.42126285107690364,-21.251493820950124,-25.197791435000042,2.396532460209073,7.710019309878399,-1.1888772515342794,-3.5011263825423953,1.0356162504211346,-1.1595719769852906,-2.044520513335442,V
-0.4207132082290741,-1.0259565327070348,0.6127916530425637,-2.644761741258513,-4.289078829252162,-2.588340745191772,1.538500558460452,-7.291518358049757,0.3267305924779862,3.45875909410028,-2.7062439241024094,0.7678523656238667,-1.2910328686746766,-1.0140629992592096,-0.2405679716217719,-19.491808473751213,-24.616387121002035,3.077856061426928,9.218164144232858,0.3462826578133331,-4.73675260324552,-1.8522570927380513,-1.8188932052888092,2.544271333030565,V
-1.6725701683358523,-1.6043729557279,3.1983646820212925,-1.9447168969892985,-5.523016544118008,-3.354413953133303,0.6961927021725565,-9.29921299943922,-1.1274684605656944,0.8092562993253125,-2.5307230539454224,3.8387257814715667,-1.0050154568083656,-0.2150579896813838,-3.0578521336339577,-18.49312232453378,-26.248469519015345,4.674396086128127,8.16001936468231,0.13600949510961868,2.9078265082594044,-0.573931207122846,-0.08160770001989448,5.202781649905205,V
0.6964817761724476,-0.9439656438439084,4.897616048545956,-1.7871150200615773,-4.689800908291886,-1.988490792252378,2.5126181870499336,-6.6023300593453484,0.3440293918805537,1.1229667183026635,-2.0218076818132715,3.253772521697101,-4.299042959636438,-1.971755500275556,0.03669452705258891,-19.16927693846018,-24.645435747241535,6.99672512140819,7.072824596022633,-0.9377445729802076,-4.574031633885795,-1.2628452729477653,-1.371608767444691,2.5683638700603524,V
-0.3175469059321472,1.4079800826284359,2.6512894259498125,-0.09964835809912387,-5.783242611708516,-2.8285863606029125,0.27809334582763157,-7.241561704057773,0.8678951874475729,0.1484414047310878,-1.1549317510961714,3.2009819998768876,-1.3517095331392852,-0.04876906319864105,-1.225433517524607,-17.991267125056517,-25.488286907903742,5.778184353237862,9.233910803516045,-2.4418187594174725,-0.9122776989133285,-1.217505924345685,0.4636859819576742,3.0650679716229092,V
-0.973744915578493,-1.2954135866294596,1.918720099954669,-1.8264817499360007,-4.811706384443397,-0.018756110143328897,0.8546089850334972,-7.5441460458060305,0.4999601310632329,-1.3193866640668617,-3.718370173527944,4.524636740844755,-1.5338850995234452,0.8987419107015029,-3.263044043631112,-16.986471864174042,-26.098875692790443,4.652061085421224,9.519657429269598,-2.0273830750062416,-2.7657143924759,-0.08646510150637354,-1.8725131665742971,2.4168176645139283,V
-1.4077291386810202,1.2423692203107652,-1.9545969591782182,0.07234241537372554,-5.560480516805228,-2.597750018779493,-1.147246224234033,-8.438440943377458,0.5080702119720968,0.7006594872108494,-1.6681857009821783,-0.12635429333931825,0.4307773953948981,1.5751684728424848,-2.6384489469911614,-19.079818728347895,-24.344486906025736,2.0222541387918227,9.90368435831799,-1.0643975417191598,-5.609045956434159,-1.5984109064195025,-1.4675810944224494,4.523640152185294,V
0.7692416478494977,-0.36514213652631433,2.434469932038951,-1.7415043902505758,-5.022790727848758,-1.1034826560727424,2.767414552856893,-7.89708548236041,1.593662987619041,-1.3007897663374806,0.37275992691218107,1.220963059646067,-2.9813493373407596,-2.144153396882551,0.4891536086419137,-20.21017879227187,-24.92792623155688,1.2428127402747577,10.557032920830457,-1.457790354870923,-0.09079351723727314,-0.6908089895216065,0.670428338547147,1.5648868546298331,V
-0.12288820016470936,1.1571204796528036,-2.180830062658515,-1.2904172533130875,-5.261840744640324,-1.4760143501656557,0.9961928499705,-7.804909167536124,-1.2279880326899502,0.37038723036828713,-1.7061932870169016,1.4695399462675596,-2.3820329725173224,1.4168871137524945,-0.8682333575627581,-20.277103357789933,-25.798741360211267,3.726987567056483,8.683729639702308,-1.87385654100774,2.987098195900785,0.40330869793892443,0.5369896016186146,0.426510019708644,V
0.4999207067702116,1.3429574336833205,0.9590471323976999,-1.1952592813483847,-3.5105720143041594,-1.3592817415948275,1.1848805130272329,-7.978256813291381,1.5148271351815765,-0.2722370680035979,-1.2232121118056511,-2.2215666514947543,-0.7051530344693901,1.3171132890520951,0.3787760578695156,-19.10900457321808,-24.783898459456083,4.000524546075894,8.929159729903157,-0.6720890761153555,-2.8141155475593678,0.3069284733442208,-0.796042688809866,-0.5500361306023933,V
0.29507787091668547,-1.0590786743595544,-0.30351923297803296,-2.362543833460819,-7.140033325195645,-2.9959041886130535,0.046373781622786936,-6.885773762284742,0.9960037272877571,-0.8574417905504887,-1.0592284880075908,1.4732600252321504,-0.4852428279551191,-0.6413032691229859,-1.5570005965422524,-20.476922630897143,-25.106432922225196,2.4970579701426345,8.924001236103836,-2.906479093249402,-0.6464027861852628,-0.8706733204552517,0.11685368757986225,3.580608599495122,V
-2.3122083734714067,-0.2773140061063355,4.319666338200591,-1.1356667400378058,-3.3297601279697915,-3.684238906514622,1.5535683358352017,-6.018351594536938,0.877743334188267,-0.4861748636512644,-0.12624434389169892,3.4309425562523757,-2.11840618344155,0.34286065211239247,0.6461863776164591,-19.865247637718717,-25.627699717940246,7.537229266275233,9.649974039195952,-1.8260730009465647,-3.2696445870371917,-0.7251529479080752,-0.48097461217125215,0.7296137540659515,V
-2.521530996469693,1.9365775458305894,0.873847384492251,-0.37752168128939445,-2.866454753893322,-2.9959069780025516,0.5502652369408434,-6.063554963125199,-1.2639033280448757,-0.15821022592943734,-2.27266635808499,1.4077771460077315,-0.8251520733728057,-2.99080609496788,-0.2950985477494896,-19.61370998676025,-26.29190735595151,3.3047430143751626,10.662372502332966,-3.098423888745714,-2.165641233141571,-1.122754750440567,-0.8104320842000305,0.8748135461598281,V
-0.13184342466360022,0.2850842385702137,1.4375725064521134,-0.36055402867940956,-5.563197603113849,-0.9033174468850689,-2.0210469681278376,-5.800203743637269,1.2200439563601435,0.5685767819504619,-2.3108156782472804,3.6530048319964976,-0.23153165570454348,-2.189493069264614,-1.7893690312583885,-16.400724215270337,-25.97358070104262,3.2988314971240698,9.47567541649067,-1.4019973452467127,-1.6647787870513753,-1.5939312322808674,-1.3486669122686905,1.9391608124476534,V
-0.9343776954895873,-0.8321104670649682,3.029731974468632,-0.3566175131129583,-5.496138981193809,0.594674441238908,0.9178669530816617,-9.796042568293501,1.8144191938725385,0.8426495343377312,-2.031988470155511,1.8558614430153284,-1.7890894927290617,0.3543987649771765,-2.973738424861665,-17.86244309990672,-27.210504298559684,-1.1230900939658568,10.3019654392242,1.7843815411185489,-1.4540942929637595,1.8905484221477993,-3.1587122322531016,3.1662519431832834,V
-0.21302308233646272,0.026351109716159726,-0.07575262810144068,-1.173268335264801,-2.455008701238512,-0.8032365822074325,0.9655141338978321,-7.726447714689499,1.5240315405389993,0.4202055334031414,0.9427603881280788,-0.9767492543210778,-0.7616224020015352,-0.6685872854516788,-1.4056697263411024,-18.950179618041638,-27.068242078824284,4.98100981147104,7.56001939661529,-2.0478800889786015,0.37875248062397304,-0.75963256247443,-1.2984407922045271,1.025485098584852,V
-1.7940618620310431,0.15558207934799384,3.8453032856252776,-2.5759382574159915,-3.3055961300952674,-4.2514611219858125,1.824382955665496,-6.085544162388146,0.6528241712481417,-1.9340475191832098,0.08117608117811415,2.9359971509568936,-3.7092222151952967,0.02901473370729235,0.8406672528992658,-17.52049729291148,-27.31557141099472,2.211474750225989,8.613955966122605,-3.256840926778665,0.17355408046313414,1.8910915781847626,-0.18844050118281785,0.9617553092307389,V
-1.3811191776330531,-1.1555945326947459,4.241478894540705,0.22994390565339273,-2.915596864726581,-3.0576692259079437,-1.4095086394996361,-2.277852420859034,1.4375125771092598,-0.8750877204997991,0.38456902827584827,4.9801784568550715,-0.630762212278853,-1.7948778821159053,-2.3421309135052297,3.7868335368298247,-2.870186883986676,5.888552955869784,0.3192950691696823,-1.0763426879604907,-2.886823801721903,1.4911818839683901,-0.9046401257751882,5.240222437518298,V
1.9881080703387113,-1.8123367801079375,0.6246208186781246,-1.1466621336786673,-3.939123777087815,1.0940057610564509,-1.2514994819304768,-7.341606403333941,2.6854047928897558,1.2274910044951355,-0.4516273325927216,-0.6622518028840432,-0.5330232748318906,-2.5204430579965873,-2.2321912968834,-18.50343780103332,-26.438649411162643,3.864523939590754,9.021603178828606,-2.2585604749306896,-2.124252188979767,-0.6261936529351586,-1.6650925309193774,-1.4562797785274029,V
-11.201806261157856,1.106877647775356,-3.0935575172108543,15.63257466967832,-16.143744286446974,0.6273886100119626,0.7056625481752157,0.31923170215691243,-1.2237741909107172,1.6786756305263921,1.5084813011477252,-2.582366087209607,-14.360649746580208,6.7779101945697064,-2.3848650371839994,4.582392794509758,8.518240671011284,-2.001735411768493,0.6714488632857094,1.0053238053129547,1.900276722904266,-0.7916227043764561,-1.6505706609319972,1.5002202060066452,W
-10.780721666431305,0.038144768764547976,-3.1520388907172787,16.561488573238357,-16.16817482291566,-1.8760561203065436,2.8702779582560893,-2.3134359705311454,-1.7682189422187093,-0.7461671038320574,-0.5144113565163195,-0.4391819190110482,-11.200604077922094,7.119855594203607,-5.2255716199222775,5.451307192426938,9.780275284849324,-2.088461811876357,1.0694579799838868,0.09663604460168074,-0.41066083233113204,-2.4945639119709266,-1.9610229435225648,-1.8161609671055885,W
-8.844020508917538,0.3499546954772246,-0.9438148314871455,15.092981540110344,-15.615142342270133,2.52418887646769,0.36330971508542653,-0.6922143643067784,1.092853553185762,-0.6750356314818049,1.2173100779258732,-2.5757837355940865,-14.895490767949696,9.575782894980449,-7.161576921419396,7.236781408663745,7.671994705959847,2.236006408968251,1.0119014390771874,2.234237974693528,1.2123833361324614,-3.0410797500783024,-2.698941160348717,-2.579604498815172,W
-10.672528552853976,-1.399140433734348,1.493487039005629,14.457823253303655,-16.021437607709515,1.8349792016497872,-0.7776407152171796,-1.203436174902265,-0.4892320761005067,-0.917614574656703,1.7745473975269306,-1.9573109070095143,-12.050514858884867,7.468859920242913,-6.071811522884673,5.7811714906994,6.765750105223674,1.1309084544469101,0.712172903496227,3.335142599943211,3.459805222179625,-2.2537493784244265,-1.7641897895432876,-2.0404229664515583,W
-10.242890019067573,-0.8329414352874274,-2.0896424295411293,15.769814225969302,-16.99351540461106,4.200882477773916,1.67231411600544,1.9722164317684587,-2.926974808221928,1.47695570608294,-0.05626770627151245,-2.710915129648015,-12.195901926722797,9.558272029479845,-4.150486032614992,6.726918375973199,5.599550725738553,0.4749928773912302,-0.6590036000552739,0.584509981595744,-1.8731766296657497,-1.2794960214821964,0.27160149708058157,-1.3862555909301477,W
-9.387824322040558,-0.20484177497499445,-2.65643016307655,15.80809471820817,-15.070936926104253,2.924084619583141,1.759192044605494,-0.7313106407756038,-1.5211796444157244,-1.508248771356719,1.8535544383879028,-1.1756901667662305,-12.038165720668133,5.024336099408977,-1.6777054200318844,8.468818689682863,9.13113566651512,-2.859577987463126,2.273666145606839,2.604146102974525,2.154100230221843,-2.6689982501910317,0.4111496304818907,-0.9447380691453304,W
-8.871575658738067,-3.8009052082726367,-4.309258824964957,17.15239346327289,-15.68953740378032,-3.551002680022691,0.8405945774764403,-1.0309032518209165,-3.501422343395859,-1.087434146725684,0.8283931371072981,-0.22280303816933156,-11.71739106577914,5.123429896497186,-5.965815661123543,9.578818302344374,9.07385031970287,3.485862106392972,0.9772860626608129,-0.07481326970562918,-3.4655514882630314,-4.512301488943244,-0.27830747492168584,1.2146426477223145,W
-8.712346549332182,-1.8312218859486915,-3.1178641191709744,15.447823324764506,-15.4321604075717,3.4593346317349756,1.6520880348649989,-0.1370104820289555,-0.570260388680083,-1.3684288519949277,0.607396919077587,-2.531112960883945,-12.60735009213306,7.810127277288082,-3.3005293095786783,5.438274650332019,7.496067827734109,0.42834122187474577,0.5785982256070623,0.7972223618453143,0.8744505664952271,-2.7558760122756674,-0.14975500961229926,0.6277170410162967,W
-12.112256087497656,-2.3311767239948162,-2.7350497135485057,16.385153646684913,-14.436595302116189,-0.18622002041433916,-0.8757854579153292,-1.494340914765445,-1.5584176627450574,0.40496436989908347,0.8877153044132342,0.6575998711915645,-12.28440661786837,6.300624472846927,-3.6861978406253684,8.965516328699408,5.987516374268836,-1.5240894134652763,1.0295484863843445,0.7403462750881289,2.4922409612739216,-1.7839303491083207,1.5153118259551306,2.1898719852505337,W
-10.198635760967875,-1.0513576384885166,-2.776008390814468,15.556556140330073,-16.220575216854797,0.9834911590168076,1.3298253502888846,-0.959499189144168,0.6675480736095665,-0.5948095756288367,2.801608825407129,-2.8909377430353516,-11.19042686607429,9.832888212247276,-4.699967233786822,8.406238978044982,8.575930748572887,-3.8700700689111045,1.273349336617148,2.5445539655730585,1.2513653304852141,-1.5446090467116393,-0.2849594266381814,1.5952729613712222,W
-8.188908621257525,-2.3171947971490665,-2.597516627522566,16.433479584914025,-16.05510153433039,2.4409632982631138,0.5116807219777044,-1.3252022091967888,-0.18635618791472552,0.6801224985943364,2.2720598144528594,1.4751350782581198,-13.195265103577839,8.660850861493408,-1.5392928754015998,6.624158734213665,7.118555892737362,-2.797381837593946,-0.22217102651735754,1.553197158192276,0.029101086371099427,-2.733070774451646,-0.07333067069760801,2.209138243248617,W
-14.374204271687944,-1.964525043940645,-1.6179034744188243,15.921035828396242,-14.253741237450924,-1.0263147878511063,0.6242146473772276,-0.30900107598662885,0.44482197840142135,-1.0430451659465163,-0.17246784524385816,-1.6095408720123032,-14.100693352194753,7.775782784509566,-3.797232361667909,8.924111580412813,8.641632546541558,-1.416774225709048,2.8028063950813964,-0.1584312749662331,0.2997894635097964,-2.321486879394067,2.0760812203593417,-0.13529819512626773,W
-9.535653583233483,-2.516335037097668,-4.367949319830302,14.872257278925723,-15.47939920195887,2.4286971650971623,0.4066128747063935,1.5630774527844267,-0.6184454351219983,-0.045171395349207444,0.5176674511936881,-2.2652394014240826,-11.168160647293405,8.809764849977931,-3.8537315563352195,6.311262181760981,9.562538834377833,-1.3083748492065865,-0.19936561144368659,1.1846448665292826,3.699177178707089,-1.6052878254420069,0.12716762197507947,2.256223110285873,W
-8.796782101178394,-2.514977711712069,-1.2657539322100888,16.476511544965547,-16.142115711057272,0.8450801333610798,-0.06388499498368638,-1.6691814776808087,0.5048268833080556,0.600168170014193,2.3721045551556017,-0.37217015054915237,-12.182868476695432,9.12836174770731,-3.304687488400077,5.707325048248094,5.133398372322333,-2.4121509645205492,-0.7680081655757984,0.7212069619297239,0.7634181720169977,-1.720265290479313,1.219248904232579,2.1397138461986174,W
-11.56574024210829,-0.432217328503107,-1.7926728664755842,16.31592293959401,-14.513834643334178,3.131264701464147,2.959734866964336,-0.8522607924520855,0.6789346377003653,-0.12974130048787913,0.28757772675220394,1.1350226354820734,-12.994903297666355,7.869176388218513,-3.1643101917106833,7.472030757990311,6.933804014456385,-3.903782575097523,-0.4511755701594724,2.659802605124284,0.5124356993253514,-1.8125729205932002,-1.392244259070452,0.998044344112941,W
-9.236604502682525,-0.3168326518416773,-0.00822578423219511,15.984294040041306,-14.148269159515962,3.1586376433918417,2.623898002907163,1.1817640010778518,-0.07115926253999305,-1.396800599042038,0.38409369642130287,-0.1292860764717716,-11.784449715316896,13.482842359931375,-5.0565002049229975,8.443433315501451,7.699822774067357,-0.03179042073867322,1.6038924241815922,2.491071530165385,2.4791037376720055,-3.5456499103248493,0.4893394009344689,1.3813051072899611,W
-10.651757060193688,-1.8665159863886167,-2.608245475664887,17.12198597109699,-15.859220247433086,1.7537269646146,0.7254814047727018,1.5185552890135625,-1.717410599237553,1.2064127742025974,0.8566280970505886,0.5421726140506848,-10.553366512523326,9.514153691978073,-0.7480333307183287,8.886240101395657,6.46493822717467,-1.6066518350310162,-0.4058362374969158,3.990797880008955,-0.002654207393050001,-1.9978669650694911,0.12350212425133122,0.2972396742882779,W
-8.07243800816633,-2.821629271656139,0.48672011818229066,15.467370418703965,-15.790937470173276,4.636701663471058,1.541590126078587,0.28624641190577904,-1.5616972943468,0.8570005482808156,1.2272201297809033,0.8317006106835834,-14.28748490249879,6.925330067975615,-1.3089000741254608,5.186194269793006,8.574302007476845,-1.4511620679477915,0.35638103995334935,-0.7881597734682657,2.274765491330811,-1.897957639323101,1.6297466076122191,3.1464787785462818,W
-9.342348918932373,-2.803031831012052,-3.8863616379952077,14.627370737343377,-14.678221002501516,3.3406318856500548,0.6631739088960247,0.5643930780053381,-1.056461140765748,-0.11195920138114701,0.15441576596049345,-0.4757485506215744,-12.54205441960849,8.641845432126281,-2.9713660490971847,7.12492658962055,7.039143948516312,0.7443630608611898,0.34172040165226747,2.4138292269471435,-1.1929439559171442,-0.2691338847406213,-1.5127876932480397,-3.828807230538871,W
-10.955155102760301,-0.8746155262295341,0.7414263429949415,17.355877821564178,-15.318403898075616,0.4118760969763571,0.12561729376131225,0.8057492985096246,-0.4813485709481711,-2.588518822234086,2.155315164557095,1.4933181417479773,-15.635174266142371,7.758679435695591,-3.843656143395151,7.106736942757259,8.370546646877827,-1.1189311142306337,0.20583801817517244,0.203876022408096,-3.7785153002150764,-0.6930705764455416,-0.5237377955578637,-0.6035302248297398,W
-10.389903922379062,0.5279184711163083,-1.226984815225876,13.990719036257666,-18.002658360546434,2.4118368798172014,1.5577440837497578,-1.22977167107112,-2.8877747996052676,-0.864537826261845,0.006852946699723361,-0.5959901283223985,-12.440378963142877,10.265104355963253,-3.3511143633117513,6.300130239219094,6.574076087641117,0.7502778922385005,-1.4679176637171636,0.938943543585367,-0.9654035401489409,-0.3049710594971158,0.8781177128926103,0.14020969470328737,W
-7.756827079393474,-2.493529694035039,-2.85090178642389,15.260493025283495,-16.571482859340108,1.196135240650392,-1.1170071430228088,-0.0778255471625755,-1.4635869262136225,2.2463668431761903,2.654726189108203,-1.7497068103076572,-13.946755466099063,6.17478695519921,-4.574256629908859,4.96859219677949,6.598511042944608,-2.304619309092402,-0.02588144774943313,2.1888976498429003,-1.2277655067956061,-0.8818941194827685,0.5610143347348,1.0630960002922052,W
-11.498002873347673,-0.8552038020440236,-2.4807878301969026,14.922891105548313,-15.254604235895528,3.943771025921535,-0.5679121678663233,-1.9072819835269286,-1.3645956909725783,-0.5160761642110074,1.9155898531397497,0.8844804720647517,-13.637120638610384,7.839311544496134,-6.923743796507779,4.309813943163775,6.137108253444637,-0.7286624932606856,-0.2509493069093094,-0.21300316029524424,1.550745782222691,-3.1506272237505915,-1.6849144391020658,-0.7281472499375354,W
-10.305060705401019,0.18651566070886538,-0.42214105417878045,15.984972258692984,-15.443835438724477,-0.013204491523993056,3.0608662755349147,-1.7951563969265862,-2.1013278355656553,-0.5701040495444616,0.5136011012838253,1.799483548678495,-12.019426795372965,10.563068502089699,-4.717269513021847,5.398366333560112,6.203894992742221,-0.9224892981337689,-1.1562434655460296,0.5261368143074918,2.700306660510364,-3.246328680306006,0.8652218629656332,-1.6707362010828888,W
-11.140716228502669,0.014796386231141767,0.604551580507291,16.165107987347803,-15.145872549204142,3.4661208573430144,0.8415448640913894,-0.8271469936460676,2.4826627534208114,0.6233808307216933,1.640565977622714,-2.20763798364095,-12.593499944764915,9.293158699484572,-3.455800371954922,5.1408541935018235,8.474529156300989,-0.37366299590308927,0.1440732990233684,-1.4242703951320266,0.30131923651424586,-2.30275385042769,0.13300442121691702,0.5504069570142178,W
-9.215425165375223,-2.093755833841551,-0.3260048281288732,16.449633512540135,-15.124420169330222,2.026609044692748,3.282268933591805,-0.3020785155148644,-1.3341608279122283,1.617725733623331,-0.12644739266681881,-0.36866206518607214,-11.61395362653812,8.748815004858088,-2.833611027091422,4.906012864885227,7.292853670836735,-1.6581228651497781,-1.9765602303257948,0.09324099165300481,0.2237892878611092,-0.608364765434775,-1.2759095320550173,-0.25465490114999056,W
-11.351802905605126,0.2712215235028541,-1.3796337962425582,16.250085704337454,-14.450035008771835,5.9091178050328494,1.5224498821167867,-0.0487756436036193,1.9336133828838342,2.0374534664241253,2.759660204856914,-2.0392292005439003,-12.213818907310866,8.854290220856264,-1.8428307878998567,6.407778217022184,7.438103913596478,-1.392030241952682,0.8245710809085294,0.2208431537336395,4.060754111726396,-0.7001294472379307,-0.7454119715970684,-2.342419092238174,W
-8.206417812434012,-1.6009956647130608,-3.7733507654521077,15.92999518692227,-16.373019522965137,-2.181353557603302,2.2454363629936616,-1.31081551861692,-1.0157242337733692,-2.5320498344455373,0.7385284390684035,-2.407811312437559,-13.920153030879192,10.033521231051623,-3.634071966800832,8.1150627318507,8.891407192869053,-3.397014991448941,0.8447973367633987,0.7632869875810542,-0.7461777697251364,0.0589655513936167,0.2530043197218106,0.037057076985604454,W
-10.052303531974985,1.3742986598942881,-0.3982755071712063,14.5235248596744,-15.365102130873055,6.265875556773835,1.6849385903539655,1.9529435040915075,1.5310855331773041,0.7854623601577657,1.7579883110768435,-0.7709688626797515,-14.983863004520856,9.077729122455445,-4.316710088530897,8.348140006363082,6.579641920823477,0.7023134561260918,1.2104986999687708,-0.3943605448863394,1.3422538587481085,-1.1809439080613728,1.4079365385927787,0.47024578553691754,W
-2.4932521149651166,-2.4841630728838098,-2.5861322728492837,-0.24367104819463492,-2.2100317664516638,3.8668991246295263,-0.4365094705836423,-1.0647020909930234,1.3738370974448344,-0.25462838199660354,1.778348437831113,-6.0110980417927635,-0.8973007088918905,-0.3452575044933255,1.4772735573614,0.5811261493112383,0.7072433165124323,-1.942826626462022,0.4856117641273223,1.7393042862147468,1.2741331284472608,-1.175785635905025,-1.5556833529579848,2.57268603184275,W
-10.226870058085893,-2.268054431410393,-3.3473881775173027,14.858004082036796,-14.981207292514057,0.57767434291992,2.3691016040883985,-2.329724831421828,-1.4800117077023174,-0.1958493861547197,0.8590722788812002,0.5791873983673668,-11.648296741882973,7.876371449259196,-5.4047280035920835,6.49098999672448,7.625568549108891,-0.18684357932187368,0.8166977555012926,0.12948742344387654,-0.527611510401357,-3.425242603392631,0.2550401287165691,3.284454548970132,W
3.2747642775312613,1.7392345261552498,0.3104998834538719,-1.0530678179987518,0.26967278804133343,-2.3085700700158327,1.2527024321663909,2.217225379632822,-2.1452137926190176,-1.7853525777962886,-4.452639088350509,1.7797164643582164,-1.5146713825764095,1.0806898613149372,0.35648053779482325,-1.2955294130766362,1.0895657595812764,-1.4780960952960527,-1.8585095175030093,0.17261482190454558,-1.982430215550096,-19.73770688485516,-26.586636356987135,-1.5344079910209416,/
0.9957114326854253,-0.09931761870231348,0.2662653029780131,-0.4612125349778964,-1.7331330063767894,-2.0856233092427487,1.956412788076097,-0.0001951310519245908,-0.27534684925961983,-2.478203500255674,-5.05318181793109,1.2444671978847737,-0.048201238986365524,0.5979748725719247,2.5728111428658735,2.4892209634909648,1.1217358438484553,-1.839891898728581,-2.9841204599336417,-0.9086072496783828,2.227272938172291,-18.733996110849887,-28.443514249387494,1.2224187497790808,/
2.261003832510397,-1.9323041465454978,-4.57942572546159,0.8240370352904165,0.679353019058027,3.4400773522569352,-0.6093339830804378,0.9744642043995384,1.930685108858711,-1.8753526889575909,-5.045310713134029,3.1432323544883616,-0.8052559226198923,2.5608702063928135,2.2061986437496444,-0.14616409239626194,0.21956618903678304,-0.2652513709429627,-0.09909771425098102,1.4529770158449935,0.8155784917639153,-22.044313074390928,-25.17853681498857,0.4353115013433353,/
0.6540350399791066,-0.2376436290395576,0.4561369744906756,0.8209135128383167,0.17179925564684595,-0.08764779842539383,-2.2218680340003374,1.466003917020572,-2.8289436703498723,-1.6768904365780557,-4.813318114130027,0.6592833301671135,0.3037902608324714,-1.2082694243693695,0.6727266326495283,0.8745150983990868,2.003681824144877,-1.3946528618578213,-1.5514506891351008,-0.9432214881584713,-2.278741841725605,-19.53408684476209,-24.90392127053025,5.581054395856938,/
1.3646704297645442,0.6786462260889481,2.1058968384347736,-0.39632506267847134,0.9728397393546402,-3.3832241304831996,0.09627679669693734,0.18441865173582528,1.1269442613703404,-2.776982355247192,-7.835717919811771,0.41312139202187836,0.3529327168871532,-0.31017101470802544,1.33893889579997,-0.7002807721445166,-0.8863620438380337,-0.6191607141273607,-1.2127629219455456,0.8159186369608449,-2.4344572731805556,-21.17146216479103,-25.77215667838759,2.850717023340394,/
0.5690615364175358,2.2807276078781173,-1.9910142303046428,0.5329945278943882,-0.8215954009875475,1.953035613047689,-0.4353066931245717,2.4638766899278437,3.999848546093574,-1.6405104040775242,-5.986713773287647,1.657727292713048,1.5073192113812866,1.1977029243573512,2.373953936409123,0.16062433227254758,-1.3635123455339766,0.37796892123043335,0.7497258437656233,-0.18494177232270204,-1.3736008864176483,-22.079607363354143,-24.907858036678938,1.1010882883201702,/
-0.17198147154965682,2.21244712359013,-4.321882001090842,-1.0313488408430231,0.9957793609477221,0.09938377746368587,-1.131686986871454,1.537949438862853,2.727641304948861,-0.8299681101664476,-6.221689803870362,-0.3958794983733469,-0.2858939968474772,0.6772508651250888,-0.7818941153266792,-1.4451224383877204,1.7357182731802396,-0.4424182294607135,-1.2784642937275132,-0.5606874437977751,0.2052078178032275,-21.270693257213832,-26.21794858809305,1.2138790476527674,/
1.9198769633432562,0.0016778177028529129,-0.3771733072542247,0.1440807700178155,-0.7025468396497274,-1.6971059553736154,-0.21539730715861083,1.1736072404262643,-0.30074965367310824,-3.139561127882679,-6.461958576737857,1.246431010941592,-1.0413225354504334,1.0212323430264902,0.18981631069323157,-2.002634858075403,-1.8949603093349054,-0.5543359651171613,-0.41240089924572865,-1.6871144374655955,-0.8803954801941245,-21.484765510259823,-25.51138743361531,-0.24578519270534116,/
2.7217337301260045,0.09615735913619705,-1.6406091060027848,-0.018814284173672036,-0.9301943569273874,0.22575419623666448,1.4210280289714632,0.19935325021842232,-1.656612563741021,-1.4504664739547692,-5.812417403691853,0.7563099238198561,-1.0962963483304407,0.13955881151576932,-0.45602647710552446,0.16198113896288646,-1.0312046145614886,-0.7987401459977264,0.05592491580404557,-2.1810958118005743,-0.40932225015842505,-19.390738419108366,-26.591115995875423,0.45196492991732384,/
-0.21202521525279394,-2.384068827900948,-1.325677614513495,-0.3921173135059064,-1.3857599346458471,-1.3826167892519265,0.46021344097706063,1.551115674877309,3.3761169450170883,-2.3548104060936197,-5.301872710491551,0.7661565515860502,-1.5719568536683823,0.24109636235998977,1.5504955850321949,-2.842905757507154,3.008477620120644,-4.836097997604384,-1.6885548441437115,-0.3827254918990093,2.4561359664440374,-20.167344725987057,-26.863559534105352,2.412052246093822,/
3.9738571597825683,0.03235647163565769,-3.031944157526425,-0.5452395068553315,1.821932276384473,-0.31562926914619993,-1.3414153428401558,-0.34241310720349816,0.5743908652747791,-1.0314166456541187,-6.607479935728406,0.19323627620428852,0.6276857316372286,0.732092717097423,-1.4873110268704295,-1.632589335100775,1.2828683387446915,-1.5569332181484583,-3.631631807913627,-0.001547698422101007,-3.1707520359775003,-20.511869584211503,-24.834690643379687,-0.03838300913810144,/
1.841549884502399,-0.9017158938446608,1.5491915603574853,-0.04148446040785103,-1.6753082717278005,-2.6210897062131835,0.33953491376211,-0.6926400143725857,-2.2801203784504764,-3.479742131643107,-4.969699781599445,-0.299519900222208,-1.2255303930225523,-1.9012565159861836,1.4221629274123302,0.9375007835836158,-0.02369289912560646,-4.462252970561167,-2.100952970231291,-1.4745343184663824,-1.7883892628935314,-19.984493977174065,-26.735957677977225,0.7861664906498049,/
-1.1856008176504815,-1.2055168256198554,-0.6040633533868345,0.05896828029160872,0.1647410507543441,-2.0985471031217457,1.5335621010361713,1.6021576499418018,1.1076649678094554,-1.2617784874686606,-5.130966470986323,-1.5471847669501244,-1.0413232673199673,1.0109155167110018,2.493753326830813,-1.6103269862525522,2.2914650921715207,-0.9746040834446603,-1.3665638749734368,-0.7234477960231089,-2.685435409890488,-20.908657010046714,-23.859622664255348,0.04483337236638363,/
-1.1014388054898347,-0.8709014166232025,-4.009135623430723,-3.219448666602858,1.460033748850691,1.3415773809792881,2.4550100989169144,-0.18576128321890906,-2.084542610271342,-1.271145429999514,-3.399789423187741,1.25781862450566,-1.3324974180198694,-0.034198007989189705,-1.4899475799140873,-1.0122265018101473,0.05843493693782875,-0.48183898649551793,-0.7345275915634601,-2.9024514191915216,-1.753787521430695,-21.40128143151163,-27.42568627644244,2.7247940668304977,/
0.18354243103274825,-0.7947474571072535,-1.646520733724799,-1.3335206601933223,-1.4260753124120242,-1.738937822021967,1.3808470672849031,2.95269928862254,-1.0453664633627682,-2.485263403637852,-4.203543610033762,1.012318876379254,-0.4694208014996377,1.6698293974864242,2.422793881792302,-2.5196926859860937,1.6936350645869283,0.23955709466088138,-1.480726775356553,0.49134866553966106,-1.2564295704002575,-21.826032410749598,-24.967858067085402,-1.8683842740296086,/
1.3679335321621977,-3.5133450534786057,-4.1633237398581855,-1.513249372732652,2.0904427755360473,-1.7163801120389053,-0.2747185581172893,1.474144805493637,3.8787297192058077,-1.9892443940865405,-6.130740723761335,-0.8538269661599998,-1.4273863036560215,-0.931347538460372,2.3216111530292096,-1.361638541312331,-1.1708883544092146,2.0356136988304456,-2.9154326490466014,-1.1524090536124731,-1.0396122859067987,-19.939562108659743,-26.510618347520854,-1.2575860225625206,/
2.697973530902857,0.6487818233869964,-1.7122227871573727,-0.24944802587178572,-1.3492422416311172,-2.2586318508504633,-2.0785196553830367,1.416454085820078,1.2962302660366163,-3.8681132048179165,-4.1823731242049575,2.025871221896807,-0.16738543093615021,-0.035826217444167696,3.3853169425865985,-1.2600999962302737,2.374406767141906,-1.400784575172679,0.2676896483871234,-1.8041276075266666,-2.2202613519860392,-20.71494657124071,-26.16527891059062,5.760188215851315,/
2.9621365732043614,0.17136097593870403,-0.18773650432541444,-0.03591822331637218,-1.2183819828641447,-0.8274480781376496,-1.7403746196350056,-0.6595158070010996,-1.274445793600023,-3.392864331206532,-5.708433782655561,-2.5677463235288656,0.7332928740209184,0.8094686624519127,-3.7049527554744373,-0.6894221310853794,0.6059003277948136,-1.2663168624941363,-2.686292383093114,-0.2138573156847201,2.9103528052979755,-19.960059691816,-27.800075382963144,1.097377406055557,/
0.21557437147566816,-0.3590010072008889,-1.116314131101774,0.8348957384894362,-0.5267557991687966,3.593385706285062,-0.6325466194066696,0.010800711376845129,1.3623697288830385,-2.1053078874958473,-5.31951624805609,0.7786410856640487,1.5111215082916374,-0.23347330526630827,2.4271736375632713,-4.068290171972876,-1.9895752548285657,1.018773132600984,-3.1751158754259383,0.02261526378802614,-0.17016496615110555,-18.515036934363454,-26.896002915054538,2.548061303600491,/
-0.16519697204896033,-1.6730280389311005,1.8446282848519786,-2.0700814161344496,-1.7076114457769052,-0.5670494550466287,-0.012727490947270326,0.046639008534640425,3.6827296761221646,-2.214584143798213,-6.836212829314036,-2.881361941237742,-0.6001452915660934,1.954083038330154,-1.493886529291899,0.12180053220714626,0.004678126408634853,-2.6145068248898724,-1.3514958953744207,-3.5287878336495027,-2.5568764250735967,-18.95743501158601,-25.60274497119344,3.244275715409401,/
-1.3099448140005165,-0.7933901953718641,0.677771396551293,-0.5852850940411543,2.4952374460898454,3.824869932149454,-1.3420939565546597,1.7499841217452001,1.5680102887052954,-3.438746853996669,-5.930376694623504,-0.2894425816595003,-2.2791941594606158,-0.1950577434004046,3.1161589736598785,0.5616190603264073,-0.1472214547410573,-0.4877591480922092,-2.787016402304457,-1.1020466470155839,-4.909207526158866,-20.95901913453292,-25.3285368383989,1.9111928655702854,/
1.0024971611744604,-0.2513539863085681,-3.024944060312066,-0.520262757521472,0.8497196359759869,-0.4660826139832466,-0.43299906019497314,0.13962322445658515,-0.48865660074437756,-2.877705884217079,-5.697300873493532,0.29419673757473674,-0.1292426699818634,0.1690149544418773,5.31738103005307,-0.648426104308335,-0.22826434947558027,0.1366274071608018,-2.4123557641544076,-1.7051678012483933,0.4005603911116964,-20.73069299900974,-25.05582179799133,1.1499298907664297,/
-0.3454651345648756,-1.8125756437120328,-1.6108256068159221,0.9384707588436925,-1.3576575535566917,-0.478352309834861,1.700937724299016,1.1288096037296214,2.0999813320805174,-2.8459406791444763,-3.155175057666156,-1.0034022056608478,1.1994456762250252,1.719105695905803,1.2855004347034082,0.4608948132958659,-0.046771879722498966,-2.1480308125347847,-0.9329891775576804,0.23858866820199864,-1.152627770608774,-20.507932879852063,-23.65396660145385,1.6218877991551608,/
0.8178840412119825,1.9700036672747805,0.4546052130106091,-1.3356921826531618,0.4822511809332184,1.2811357847193676,-0.6512794174522458,1.4710272622774028,-1.9117448747032881,-3.031507245577245,-5.050061816738008,-0.6932904201864858,0.3628391232034289,0.6792867707818502,1.3956665994640503,-0.7091047365353518,1.0622806696137985,2.3249154787371253,-1.8591883321202256,0.6322516585822058,-0.08212606162442171,-18.394222386436322,-26.991704363033357,1.3295128853224014,/
1.6763437071922453,1.3068814479690056,-0.17284127489949697,-0.40392762659691783,1.980078909342808,1.1924313484301479,-0.06960530899014827,2.040074829377403,1.7861415413565283,-1.9687464963472152,-5.9986580495708495,1.0618099370763616,1.1701218463325063,2.2649425942262127,-0.9417734977060945,-1.635847462857022,-1.4410236177054827,0.7058226047711855,-1.543848910811267,-0.6395571279394687,-1.1315979832431822,-20.035941843363602,-24.75541472588523,1.9534595455671138,/
3.86567006686775,-0.5118515887109245,0.7001152349280346,-0.9864159878002141,-0.6711849464662407,-0.7367701073549711,-0.21729771058269698,0.6999868420903965,2.519149519562859,-2.4502393320350535,-4.952323404027709,1.205042629604975,-0.8201903139695901,3.12747600821249,-0.01275509215429338,-2.4966161184872817,2.1882975332684396,2.5649478025139842,-3.5496408327990725,-0.6782447174208812,-0.005036505098701127,-20.70612295077678,-25.918898890189023,-3.1819738482306548,/
-0.5940161157671469,-1.0422135975263656,-0.8955519318035385,-0.34107742012685804,-0.6084735328367685,-2.7564315748942363,-1.4449899992015247,-0.972548083275484,0.33589168386396295,-2.1400593169889177,-4.062234381076252,1.0620370928048715,-2.07028287475066,-0.07641506930383457,0.7382099537574618,-0.7385616285920378,-1.3777679693298381,2.419532233191376,-2.6989168196021294,-1.7699193771153716,0.3309233100172264,-21.348476229579855,-24.525052719470164,0.4125459956518398,/
1.03426564239885,-0.3207203932714515,-1.5773178031535622,0.2701893728264295,-1.6328140079278057,-0.1518135334544013,-1.1654878421369368,-2.051190625497469,4.353316751472221,-1.6549003639047868,-7.138520013455718,-1.0715139049680147,-2.4230873020917727,0.27992074930189403,-2.15812335232647,-2.5667972237428245,1.586940785265753,1.963779186404679,-3.639912374774275,0.17383560788269392,0.21790680345975488,-20.991869661541116,-26.88745089100292,0.5235764568899413,/
0.026481989105093362,-0.7726208817063265,-1.3486774289224286,-0.6272311461436288,-0.049739774816572435,-2.007877970008792,-0.7780670316273444,-0.14829500445230792,3.0307521922951537,-2.9317331274385836,-2.5308751391936255,1.9737497945247355,-1.086933348228797,-0.30745572009877975,1.4830523725834723,1.067140263276869,1.7712833344474035,0.6160263296279709,-2.224210932653426,-0.535168921146834,-1.9990746407481197,-21.305037467018625,-26.729577603974604,4.655320068359458,/
3.650917855793267,1.6276505335726084,-1.1697472067434092,1.656841664240865,-0.13797610459863563,-1.2304143314959788,-1.60571409062349,0.25650017702923833,1.0417477723555635,-3.5651265074440204,-3.9915072424706466,-1.522001357686463,-0.5774761302830598,-1.1716183723000384,1.0152473956497374,-1.2989240759250649,0.28621782936352247,-1.788865237688583,-0.8079665190272765,-0.334398373012462,0.17410606971219522,-21.659878634589408,-25.216274335910935,-1.612371344518806,/
1.1218088895354867,2.4895791820962234,-2.5022014916876856,1.3156318148789197,-7.620785308976394,-3.5845391541902245,1.8936326834691597,1.1086564333813271,-1.6744020902187913,1.3637729691035858,1.0835909901611274,-1.4739648857283782,-9.18171015177623,0.9266268225623264,-1.4071150493358573,20.270820657169153,-22.505054027988876,0.7394849301167028,0.2237347801530003,0.3109384895429912,-1.6349985898387445,-1.441984743049245,-0.306539999258419,0.9017124956923226,X
0.41877901876429746,1.2365023042433059,-3.2836141324276014,3.2264005878844912,-7.072913060805774,1.7780016095612154,2.537750383363054,1.3825934964690418,0.29839434731655956,0.46010816354888817,1.2513791064781117,0.5310194218844231,-7.289267298357828,0.6059938603742978,-3.950852428038843,18.557834989245684,-23.142793908580913,-1.0517615790037667,0.8187121667117618,-0.07756964691284907,-5.74396794080036,-1.8027991529848837,1.2660844938183828,1.7350236612041954,X
-0.42271799686511713,0.6602579957371004,0.7695108675724214,3.8736409357683144,-6.408162962486699,0.6100511424903061,0.5259857144032054,3.38403925637607,0.6741993761716003,-0.11980177645438772,2.935990307009291,-0.9376150255845346,-10.066103158528222,0.8792513757076534,-3.520290772036276,19.52923741902488,-23.40722960680101,0.26052118002832003,2.224096911732442,-0.3061658396999718,-0.6061148206609914,-0.837640800931335,-0.10970759095752669,-1.5898972416521815,X
0.11755918559740053,-0.3476605884478552,-0.33011792268314366,2.8639568210100634,-9.769789041234787,-3.9855409316665487,-0.5644670498576243,4.122500946735073,-3.5687957211312096,-1.271747137423489,1.4506508824962054,3.2298150960661474,-9.614744463476427,1.636310388418437,-2.028871762650681,15.554983667019812,-23.20645798157564,-0.6855886711011863,2.3526489192457927,-1.941505077793451,-1.881815040277104,-2.238545848025464,-1.891789388285467,-0.8128717306138924,X
-1.5152044034244625,0.3988099752929033,0.8203123337418674,1.6882558729766544,-9.899291847747236,-1.9010473411864837,2.161460772333103,1.8877059088656267,0.19435525609418391,-2.1978110029815525,1.4913759000610582,-0.042768326012208036,-8.149224383186208,3.430745463168563,-3.8941239510785977,19.360504588614788,-24.33057500171229,4.333560073507897,1.4522417070552862,-1.7636781212990797,-1.7709983677922878,-0.48768602540266137,-0.243282352050457,3.4020805293992,X
-0.44362122603914145,-1.1279322017760238,0.7132253511873614,1.7080745129476753,-6.358479212972725,-2.3344607198717995,-0.6194443591838663,2.4521367187496708,-1.5872372036060938,-0.008082363629164036,-0.6641446607774526,-1.0990198726044014,-9.479540835281597,-0.44319138588185325,-2.653912112136311,18.232450281341706,-24.20338055309449,2.81848944395648,3.8654092754897187,0.3319801663361517,-4.813199013825965,0.08163523454796184,0.5413332880288202,3.552548180214103,X
-0.033398293059605066,-1.3865293874848437,-2.115664217711071,2.088029863383376,-6.654269858520365,-4.7408867828225425,0.33838366510209106,1.0816408647214644,-1.9518803385043384,1.4202441732139874,2.8872575045621147,-3.9279109052419585,-9.940400232375794,1.2475326029230374,-3.908805612693129,20.451228734495444,-22.16854003574835,0.8472331913051789,0.7842326817922514,-0.2095139632417755,-3.8432243337496175,-0.06985789538184317,-1.2919248445605405,0.09971849647001818,X
-1.6107745353045573,0.596049701427459,-1.8530807569679837,4.700337920244955,-6.908930155068333,0.018955398491129927,0.8969810926817061,-0.045327933333396686,-3.115234029778037,-1.3401638088311998,-0.3283058112652668,-3.5777211715209205,-7.150403438792807,0.3430524947223432,-1.9773991583219868,19.23493913483083,-24.95365284998276,2.0451893421023897,-1.025269708491024,1.3037888631002517,-1.1037031586930652,-3.5225730518485787,-0.9097982392116535,0.9991713618634321,X
-1.5537563484850523,1.0418415971082986,-0.3940671071871975,2.4310610466865867,-8.3039955869653,-1.7365779493507034,0.9800580014750917,0.7668450314617701,2.2823574290561623,1.807256837870824,-0.23002772073218125,0.28179498263455116,-7.259948922964526,2.561423855811853,-3.6952757203800957,19.541861821308423,-23.812429063339565,1.6998173535383216,1.4816988310306956,-0.2764362088715302,-4.667994526720122,-3.0287268521365123,-1.3602054313900922,1.1949533906831107,X
-1.5963816583558526,2.8077694525157995,0.18104391603822023,2.6778494202626106,-7.549244414317002,-2.146776509694348,-1.8738788137867672,1.7943117079235265,0.6003982336818012,-1.0094852297682948,0.6215122017835313,4.642619885199281,-10.45935954705871,-0.2739155479879116,-3.0010305070829304,18.22552690614728,-23.115099945206424,-0.4124882177287077,0.4691646971767338,1.3652816173158016,-3.7959221428912997,-1.4236588085744213,1.1812427699231982,2.5433676918001993,X
-0.3101846898974827,0.9303935464302526,0.7563670709537291,1.921739859809641,-7.497798654409991,0.4153509549107639,0.2591076663996734,1.6090180321599519,-0.11355741336819847,-1.5885794770253128,0.3520538763672789,0.7143340119932873,-8.540854088140605,1.6065828876064785,-3.3387332211312923,17.212586251651558,-25.990350299817933,-0.7867654896726322,3.3008390506382117,0.4032454292678693,-1.731145255385968,0.4051194443077071,1.4451340366208747,-1.7591887974797373,X
-0.8366110897843555,-1.6201493978349308,-2.395767143421665,2.6992971292900734,-7.086076341724379,-4.212652278571625,-0.2275437738280619,1.6334518689458832,1.7096518261945448,1.4020540568495008,2.0830959287614235,1.5691091706294742,-7.760584158090722,1.5414240436123379,-4.493764534099739,20.351590064001336,-25.920302273987645,0.09451842488476814,-1.5273964081501066,1.2820687639747206,-1.6917225651109788,1.6814090922601777,-1.4840065410838008,-0.6854132013788217,X
-0.32158615374700616,-0.28141638225127075,-0.3353792636227695,1.6078942003206294,-7.844221952827127,-1.5732050085277933,2.655171191288879,1.2534956485520752,-0.8463492553153174,-0.06496087384109472,-0.3762271913557811,-0.3502476182474652,-7.646281577270258,1.9526008442323075,-1.1583298146514949,18.150731063221393,-23.77686503428461,0.2088306995241851,3.681336995262929,-1.5945376827186664,-2.3426110270913227,-1.2910344901473305,-1.083960740551106,0.8233076177405678,X
-3.632043409252873,-1.3037240393949254,-1.1025491435188997,0.02128797871163357,-11.443410185249007,-2.940882419223101,1.927976618391356,1.7367556522417544,-0.09429063063345211,-0.8855481977505306,0.7470764869928246,-0.7720522759203163,-8.328951901259245,-0.239299507451733,-0.5729274079330935,18.598830877934127,-23.658492475276603,0.21167775481268336,1.4401603036789963,-1.9214160534611295,-4.275318773087804,-0.376373789409703,-2.0451823923447208,3.773512706912584,X
0.6450657696613291,-0.519108611734735,-2.0096644894694577,2.937395584520651,-7.8603780829662355,-1.134319261921462,3.5091530936616664,0.5910548333211807,3.7748607376587984,-1.5953674529062098,0.3272127472887121,-0.3677714744320042,-8.82673452993572,2.2044100567572684,-4.261624608380373,19.0676987434491,-25.3974089811161,-0.2633392300837727,1.8564951243357548,0.6312983401200825,2.3837273551290536,-1.596057086219619,0.13097141203733997,-0.4364028270593394,X
-1.5279666198457278,-0.12612209933482532,0.15256452548391053,0.9921470885815538,-7.288885740254642,-1.2652810710366111,1.0877050814865896,2.6655318918354283,-3.2672282775597523,-0.20667874145500775,0.9883013714403148,-1.9686882721908319,-9.159856693596055,2.312601074840245,-1.2132956460110904,21.33235928959224,-24.000439611374503,-1.884628541143286,3.0540517885674374,1.3246935836310456,-1.3257687209455753,-0.5877312450193148,-1.03224129941772,-3.6680358295693054,X
-0.7457954032521172,-1.2099231727371338,2.6119880774317608,3.258708377544629,-6.869427566735851,-1.1750548708810697,1.6848542471018293,0.8472080470293122,2.5070498229158034,-1.3715206686856405,1.001326619005539,-1.5705457846519266,-11.667774582807084,0.43671748738707095,-0.6276797543343946,17.533897656885223,-24.42261243393841,2.4258121437320597,2.588305104066899,3.1822522353782574,-0.4488721294138145,-0.6123014459048983,-1.0975359103862665,-0.025334971431561826,X
-0.49968491691512895,-0.3509185541657729,0.16811498526368496,3.540789660492578,-9.625626667282063,-3.683746636161459,-0.3384487979811386,0.21137194548006732,0.18121607163431008,0.3953565600641866,1.2941350205361744,-1.2098398039799463,-10.806734703927333,0.3551345937738333,-4.16985325215154,20.962993095156328,-26.09759008430032,1.9678776010371735,0.48409694785662216,-0.2980200836042002,-3.4912830015151144,2.2056625370181164,-1.9255902366465207,-0.6142453806597814,X
-0.9552520688435209,-0.542321311117826,-4.83854397790094,2.1706992915226166,-6.898747972031373,-0.49022398521401556,-1.1286297736923245,1.1755764143582326,0.01827115020120118,-0.9739189015383545,-1.0690782622604331,-2.341216817863881,-9.638498669654865,-1.1334628859989522,-4.909210488435463,20.497246471905633,-26.29062025955683,0.47164123314274775,-1.9326000172714408,0.5343777846946551,-0.2706038486940656,-2.348229074296918,-0.6126489866437517,-1.9039520639266243,X
-3.0574244509048185,-1.5654434282704148,-2.4056238792725253,2.70038241929268,-9.733545578348583,-2.8440888362550822,1.6897411267422964,1.298024523428353,-1.4359115255358574,0.7063524024929606,-0.030888150728998198,3.476195683682704,-9.02099021034789,2.0466725181477017,-4.1770867190809895,18.83991692120999,-25.636322310918047,2.449905398822523,2.197083382009935,-1.38833691130057,-3.8561427974090634,-3.0306273419468783,1.5336406834460519,-1.0822504203409835,X
-0.5579194570691186,0.26414927056905135,-4.074442813096084,2.304681624537615,-6.238751987647561,0.9722828363622966,2.5677504285708848,1.4983842027755827,-0.6455227398759007,-0.12251656358807139,0.29191770444811027,1.641812039337026,-7.66175769015382,0.9775319587397746,-1.2917006620514826,19.42905658856563,-24.19401430791102,0.6275647088656342,1.0991647856451348,-1.5259836856616147,0.8252995876128466,-2.49592130201112,-0.24558990212690546,0.8717149315750703,X
0.30488970947237704,0.6449186946623087,1.8021073694018241,3.286807613666184,-7.430468053205374,-2.636034543136077,-0.2474986822076648,0.9761668811639197,0.4394282000102976,-0.27346593299272115,0.8799730967522521,1.2436612664828317,-7.961217888051323,3.8407006320177643,0.21504758919462574,19.104758130379956,-24.865688202594725,-1.0771615940278707,0.550884246574812,-0.7831793508398732,-1.0198174341809363,-0.20288968089694404,-0.47391574507488343,-1.5036175028936896,X
-3.6369280859488526,-0.4945385726717175,-0.6967268867315397,1.483006939296736,-8.005084166928498,0.6945945829509128,-0.8722045940770435,1.1894246975303986,-2.4956675119523766,-2.529439676414192,0.4675738738043549,1.6087497646976203,-8.436327406111104,0.23798513027562507,-2.1134033274926765,18.769327715843538,-25.479805627330933,1.1621628324074322,2.493146723041723,-0.7066184112409104,-5.082789614301419,-0.19067235050373643,-0.3855443456657959,-0.006064626011209384,X
-1.2564728686305102,-1.2866199988434168,3.8042540393678905,1.7895227184036102,-9.332279816917037,-6.712147012425191,-1.708403448739226,2.678701621491143,3.1182906759276534,0.8875734970991118,2.399386557186034,2.0572662513704927,-10.903659125833258,1.241966969969134,-2.454831864990865,18.909011797460515,-23.867137538996204,0.7079507161832339,1.1654090971882072,1.4342389090008965,-2.385741975947667,-1.4847449018750294,-0.6687124496735706,-1.6913023482786684,X
-0.7466068394176375,1.6296244680763046,-1.2974648045324102,3.0618756153917346,-8.573045087305559,0.04238958436496887,1.4348090561007982,-0.6272734579374628,1.3964773739091356,-1.5331960036333214,0.13458752027105447,0.661991256231147,-8.588499456759791,0.9889356975987909,-4.4151442379493915,19.37326551563386,-24.091662003322952,-0.49614159438129946,2.3158617790381983,0.8189019687015673,-1.8697743505412063,1.81254024210884,-1.3169021134527128,2.3920295305215404,X
-1.4767910026449442,0.1281312130306782,3.1851220310958865,3.125404699886481,-7.909653159301598,-3.9767798735323936,1.3905558220142664,0.37236709746588303,2.509896878204245,2.0354487245310295,-0.057359194656640966,0.9197549004884422,-11.11746121837254,0.46807534838378473,-4.6902057426068495,19.009871203875676,-21.980937504971166,0.20248505936763195,1.547943073583415,-0.07498888165902429,0.9512241183325614,-0.3754235434661579,-2.0325584958106333,3.3617853678024403,X
-0.9612260021367831,1.8515701318909379,-2.3429887457795076,4.218165875119809,-7.4177049392082495,-0.025066304616188972,1.8204651669420269,1.6410508287521566,2.551728634381732,-0.3698474319940601,-1.597403697847085,2.2377279588524175,-12.003073726878768,0.6057225818893812,-3.9090210308916085,18.9304591129355,-26.08374244324007,1.2339974553040065,3.007490707513992,-1.2307348445010433,-1.7274195424070058,-0.7481837815094847,-2.4039616678159916,2.101204799186746,X
-1.0012672602453563,-2.449018234457906,-1.7921881081416586,0.6230525920746359,-8.533134820032302,-1.7915501051677438,2.822818249249355,-0.31817562935287924,-0.4411876695722299,0.8473937741103441,-1.307582539140185,0.6731545310738056,-7.168593379094347,1.711921281978647,-3.085787791532198,18.855663342506126,-25.322340896537398,-0.12143031000277915,0.02296568850262748,0.9842420919428605,-2.0559285667724794,-0.04868157193886802,-1.4860424467405728,3.017291954075745,X
-1.573442630543724,0.3474977630447089,1.7743003874218175,2.4430081606903116,-9.85219052055021,-5.400751776371067,2.8955784932261732,3.5582065131413287,-2.4663205107946737,-0.0361822901936506,1.3007908490898217,0.22464094426135262,-9.330356206971885,0.6321934773717857,-2.344678321527226,19.390368936944363,-25.405009856901557,1.7085768926979767,1.205590181212627,-0.2467083248637465,-0.9871871558826228,-0.7621656592960262,1.1907447579155672,0.15556643773487622,X
-1.5859261841928003,-2.8369819796311955,-1.6822544845645098,0.08468077322145007,-7.367753574009271,-2.2659180184613206,-1.2556886514646628,0.8932274363242811,-2.213161900032162,-0.2588055784475003,2.610198230863915,1.9985741822951582,-10.420809949504104,1.7211529563801236,-0.32347909946309983,20.246522813477704,-24.359218855775836,-1.750168561425653,1.34242266065072,-0.1195159268614816,0.11550245079683918,-1.0932516458692607,-1.5945041029226346,1.8510963444090862,X
-1.0996993747904469,-1.9060805646337542,0.39896153238618126,-1.8891944245214134,-0.5093221645445283,1.068159100149046,-4.622332240091771,-47.87067176093947,7.651956449069132,2.5872084525268804,-1.8103285235239923,1.7249244837702236,-1.236714360440203,0.8402421031970064,3.871943538338371,-3.4548837733205175,4.267319620262086,1.114488097869014,15.088974483041293,18.53872119223503,1.8012508506263316,3.1971015438591515,-0.006871835768986756,2.0319268721505637,Y
0.182831852563055,0.008218129127822493,-1.0981513113991355,-2.6420453877169336,-0.6190045497432379,2.0243350018122896,-3.317400085086767,-47.521806697242,6.524292084983642,2.7107376502542806,-0.9940836852754273,-0.2802793846987015,-0.3001992634909527,1.6718257286797709,-2.1971126040630793,-2.7180507377522005,4.956507580649443,0.36834455312390446,12.022458675281028,16.471844115382652,1.2756463540200116,2.8156534917570646,1.5672458402884537,-1.3348314208976717,Y
-0.521010586700072,1.3245529234614484,-2.7076140805062323,0.6062358684970661,0.8752911073154337,-0.14578116383216866,-3.9216082882255794,-49.13487607792021,7.353449462891206,2.7911002757215684,-0.36394873682112916,-2.1921883379209817,1.5266795698482554,0.4051731113762642,-1.2904343637314355,-5.638503811935621,2.435147588945796,0.49558418432798135,11.724358917961366,15.193924356452186,1.073505290450612,-1.2805004450174424,0.7246670507371142,-0.7097952140697998,Y
-1.3948109558937176,-0.971193721020378,0.6632984972653162,-0.12394580223124763,-0.43099552758718573,1.9242522591299007,-4.3702507561386295,-47.03746697887644,8.94188653205481,1.890014098499769,0.9651433389928172,1.0203799330773222,-2.3420990144896336,-0.23650026409433877,-0.5186669899775325,-5.192304893666375,0.6255115186597919,0.3251990221125425,13.168295580451925,16.674648770569917,-2.719877007255093,-0.24298914300585217,-0.5725280886688502,0.844263264790527,Y
-0.6537715382298472,-0.15576370038165255,1.0765635356649454,-1.0200089310866858,1.8104550212321442,1.0753856626490688,-2.979526706056925,-49.23628325587552,2.9816827795802396,3.1228653219922933,-0.5713695761567408,2.0970127201690616,0.5342340513200838,3.606485898876727,0.15981527281934405,-6.687009365444396,2.8820257304611943,3.049390900073149,13.64666666688539,17.818720088907213,-3.770657042075527,0.335427183245117,-0.04080843211725593,3.8494423049312445,Y
-1.4898376953680383,-0.33997188289348035,-1.2135651463291879,-2.6257554393786435,2.483211178326144,-1.5616438695288934,-3.312106039590997,-48.46998881620581,5.136243238078521,2.37503591235415,-1.6725450966954725,0.3813228461499989,0.16201975384853995,-1.5393964961814959,-1.9886206805884399,-5.0154277242946534,4.57302267207514,1.1830377313266922,10.4232276142518,16.843652128608227,-3.7277294700926973,-1.3656134896871688,2.0533553486129854,0.1469616539042704,Y
-1.1208782840231493,-0.4523701508724782,2.504464804533427,-2.1733122379769867,0.4952068926086781,2.235021401522431,-4.375544995821478,-48.58592423935349,4.792188669887082,3.096937749871387,-0.7367071447591513,-2.903743038677476,0.14708635673670756,0.39974384435602417,0.40334115503975454,-4.206647944800032,1.140533195806455,-1.3475592753546266,13.391598835742395,17.823066012973953,-2.6587739114194733,-0.4041202292906112,3.699689593699251,-2.5590646701995183,Y
-3.5584818504647444,1.5321096395950153,-1.7599810017713935,-0.9893297547906457,-1.3159249532712352,0.8944934778003244,-1.2760424301872622,-48.42465148787764,5.000904048316102,2.4378873236471463,0.7949215908133738,-1.6586960554160441,0.22323796033185772,0.54987925057398,2.5149929044565056,-6.609227539753078,2.8782252494157774,-2.3157757839006763,12.882684783327173,19.906641051970183,-3.5448603813890145,-0.5108171514979221,0.5851194092763983,-0.21506293470213222,Y
-1.4514193648259663,-0.47178200602638576,3.470498463903141,-0.2533118181876617,-0.11687668744292523,1.9137413700161687,-3.667626376467087,-50.25574040753875,7.034356395601151,1.091552857619135,-1.1089273938488873,-0.7927524298062281,-0.6601971949238816,-0.38677161507576585,-3.6957560217666696,-3.652531813953914,2.0805781339759193,0.9224267003683622,12.955444951139503,18.06781562936385,-0.660131957454837,0.6223956166166147,-0.16515167761060212,-4.850728427799936,Y
-2.2591130257864336,0.6154126857136308,2.064052295253873,-1.4871130462923432,-0.6826657919218633,-1.8093351111773472,-4.342965905237021,-48.378775268831504,4.02720743888807,2.2796074006784792,-0.15625484111006926,0.7072096510672736,-0.41205197323094467,0.33512857228283366,-0.16759779765220628,-3.8947037168478005,3.6624336455333975,-4.5894829432969,15.12576193556644,19.179444014191347,-6.0474291605533494,0.6605402728637602,1.1014993223303051,0.7785585324393764,Y
-1.7173517638334772,-0.4682526092788155,0.0034414852372037785,-1.8020444687373782,1.5238899085960043,1.9947752889924004,-1.9946850434385528,-49.033339745707764,4.110423875628044,3.6768473342965393,-0.9167089205784009,-0.038498997476267505,-0.250382286106543,1.1603315590561607,1.0443692908659727,-4.447056031792535,0.14333769219184944,-0.5241051771062075,13.576485698423859,17.653108939192663,-5.17535495395515,1.4852010436543726,3.248738997032266,2.455698325593744,Y
-1.3542243997568448,-0.49010781427960914,-1.0655204807466134,-1.5771127155701734,1.068872653045986,-0.9841264593196115,-4.777219147349955,-49.82610140425115,4.2527815007694585,3.8169372272060826,-0.9320449840151923,-0.7842030614786495,-3.3519150970599867,-0.3813426794681334,-0.13146156055518077,-2.032667211196113,0.8117538561239996,-0.18443174557165776,11.391779636642044,16.990666881164515,-5.119508531664792,0.8709476244212464,-1.23673619100299,-0.5731373059019802,Y
-0.6976187525963837,-0.09847866599483268,0.6567264470585314,-1.1028138569275896,-1.5304072425811626,-0.7984148446332142,-1.6474452077770874,-48.94184919262429,6.9399654988428665,2.8319592979052217,-0.21014565280583497,-0.04222299815671704,-0.3357649323478995,-1.029260503777472,-1.4605994955895198,-2.617326884274135,2.83492213861129,1.4690631385222446,12.900060201291124,17.00790575702399,-2.4640726191312297,-0.3127628452551203,-0.17465462877087745,0.45946902783498444,Y
-1.5525498822935901,1.301747530018062,0.1906874298515504,-1.8776560492883192,0.6723537144721945,0.49874865004653657,-3.4627847708965636,-47.32660020785161,5.18004314329454,1.2043581818456275,-0.9112756041103012,-1.5325569902647658,-1.187030707588292,-2.0127438105241566,-0.8550522560356058,-4.314838790272269,2.815103049852368,0.9960035317544111,11.726666680834485,17.51763351122851,-0.6975854492181384,0.48230512695939787,1.5011370054910103,1.701664233178235,Y
0.1417017935495153,2.04862542664198,1.6091847829695212,-2.4908232450184045,2.8766034460279855,1.8894294102186677,-1.957626207567472,-46.707320196230086,3.4170598608514524,1.237751396144752,-2.453904048592051,-1.0253388787863855,0.8548668616106738,-0.415549632559987,-0.870382492133956,-4.444069217043349,2.047726368485698,0.09546937747523998,11.853453751474559,16.537951624529626,-0.2926406349417334,-2.2582833112278693,0.09100179673972164,3.1131490611087997,Y
0.06377967330419665,1.7964081284622466,3.1877675742590554,-0.6267511306004039,-0.708459262761977,1.514715225979785,-3.8616081900424355,-48.17623488068111,5.996713501529484,0.8134076759718809,-1.4334947346824265,0.22737530766198688,0.684238718714397,0.8177070984301906,-0.9321440772142182,-3.0977346681621896,3.1305796874725473,-2.5617210886676958,13.26739068080513,14.230122360574939,0.5594989925062919,-2.1992335236094114,1.6591461833419316,2.4662096842087067,Y
-0.7547649613465808,2.9730599329417924,-0.19869010545494348,-2.720099724333835,1.6273312971707128,1.5484414029364189,-3.7208390618579212,-49.741528440450196,4.692321538727185,-0.24039332290573867,-0.1548985626085937,1.7406909417205725,0.27577529672450396,-0.283468353064265,0.13265327502000446,-2.1149291036615523,3.769266959350219,-0.5849861712557072,11.547752499748748,17.854421678362087,-3.846210749698855,-3.406428194549836,0.31063958035987227,1.499307751410356,Y
-1.3283013327761353,0.1978562436427591,-0.42011115302813096,-2.8152581071120935,1.1805913892370938,-1.0263988285663004,-4.694685191020746,-46.73243653586613,7.620194444199569,2.6458505853161824,-1.530283746918201,-1.4725417839493389,0.02654266882134948,1.0691107413176368,-0.5267644495894501,-3.824385634616604,1.4408054236504313,0.5264633888492654,10.483498981803857,16.925100237402148,-2.539192866674341,-0.16466340696864545,0.004531269608627042,0.29806335228352054,Y
-1.138527828441255,0.8100731387332711,-3.175193724480721,-0.7034476904546167,-0.6365128433438372,-0.2561534120027318,-1.5716985791754627,-46.71913378547285,6.216157369070459,3.475399444373039,-1.114220729914507,-2.08904455787291,-0.9175740530439498,1.1153997692954931,-0.9954339991775782,-2.031716153658465,1.4661885297267787,0.7441544150794925,11.219924306012993,18.03184259226552,2.1917433684342313,0.6040697680156324,0.8748020910203174,-0.43077341153866655,Y
-2.067574845948684,1.2703901756338585,1.4052901876464148,-0.4334476227912063,0.14715160801358707,-1.0995468396487809,-5.0207485629120985,-47.78066722058665,2.1481472201115253,2.432999498531366,-1.45833746558867,0.4938971930462799,-0.46567684011355936,-0.9703470131023266,-3.7336534959606524,-4.437418104215027,2.1392210020869555,-0.8624611054150932,14.194404453018757,16.333923815144914,-3.1591991138020603,0.8494995402081695,1.3013183175342071,2.87114800832137,Y
1.361791860450694,-0.6247684220447738,1.0840102666109601,-1.3225877389347644,0.44456928235871374,2.390726421097895,-3.7669928506186974,-49.46813428645825,6.2207589503505005,1.3982044364964423,-0.9028615073642925,0.48447789422698406,0.2733278836209081,1.418522477024915,2.3428495707107118,-4.800947233588573,1.7907586254276993,-5.267079478267476,10.53657592568037,17.834194593058697,-1.64587547060529,0.4356082279574425,1.3151644914032126,0.15593128104302423,Y
-0.6078908865401047,-0.9193386190681938,0.5334373922914324,-0.3670679134179693,1.3861078212268012,1.7030591958168202,-3.580476975195042,-48.413795253012125,6.137754507212094,2.1760324113941536,-0.36489714305790244,2.7842433093322825,1.4399387947183584,0.24417778677970858,-1.9294856509380338,-2.6266942410707514,2.799356745931533,-0.41219357258313494,13.036757116167871,17.64184202195966,-2.555625408741605,0.33746351956567544,1.6868388642186538,0.02036581931895398,Y
-1.770696987514924,1.2997111915398687,1.2835205768573132,-2.7761621793169553,0.55058569170194,1.5322321777350112,-3.408078716968552,-49.9736604536935,5.344739967036048,1.3025024541795105,-1.3832694431497998,1.8033250809756964,-0.37322931930086156,1.7035907197150664,1.1094140702335267,-4.144748447193933,3.2556002350545725,1.9381663138970566,12.187797775803721,16.28953547992988,0.4219648293894238,-1.6756588546312745,3.5021779241778326,2.7977850761593004,Y
-2.882323701470483,-0.49974558025031346,0.4946656240063021,-2.207519895320644,0.0306779017379597,1.0138507637961425,-4.355047218478143,-46.295602937586835,4.451856141518192,2.5186560711063137,0.46166347893728243,0.3235144611900296,-1.4651752195058805,1.4417349754783189,-2.8090137138534033,-5.903482229379634,0.017365866130447216,-3.3648074790982605,13.979517207918212,16.098267884681903,-1.1680025927507245,-1.378237957347027,0.2739876548802087,-0.7205211623516448,Y
1.0373585622102723,2.037765600771948,-0.6697755977573365,-2.7814564164106415,0.15732930317145133,1.4665353992864993,-3.011970108204869,-48.25442682602895,6.713737615111256,5.728927991012739,-1.1812789789954081,-1.0012495454117811,1.8063169298816888,1.4437712574264978,1.3643407949047628,-4.014160537098448,3.1950593738126116,3.368272829910893,11.990150709126402,17.431164563485652,-1.569217054271519,-2.0374235408521884,2.6819973022323467,2.6808340114411067,Y
-0.32907021003856585,2.857539563960108,2.1599829626304654,-0.8067509075873218,0.7467424791427391,2.282108008475916,-0.5655448011381212,-47.63460465099004,6.203233768515474,2.372186133268279,-0.6726374779613593,1.9010007462313183,-0.5273043273652149,0.8764871713630598,-0.9209815480498946,-5.635110661157242,1.5278166936125075,0.8041663901219067,13.826123936096552,15.580124245484186,-2.17673606078489,-0.4290977186930025,1.8411833918645364,-3.7007397234465316,Y
-1.4916024951506301,-0.6145871306501292,2.1437711413635157,-1.3414560912120095,1.7514063659940575,-2.1634696768500703,-2.8862688831312386,-46.18890706334244,3.750168229461792,3.8386561456741646,-1.7461163631114687,0.5433891927457921,1.120934062698609,-0.1425634267814786,-0.45186727035257945,-2.734883950764342,2.5835173633974193,-2.55492983663504,13.221643998780484,16.499128121354715,-0.9367365744744234,-0.8204552096122999,0.13091119405483553,3.340695276597671,Y
-0.31671621110353954,-0.9075286781151322,3.0716959129097745,-2.2402349634646015,1.1370123981454867,0.4615195522400768,-3.6083051157990518,-48.27953762831257,7.000635051745121,3.4001953597954255,-1.485216091794996,-3.5114798108953664,-0.6065773958925149,0.34137303147821285,1.13963285227004,-2.3246581144722356,1.6953296062764593,3.1972193465433634,13.683318257068702,19.25492113097893,-1.9997843442885141,0.4875991421404091,-0.6633420732592654,2.040243865000889,Y
-2.7437295979637213,-0.3574832481021719,0.06761666552569068,-1.5165698969224692,-1.608192793212197,-1.0903430694988856,-4.651925079932619,-48.809090947630835,6.853241501476475,1.724131294008906,-1.4325446851914876,0.24620374198042327,-1.8597912144728355,1.0268935281055462,-0.8268078370240346,-4.144747811986427,0.7522974943274647,-0.1160951828065322,10.76327262448624,15.139082735778203,-0.20548500026450256,-1.2005456521144229,2.648603898061406,1.5733328459733684,Y
-0.04087875904787097,-0.25214389627982214,-0.9281996368816863,0.5705338198976122,0.7942555865115537,-0.02181942431366224,-2.1146849218774406,-48.01700922348985,5.147847402167542,4.295171931685452,1.7987647619460176,-1.3365395204011747,-0.49404227996436134,0.9605122307135332,-0.23395491573228355,-3.982395370000198,4.466325755261906,0.19861812871243956,11.278159759331682,18.32152724349794,-0.22782248656614001,-0.976563810996872,1.8563867469891768,-2.177344478554687,Y
-3.071629137410582,-1.9032434065201684,-3.265464560391706,-0.07357939893633869,-4.319914255272124,-3.4088420078738864,0.2921023447847926,2.414176826580274,-1.304731899347189,-1.922109748460528,1.1870605722829168,0.8361942227053305,-22.74006765236186,-4.555581970214803,-2.957642620655804,8.709918179127932,-1.934123334513373,2.477041381284266,-0.28415022537394696,1.8604343924545645,-2.758514754489056,0.23750776103719495,-0.6948462982867731,-0.4260647105215867,Z
-2.697108056254308,-3.4236055459156365,-3.80312220232463,-1.0428096158127573,-3.8809114509690517,0.059306395380190224,1.2674418364434192,-1.3632405522552915,2.054145512231912,-0.9037388568722164,-1.878369087599367,-0.04464913401835702,-23.650379942467197,-3.4462614772330156,-0.2752689385732765,9.338424562549136,-3.243534624194524,1.438082226784104,-0.8484489418176464,1.1926962780155748,-0.8639097099471655,1.0785937780708323,-1.3245746138214152,1.1065260744402394,Z
-2.0893680803811208,-0.9369991242939459,-0.1654564131649181,0.015741454456666304,-5.468600894704025,0.5928102220911455,1.2174870168720409,4.3275253395318884,-0.4755837733750923,-2.6107517618032006,0.7604093503646254,1.52999769060699,-24.313914129335302,-5.316442610106286,-1.9493419498766684,7.667520718880866,-4.388694239413439,-0.32446157491625627,1.0167095165533326,0.6714300139416025,-1.2609628442266967,-0.15194920619688013,-2.277787422628929,1.9227523121559216,Z
-3.386839319289834,-2.094782042643602,-1.5629134013313433,1.0251532309000808,-6.654755469965664,-1.6123590137597148,-1.5558163289851397,-0.2866339329511902,-3.203055918144912,-2.0331506906223993,0.17859862784098368,-0.8770717546967148,-24.83219482145742,-5.296080891881026,-2.2057955476919915,9.662452367100755,-2.283128268142491,0.2607166035517139,0.16001271819422014,-0.5107886153689947,-0.903329721303578,-0.8317683414636159,-0.48077433576622397,-1.2438355795737834,Z
-1.1304567404357044,-2.0169991817193864,0.6393930923674134,1.1862842068218526,-4.918826144810112,-0.6226716628954136,1.0187538648881471,0.5735891657346883,0.13369948056651992,-0.3796205248939941,-1.2364203980048103,-1.608772613939152,-25.793822170620473,-1.5485240656649424,0.12462956631395627,9.624035507202123,-1.9874723211088394,-0.624716596921985,1.3063927359796925,1.305093733429544,0.9133164714282884,1.3703131361245147,-0.6926740577662827,3.194513720482746,Z
-1.6900030255212926,-0.9507094823181292,-0.07391282025452028,3.1983211888791914,-5.941810382826219,2.1470836496487777,1.3554054659675145,0.25078383529421444,-0.8448237393058662,-0.1537387533057668,-1.0205858209535847,-0.10355515755310307,-23.997352543481753,-4.4069408551384015,-6.451416703305711,9.628651225301454,-3.503624543340891,1.1008195458329055,-1.4200778657947737,-2.885403431059416,1.9715469379689239,-1.147379115587987,-0.12118080194390402,0.6969919963859752,Z
-2.2943474582312717,0.16702803488771778,-1.1538146061266161,1.325153731471218,-6.722358865177398,-1.2093738146470514,2.274002851214348,2.0547220528025036,-2.4845075551023115,-0.7465438269014726,0.5449815684871453,-1.1385642051174045,-24.58337067340875,-2.0522798854085167,-4.5178294987048275,9.580733383731037,-3.7889633878818643,-0.9076739794694504,0.9861665888156437,-0.3188425839798015,-2.472054064443796,-0.9456597322791973,-0.8751174055418396,2.835785389344153,Z
-4.225886809060256,-0.6961846171245236,-3.303353473093239,1.8867372685772779,-4.481313896352276,-2.4634054490856556,-0.6043682472479421,-1.3593050827099091,-0.7381574022106179,-0.34391995384244467,-1.3596825254970497,-1.3363315059605156,-25.17006967674058,-3.155085593521278,-3.0518090682218713,8.906750371665403,-4.356929120646214,-0.19415518947891997,-0.7184036662589319,-0.39635335212794587,-1.3476802409585389,0.021263373302663258,-0.4825384451058774,2.525888442096175,Z
-1.6590486317633406,-2.075505997562839,-0.91531945690258,2.2406288259514326,-4.934439034440857,0.4706029533287506,1.1663105003693497,-0.3270902301222236,-2.430191955289672,-1.1706160269343897,-1.0340225725134644,1.6539530504326763,-24.707713744565268,-3.5483432248490487,1.12810401329682,6.407248011869498,-5.734348177258113,0.16786238422724864,-0.9484941141281702,-0.8164898582215301,0.5594074320388245,1.209317670904145,-0.5217692871783761,-0.08004155140815783,Z
-1.5499145273064983,-1.4900308195606025,-1.71206481933541,1.6859676042098783,-5.488419148026992,4.530506307887265,-0.0725131991503023,1.5083408437872095,0.06952004714952409,-2.1532860643895475,1.2397323517256211,3.1734074403241834,-25.467215979391,-2.188705721893946,-0.7200716707388324,10.284035237238939,-3.4291015013266133,3.717921375672404,-0.8271367006355788,0.3040975140189204,-1.4906910251250451,1.078593670404886,-0.6233073161543317,1.4652569464089424,Z
-1.7015403133067366,-0.8417050244905209,-1.7083385540020686,1.5001309641151437,-6.9152532682811625,-3.2756996694706118,-2.350341294875536,1.5221866966002153,-1.6855782664021604,-0.9995762454071127,0.7229428920828411,-2.311116225850583,-24.74477513378065,-1.4605607301185017,-0.21175111520290102,8.795031138355348,-4.651361036619875,-1.0178307818237613,1.0035421870499328,-1.3043640713927545,-0.081618439134445,1.0863312339890703,-0.6038957682475292,2.3506882136424565,Z
-1.7943901828406297,-1.9051439958244414,-0.7937752066904409,1.198501964102988,-5.784210069751765,2.402874753650508,0.4211972865842508,0.7511451026602458,0.7313579952194118,-2.0136037399498576,0.9318607221919137,-0.6650794235845865,-25.722419295505603,-3.1723250666138867,0.13602452619090855,8.34027972405201,-5.229235392022332,3.4921244388086734,-0.5308018482292343,0.7454110168182666,-0.9254457687442255,1.10615030206168,2.008683473889164,2.060507251308536,Z
-1.8754319176310048,-3.3427006036232036,-0.769467140991253,2.0173248783300934,-8.16751394418614,-2.462529663637781,-0.5394814640968768,-1.9774994970817374,0.7352990159260457,-1.7543264410786463,-0.26800556662757913,-1.3260386587284643,-25.072329869335476,-3.721692213515844,-4.839763711091678,10.658560557714928,-5.306610336234542,1.2620012693109857,-0.05636750329349027,-3.152552217923528,0.1233737119101761,0.47995119170366607,0.6562400377369038,0.6982982592005555,Z
-3.506697825436447,-3.5893521116653795,-3.720558731285678,2.961986083501017,-5.222081969939126,0.6685755919034477,-0.2692099988471437,1.3770726575200456,0.03798088964458657,-0.8490326872950078,-0.4067387115344161,-0.43381856982153977,-24.628578391787585,-3.1181623722956218,-2.706007016556839,10.575619997809888,-1.9406391757600971,0.939853240553191,-0.11948959831953365,0.7502978338873163,-2.6842756778488024,0.7085485790649777,-1.5938960157713353,1.91859341527379,Z
-1.361633470630494,0.577254343809602,-0.6271066436071919,2.3932077442703843,-5.5547983050458924,-1.64344363886579,1.4559937571227817,1.0598305296743433,2.8828535222538108,-0.9357743047653173,-0.2344768701617852,-1.2355914063600153,-26.62459674541813,-2.9411489854354755,-0.6223914485598243,9.863086103965763,-1.644846755774168,1.034242121218142,-1.7764126906481275,0.19726664437013142,1.4888589662583058,2.062485297853608,0.5031178530180007,5.845130037472302,Z
-0.9533087172014802,-0.6451439469971714,-3.543592598340638,2.432166926388234,-7.1124947001604255,0.3913253831134966,-2.0497983128517685,2.0792891588855014,-1.163247905471735,-0.29600100411110475,-0.15343724812674964,0.4354147402393096,-25.63825626148943,-1.1772563413041155,-0.5312868668909232,10.059918396617462,-1.8647567344422384,0.2902854578362053,-1.2171366647810944,-0.8976666643650333,-3.6943168172011838,3.455245442304162,-0.7904114417166319,0.49637813737325587,Z
-3.6910408303104134,-1.949125863799142,0.08640035361781884,2.719407243892576,-3.9050695524608443,1.7565999142751139,0.030247127442327937,0.31268687832482556,0.8417301605368834,-0.7135572109998591,-1.9831625015469854,0.025654776871419926,-25.08631397644359,-2.102777235626583,-3.4377009161344745,10.364534625644573,-4.51249197111504,-0.4256478939826138,0.5293791689031382,0.49237759717036056,0.6673739836684831,-1.0066099927705885,-1.3726290025667502,-0.8846678781633273,Z
-3.1411332530028915,-1.9553702161107127,-0.8294759123783706,0.9316239137260567,-2.0111349280176114,-3.2848892441136286,-0.7464949226767903,-1.0559137098221072,-2.7869480499676342,-2.3160462716218575,0.0010428704305525116,3.2756784452555507,-24.667534232161586,-5.8901088849235705,-0.41455972662828344,9.69937481503031,-3.9472447469718617,2.26526601496289,1.1584290294442403,1.490795585252755,-2.382481133784154,-0.8901394487506131,-1.5704118159367084,1.5743185129301196,Z
-4.3036668499565565,-0.22595827987290118,-2.1610204277205867,1.5029816580379176,-6.8536236544652525,1.0614722872778657,-0.018757435073689877,1.1657196075297804,0.9954789619279154,-1.9274036852115373,-2.7160604645746105,2.1320480299734754,-24.17097301086193,-4.550017179601291,0.8556701687779196,10.501773113475103,-2.503037397565734,0.27122638795668763,-0.9672271432563706,-2.2507885297540753,1.8913990782315864,-0.4166551750709546,1.0137962694815918,2.24359435427624,Z
-4.439416397578356,-3.6147367760390803,-2.941554079357388,0.13207612278444714,-5.784211326357934,-1.303558793701768,1.6514689032567578,0.26694119442174724,0.421905251343901,-1.6587608315997997,-0.7047025814837014,-1.0684891898724231,-24.599392125747215,-3.5965334806830214,-3.8067167642856248,8.771275378680308,-3.741045646425704,1.778420057754829,-0.056774628908916824,0.7712032034344816,2.213983660253973,0.18293759145888355,0.12234878450286502,2.3254963809748688,Z
-0.9385086998575503,-0.5168634048198593,-0.8301326617067275,1.6479593001145076,-4.2239383224560925,-1.4886222205523723,1.857125130523925,1.4138626888495764,-0.5036152597827481,0.9582985049287274,-1.30999670465431,-1.5965104024890593,-25.08495570946647,-3.5368048219982455,-1.6436119086489498,11.312179977002707,-1.8969271363131668,0.4387747686747048,-0.20256657426928282,0.47161039216069867,0.37632068810148667,0.9538425454187287,-0.36511764270898794,0.28613646577230156,Z
-0.07380162994274997,0.6751275558493441,-0.7996847907013489,2.417370630531785,-3.336294806985734,1.860179612380307,2.237894307460185,-0.0075425199624135075,1.3699735576929015,-2.9145527917507508,0.9923992566411641,0.19998443962595047,-25.47386796908185,-1.8855824756190245,-2.7594381865760056,9.81815374804188,-4.627064784399394,-2.4901993104401186,0.45756929787360745,-1.5051308911352237,0.4796857413042517,3.9243856369100847,0.12669221261836228,0.5675567013845466,Z
-0.8950710562453992,-1.3770896505770054,0.7797679586976756,4.292166994742104,-5.625388335491692,-3.084943153898678,0.4225547735766533,1.8156735135588349,3.763480494158898,-0.9523353451689331,-0.8351552165453597,-3.343067936823445,-23.671153175043713,-3.6269403808040934,-2.6569517634460453,8.833990724382325,-3.7315435082619786,3.5562943441130415,-3.605462563568663,-1.3509243122634302,0.1325714613975606,-1.5247547888378232,-0.3819502861057025,3.2910861131492766,Z
-0.23656220310979847,-3.38274578992059,0.8921202867608145,1.2996334309296884,-4.297923840829583,-3.9154023481683566,-0.05323702865705293,-0.03455333837484886,-0.008439191308468708,-0.3037379662008135,-0.5439778898079055,0.49388688942798353,-25.16233211741769,-2.3076202993262953,-4.327957330073218,8.060778260451052,-4.485479854669904,-2.401938083285472,0.7211891860530515,1.5710231911501182,-2.221952955979077,1.6323040496979502,-3.455660676774908,0.2867898733567813,Z
-1.8687814607234827,-1.1036959655468221,-1.742506448736549,3.93216731648851,-5.18746869807913,-1.202158713499955,-1.1340514647755846,0.8984322280534798,-0.8078031828861754,-1.2789419161420525,1.3799569362446675,-0.04179058975933003,-23.162649210244155,-2.659745392950363,0.6515566201883871,10.037384392992912,-2.3686466692754777,-0.5596744688552917,1.0780669890464316,-0.6716462794513802,-3.546483482394933,0.449815542530696,0.44013134965858214,0.1853915330711402,Z
-3.679910047712667,-1.9777683735756844,0.7668440267300412,0.07166969768810816,-1.6359304188176225,0.7623137991379849,2.8418309396467674,-0.3861377392250347,0.0364561706824702,-1.7480828242236655,2.034392465996717,1.8280651684244162,-24.65477549557275,-0.28960983276360963,0.6681958808730997,9.642632950381426,-2.755933350023497,3.301159519938551,0.47494489939828943,1.2418355304150168,1.5696789307750123,1.0794082631352913,-1.5165203828422875,3.3108029542125905,Z
-2.1010416892214323,-2.098447106952581,-3.3129805400031955,2.5763301116114334,-4.349507647898861,-1.8451526784762677,2.1169438835981236,1.8945403392667686,3.28253782412213,-0.81998278373608,-1.0389112813961958,0.27029025613825297,-25.564683807511557,-2.357844817562828,-0.3008959988549691,9.931230910012054,-1.7666108913506378,1.3531129211156667,-0.8339239874759912,-1.8845433531884765,-1.6783788256058187,0.7791367007596559,0.44556129676513123,0.9908885912317942,Z
-2.381226694789177,-0.37813038608066574,-4.315806909621074,2.0199038795021877,-6.144479787145201,1.3678623091068403,2.6615593308496326,1.0853554734446789,5.554495290627415,-0.865050373267195,1.0312234709723214,0.8072932476894721,-23.64101750852879,-0.5583871466864778,-2.7677662265134018,8.847022192838473,-1.0561141908393665,-0.2797879003457524,-1.2711638287095457,0.08351079769927594,-1.9103068958122549,1.971535024923453,2.4688645556696507,2.4209840601586166,Z
-3.064574909469428,-1.1503928168111193,-5.535452027471365,1.4322582098498629,-4.146293622185624,0.8499196854679099,1.6073510976118204,1.9055342484552682,-0.791601276379879,-1.1797118118078345,0.14113094057071862,-1.9942196508894199,-25.594142605190797,-2.899338726199005,-2.7263769890275285,9.865528721943129,-3.3241691357365255,0.41379838182336925,1.7660308385683057,-0.5296560873314888,-3.044538559857074,0.135290484730481,0.46375055525426845,2.5175694055346867,Z
-2.871133344141384,-1.4050533759432113,-0.15077640861358077,3.0253794165563335,-4.478462215096101,-3.1033366643978297,0.5755412521664311,-0.33604742928798714,-0.014130816290787607,0.623003165197666,0.5172869491918846,1.23696807115698,-27.27617947539639,-1.5923702547236758,0.1723731987729593,12.953222045967472,-1.6516353979324947,2.410692907549844,-0.41148056756532503,-0.6670314761889671,-2.341092503888092,-1.0109537982293402,-1.7468823558409987,3.1609994818921905,Z
