Sensor1_X,Sensor1_Y,Sensor1_Z,Sensor2_X,Sensor2_Y,Sensor2_Z,Sensor3_X,Sensor3_Y,Sensor3_Z,Sensor4_X,Sensor4_Y,Sensor4_Z,Sensor5_X,Sensor5_Y,Sensor5_Z,Sensor6_X,Sensor6_Y,Sensor6_Z,Sensor7_X,Sensor7_Y,Sensor7_Z,Sensor8_X,Sensor8_Y,Sensor8_Z,Key
0.7862533983598894,0.7230273452344953,1.8788715682228485,-1.7893528366435305,-0.9086908588672031,-1.8559457400217525,0.2592596914617289,-0.5135539583925492,0.8302443527295509,-3.289373247034348,-3.5721549320828387,-2.24819670885131,-0.36465241610869725,0.8389086198764417,1.1015813402552226,0.9861524985472627,0.19136251623939415,-0.12326389447321162,1.058043922838614,1.9562013716893318,4.315057534334983,-23.43045704643979,11.878229869859965,-2.04393783638335,'
1.432270412531068,1.0557421173510413,-0.09961044601459434,0.2477982652758044,0.9143718963204606,-3.2453066494621226,0.3825175717319409,-1.907675458123009,3.018751488043165,-1.6399159144750328,-5.11138804053428,0.9453291457514297,-0.06845351164832891,-0.48000571244866563,2.2570489855464757,-0.8101822263968472,-2.584246509672653,-2.8113285110950983,1.5224336971093457,1.7808154002747756,1.41937448741578,-23.301633937852998,11.213885475814777,-0.6315840998165072,'
-1.4689048732570882,-0.18321717523769365,-1.9044412819698096,2.1250364569063223,-1.1501908986367653,-1.364497814885624,-0.6188850152632721,-2.6527892486436997,-0.3166804143978652,-2.9779708165647065,-3.427724100104598,-1.438095666669028,0.8491913929932196,-0.8887385314664513,5.008405264048008,0.04556532446394357,-0.27818286022323946,-0.17013930873901018,-0.17358442349668834,-1.143301233213819,-0.4478569799909451,-23.95253858036374,12.848955537822107,-3.9948329542336296,'
0.5300991489873184,-0.3924027038850042,1.0939542114815026,-0.3758221227034113,0.0066355659860732885,-1.6625697943911177,-0.2020072107487607,-4.405819519871812,-0.5998550102954141,-3.703264793361406,-6.132473173806375,2.3940434305187637,1.815165039062208,-1.2533540762645927,1.4300871057299673,-0.6983265270389083,-1.0247925644264342,1.8663868905328513,-1.9061183056032895,-0.07959159788920545,3.9593876997319057,-24.58959777742279,11.147642916027948,-1.6140362714529033,'
-0.20904057015152944,1.2504027632631782,1.1103786891752065,-0.5312535680711505,-1.9567937149811314,-0.012802666987226985,1.0871783195491442,-2.8467685033188843,0.20936486098395335,-3.561681330823177,-5.047315487685012,-0.5638357662695626,0.12810497549730826,0.9177775963141173,2.9070539015002623,-2.9913580624680307,0.1991008902849103,0.026089685224917503,0.3121166861003637,-0.20474924672660677,3.2715007478883535,-25.19163403693157,12.413750045431343,-3.2548230008081873,'
0.8393270017871259,-0.4469730184563332,-0.330014570555079,0.020284376325548692,1.8257786765806827,0.6733292893634939,-0.8894280848006821,-1.3789401894136688,3.1674598073835227,-3.47914814606397,-3.00934892777002,0.8623208361324828,-1.101215650739988,0.37384119398030435,3.341994180947381,-0.701312502899917,-0.21072111628586754,0.09858265927749699,-0.8582904511878695,-0.20217002116055482,-0.35587777281830313,-25.531815051048646,12.906239517557324,-1.214137158975916,'
1.601953463316761,-0.19882814716318364,0.21027283046299772,1.026846491058393,-0.7148532002310617,0.28898370223294023,2.220390956641344,-0.10427731889436131,0.705846916095652,-4.298378884224803,-5.81645532558008,-1.290708137062893,-0.7251986973277553,-2.3928104290853653,-2.1753871954313126,-1.202625459558881,1.0997773724726017,0.5834617930974559,1.3397185961693516,3.012581492566568,-1.8422542288243449,-24.778693070010412,13.608457441235203,2.460322445140662,'
1.2382865042705191,1.1228007392711135,0.5698766432546449,-0.9306178841570443,-0.1576112822799587,0.9021980897382491,2.4720653673016884,-2.291568018020314,2.595642638884499,-3.056433287814663,-3.941928803733333,-2.8649138515000914,3.0710954192146005,-0.818014406644302,3.8198616733470203,-2.9447973382872803,-1.6509899581976697,-2.0529149943212133,1.4627049780108123,-0.4951110291630698,3.38932552672577,-23.344937003778703,12.219090138293154,-5.266164879431642,'
1.0198736889866211,1.5795883647522189,-0.41477121979681897,0.5138604192258072,-1.067390550432549,-2.0856759370133773,-0.06042351861128736,-3.167946445931449,1.3867358972890997,-2.5882431058580835,-3.981027068677861,1.4142179800185772,-0.5623025349753732,2.1593157726996495,3.030132757817455,-1.9322628489361193,-0.7903564602258939,-0.3271651180485833,-0.963222790886352,-2.6384154449047372,0.38238991688228907,-23.404937082489198,13.034113272274425,0.7474887402569834,'
-0.22750015604043483,0.8027101856076762,0.7777037530273674,-1.4499856683378454,-0.8768010668176203,-1.9669805096237383,-0.7752651789695393,-0.2964954331344529,-0.20718047184271882,-4.671274365800478,-6.117132429166418,0.5511167423028951,-0.17963332950395738,-2.2585570920365257,0.09743962159353714,-0.7131227952776413,-1.346781114673007,-4.3967021401516035,-0.7059827077874026,0.7006807901375396,-0.7702208964484498,-24.49620361100284,12.12827639190553,1.5783875809756864,'
-0.09025937593932554,1.157008738384036,0.6331670347192357,0.543590298613708,2.49066672539999,-1.0230703820961367,0.9708434023921999,-2.0238721863072158,1.5306189042178175,-2.458061801064531,-4.178943795182903,-1.0414842501674002,-0.7061914659045669,-2.2623588262358894,1.1267661304048033,-0.5029878247291819,-1.0136630384348564,-2.6825550194644165,0.8887681755653141,-0.004387233682209057,0.48926993225990145,-22.92955197585443,13.98732413575894,-3.968771356780678,'
0.17905855480870514,2.8379594745205026,-0.6797655968294976,-0.850800180426674,0.1472775508825066,0.03800564837609954,0.8898028053223417,0.4347713032024956,0.939966176029202,-3.164079705216693,-4.372382433032897,-3.733051124813869,1.1143053823615219,-3.300412737539922,4.200275740265852,-1.1620372394545058,-1.4800858038300646,2.1762743096681447,1.2490402646302456,0.19353215102817956,0.30399036915008537,-24.32597731625662,13.426284519247545,-2.6424837911609416,'
0.5196447242975069,-0.18023086451186288,-1.4197796929126412,-0.546863381778607,-1.1086551767758692,-2.454705566405721,0.2754135199715204,0.17698759467324976,0.8624346807839061,-2.2089672548457315,-4.241523927991011,-0.6862604969416566,0.6416365386822065,0.22221199028748373,0.7435055605518528,1.3978731300042853,0.3457047257230954,1.29085099633744,-1.2093313111870323,0.5707720238872582,-0.5139955590703948,-23.488014075646085,12.27366126413493,-0.8166433011563754,'
1.0698262141298187,0.43035731105894826,2.8085403710279593,2.2977079656953947,2.622887736738676,-2.059398479478432,1.5305268122513551,-2.27663283956565,2.31289780229298,-3.2749848510603385,-5.001569444751652,1.0984087422234552,-0.7346993855612993,-0.9843041409452908,3.398933629653527,1.4653388198230743,1.3004103981813842,-0.1670699308225494,0.21994485570297684,0.8155225999928462,1.1651158905725651,-23.3882403959387,13.269769257972868,-0.7621066767484876,'
-0.9545614044054105,0.5777778593728335,-1.311156723367219,0.015262840029237168,1.4409411074258855,-1.789146683222043,0.924282374011999,0.540654125644835,1.8829961268917828,-4.6357091837058135,-4.011706652335221,-0.1431296861737792,-2.9726169378361362,0.32565077934446407,2.663955348226807,-1.583801668469242,0.33091024573158734,-0.44344849682221366,0.15655113082129546,-1.4586405210191629,1.750729738538098,-23.234031933883777,12.351444991996559,-1.0862391489982315,'
1.9534023716436195,-0.2125387249424051,-0.4590051926828096,-2.7713451905402877,0.2486777139375249,1.72981056013208,-1.431328482388372,-1.8076267680866067,-0.5247389606453794,-3.714939199663327,-5.426319822009674,-0.40045799234610513,2.9588289270182884,-1.3462039906772887,1.6374776070026087,-1.6961991238832042,-1.2322137213657811,-0.8641598795198888,1.2837914852643273,0.9523559151905516,-0.33660521798049103,-22.98045712929294,14.396331688928584,0.4351851850834123,'
-0.5602184658140175,-0.616927765444899,1.4145718872627526,-1.577994753324191,-0.971142445008013,-3.0061573469752716,2.4442371742671662,0.23196563306407825,-0.6129951613754088,-1.9124957945810053,-2.1377225977007583,-0.9516912062971983,-1.915285787038954,0.30270965603798317,2.269311859821869,0.318279747734195,-3.251851589565206,-4.737914762332366,1.1990848914099281,1.4852959054801715,1.2062930239860634,-22.463126897475345,12.029587425680901,-3.9904533641689,'
-1.5328451510471268,1.008094817217703,2.0965555519350687,-0.9333338346870903,2.3418896103246993,-2.0471368756181505,0.36880728849675304,-0.8130108559728058,1.5492307603935274,-3.1795551276573093,-1.8139676734617183,-1.4632831633549586,0.26141217786664583,3.1293601426345603,2.7311927534427696,0.10624392562101548,0.0985111415398876,-0.6381446245972597,1.3674108386147985,0.07163074158556526,1.497343309221776,-22.91204112243657,12.655787256715712,-2.0382541100682374,'
1.4691928846261249,0.9034343860333216,0.10580080389701152,-0.1492622084122388,0.7897647307378861,1.5535179128523282,-0.1500162492596644,-2.0762713926844754,-0.3974994675298831,-4.108062104859442,-1.756682685679749,-4.051481532583978,1.9074710604980112,-1.8248474649972408,-0.23106277451961432,-0.951222752221625,-0.12723228599563186,0.7319437300053551,-0.42851692890147675,1.4003190049393055,-4.318757488819813,-23.116204167154624,12.992305136150009,-0.5958796933543908,'
1.8150754005118301,-0.8143032606305809,2.345563164482769,0.27508199507067843,0.010575067718264108,-2.570999246588144,0.15201992575076684,-4.349078021157709,2.551177781877982,-1.7634477704077582,-4.233243072924381,-3.9605932804982444,-1.0985020304549096,1.9365554177125475,3.031006085288425,-0.04416348059473307,-1.9337485207948646,-0.9149651845521021,-0.13666137315566118,0.5600478500436594,2.663980885225783,-25.01543492913575,11.431623776673376,-0.06655373689761745,'
1.3534028687625153,2.819362209130251,-0.1922589409595048,-0.6987645060682723,0.5913054127408941,2.1568739626790148,1.4177212964269534,-1.1817003731709121,0.16402827833400124,-1.709690984044066,-6.040707354929964,-1.8209181642829435,-0.2127510881383614,0.8647008410148302,3.7716835037167584,2.3702262582908062,-0.19836952009225683,-1.9596243874384527,-1.2727248461969083,2.1333499818000803,2.418688408071148,-23.48000447835107,11.747507382078041,0.524757259593855,'
0.693535734840907,-1.3370634464591582,0.1780736647390313,-1.0105743600147434,-0.54870045326237,-0.2642293154335107,-0.4304686762175356,-0.020658878654671753,1.446079247384489,-2.6004595374887742,-4.755183803092621,-2.180961374964113,0.505888910491791,0.9927088212924673,1.7320973717880292,0.024117753525075614,-0.69723676558948,0.1277152917099329,-1.287113789346943,0.6938923482076405,4.89190902613359,-25.10136232795548,11.949362629886323,-1.5654230951502655,'
0.8480194022749288,1.393343847214414,1.4007836588178293,-0.736773255499358,2.1253683877656613,-2.130361901468291,-0.481645203697191,0.22585649723350798,-0.5129097950097616,-3.1328581031349785,-3.796140878530963,3.3132003223545894,-2.46031176702607,-0.23484695337900519,0.9572577202573598,0.5316733673233287,0.5216323634360833,0.8204210381837242,-1.3363903639435044,-0.11814222420380815,0.18463393930346683,-24.689778740792306,11.972438275643782,-0.6436252866713517,'
0.614396819377589,1.099588137251267,0.9905817014949321,-1.6081319042914686,0.9116673760734102,-1.5541547034072778,0.22125065228735075,0.029159010114426565,3.035832024622266,-1.2393288066742372,-3.650210017830318,-2.7586937891061325,-0.5290413022971734,0.3665107612438092,0.9042512002665717,0.7548410491252469,0.29303724083553107,-1.996853153832376,-0.3162541236704577,2.72683504503361,-0.513339113536972,-24.282674640431175,10.645922794808271,1.4250851647567515,'
-0.5880456639633849,0.2912167323186239,2.710860535496977,0.6194701024395215,-0.7287018286247076,-2.2884801572216134,0.9905267479106987,0.9929617102434918,1.7507165659914108,-4.365030113737987,-6.054008241127349,-1.6636741473852794,0.4727691219551673,-0.7360235026777389,2.59978640954256,0.6761081348263431,-2.686060903971935,-1.497960541461282,-1.8986522534745696,3.216066530944147,-0.08759031435528186,-23.77851177004996,9.80361526130244,-4.744492952510257,'
0.5587394127475704,1.2286832510141714,-1.6125073678542776,-0.7675874789830317,-0.9940847317108137,-0.27539159603838925,-1.4929575160704043,0.24920635240624733,3.9563151192649,-2.5775184003734353,-5.1401645563051375,-1.951877515421188,-1.4963722349143893,-1.3301863702971772,2.4567840487800368,-0.3795926834037928,0.5285542058471719,-1.1122891105542294,0.9657366042331645,1.597695860297577,0.4222469786222973,-23.61453011228816,11.832214505847404,0.6712751072677179,'
1.8124953533186954,0.7737959143867741,0.30882138130613157,-0.13908167553390172,-0.49277313867668227,1.8620925237738675,0.23306065934492892,1.807984215921664,-0.5886834777551258,-1.8778808760145935,-4.804058450138228,0.7230405151924515,-0.6643804092064727,-0.9631271994749611,4.26291186799665,0.36782658586454176,-0.7566944254187433,-0.593029425573036,-1.6566165188750333,0.1552510184034901,-6.045389640704059,-23.572991078027282,14.01067428091767,-2.088398688820746,'
-0.9993583506591506,1.3794977907207127,1.629198782942865,0.18033177109099086,-1.4195148500472214,-1.803606215532568,-1.7639076550708115,-1.2472676797584938,-0.2542710281298355,-1.629600027161949,-3.5709356512703323,0.9797084817330983,-1.3494957435576396,-0.38701963923519855,2.2725901657731242,1.3271488878068496,-0.914294558978014,-1.9736341099797983,-0.612860610409534,1.5964726163425524,-0.6305053478943137,-24.469190550376975,13.428184928928772,3.5093542784268834,'
0.04792813952661845,0.20203186166344267,0.894662440235777,-0.20817578539276838,-0.7677936034055506,0.4495161055488097,2.613241673909724,-0.4072645755270514,1.029097665088159,-1.9143970880291903,-4.295956778824376,0.7335483939750702,1.0384261585077752,-0.540412827987943,6.168025592234869,1.5617186859268557,-1.4099060621993544,-4.3605668144393235,-0.13869776557470814,0.5711792264223448,2.6674877830270134,-22.506022615872936,14.544294806295042,-4.149017204180609,'
-0.08443029757572162,0.8232077571127085,0.7244933866617771,-1.1615242368949623,-1.654762928958803,-0.5933891237003195,0.5391692121018234,-1.7867255135793414,0.23301501741070751,-2.3585596967325273,-4.942248382154418,1.0062096427819824,-1.6136587168148537,0.4725285618295274,3.62275714249472,-0.9064261891637457,0.6780127052550711,1.288869397470421,0.2629764360108844,-0.14895799773189822,-1.7734916627628081,-24.393036207449434,13.060176775349944,0.0917890232834111,'
-0.7312150472930057,0.8618824336690626,1.1122594612782564,-0.6322898772918251,2.1735656451052705,-1.6577095240246535,-1.248038112469927,-2.0946516135378204,-0.8145001690198796,-1.1388052348830797,-8.127297641944352,1.1801394092686337,-1.593847601843379,-0.9446284012599548,-0.6135270266981365,-1.9765846924933541,0.9821431597543153,0.8480350038007032,-9.402187554199795,-2.6835784064244166,-2.7884158797453438,16.771757972475797,-20.805559498368332,-0.10422504021073564,","
-0.7074591978603735,1.5673575394930412,0.5380284490115628,0.10630594887011569,-1.1875236142537915,1.929578012872696,-1.1093049997657651,-1.0741086436831324,-2.909936589719507,-1.01011732710748,-6.325398744333171,1.284394636750278,-0.870996909301482,-1.838791272331619,-0.18100547935466693,-1.0343678503943394,2.0461262173891726,0.6290242096918632,-9.07544551357427,-1.5511797648294845,-4.946045578071505,19.064516454981643,-19.522076322805802,2.028430011180319,","
0.8817231354169621,-1.1269412209987728,-0.5438556261704548,-0.8785344614573631,0.9233327725091272,-2.018846562035378,-1.5747801190318036,-3.029536629931755,0.6346479624757535,-0.6706147802015465,-7.626120450533676,-0.43238459052810185,0.17044796407682838,0.2650100441497685,5.1508813299814165,1.0270809243318197,-0.6876768472937442,-1.5032018280714965,-7.241372997059555,-2.253396528563215,-1.180701754055974,17.679088971375506,-20.125876462081962,1.595676861655818,","
-0.13569421303907347,2.747402807607924,-0.23922035127475283,2.155944136054188,1.9490336273327102,1.2377445443966621,-1.441341176831345,-2.068316200222114,-1.958579565539651,-0.5675834940223368,-7.057343412787986,-3.0615351192417393,-0.8419497675143077,-2.215351953014462,3.1739352198817414,1.2522841044291724,1.8674812102859164,-3.710333440857937,-10.134947644402029,-1.846698113488813,-0.4214184172612363,16.82062728584964,-22.243388352890364,0.5665811817296458,","
-0.6182745308858557,0.8624253602146581,0.3590976192427888,3.235944548248625,1.0670985698436652,-1.6697540526233183,-0.6382642619210621,-2.215874476368384,-3.8249434499605854,-2.384958911878414,-7.735263420277903,0.17140588599903595,-0.0870620114428391,-1.2131339430312025,1.9521035244631548,-0.02346250604833955,-0.08808608663551354,-0.11077339110175899,-8.492821080307095,-2.319233867386231,-1.9347435794324497,17.88392952876734,-20.838274794358476,1.4423825926636482,","
-1.113616029489549,0.8887602638702076,1.4221478746514435,-0.2773135132251241,2.3442005267247623,2.6236098516824313,-1.7432416778344395,-2.990442535262588,-2.088235885136271,-3.1208410072843833,-10.538974772043701,1.0062497519934936,-1.1191430009525618,0.43089252758466046,2.655106481768371,-1.3970825626149548,-1.5651425709442321,2.5210044663377857,-8.964947841696095,-1.9805461121985104,0.6022130972061177,16.432933419827577,-21.40542479640218,-2.8155088387738374,","
-0.1587742154915759,0.9864977730712237,1.4797475525183472,2.8253117890508292,0.2698473060569313,0.7116986614250322,-0.49097923215697303,-1.7269132367305247,-1.8779978866917304,-2.240796417098167,-6.410919037279797,-2.2087314237700753,-1.8736222495517723,0.03043892037931073,2.562910420275898,-2.005906357847259,-0.6017483920963116,2.91127212068767,-9.221780400340936,-2.896293507019209,-2.1092785523007933,15.955920896021112,-22.686193650880014,0.0407557709989419,","
-1.4672362013600946,0.986905001120334,3.1312611691579377,0.19237034537879083,2.0051008808943607,3.8312048345373455,-1.5358208880165596,-1.1017995207776607,-3.6683517083210404,-1.7257734488231904,-9.426667267536487,-1.3327061988514401,-0.713123926499577,-0.17046528370016745,4.041850529597866,-0.8668559233377024,1.1419158686989306,0.2578125044192916,-7.636395529147201,-0.9738498927326447,0.8308521734044234,16.562843943255146,-21.278637336282166,-0.16774766906399918,","
0.378924549223143,-1.733049859386776,-2.000234462823869,-1.005322290964358,-1.7317274562097964,0.5551186020800856,0.5168036405317498,-1.7140179305273762,-2.8162048174132224,-1.869936316442633,-8.442641590239589,-0.054602906377567706,0.5104961266148109,-0.9941749494042611,2.213818518453536,0.539885575376438,0.6057168151028804,1.772014142481396,-6.288295705803927,-1.5059755262830947,-1.6552867426112243,15.801305509334398,-21.424019940406495,-0.34272913757536116,","
-1.6290416709938427,0.21382808794155267,-2.011182788969222,-1.9862264308326445,2.658592285155862,-0.5366212147150122,0.08879446233560273,-0.9558712975690185,-2.1508710186292888,-1.3352301144145997,-11.133951136800846,1.7353164056982564,-0.7975597683318085,1.5084486302165203,3.9993578261988887,-3.8493449197485177,3.3477944656305,-2.0448003526225307,-7.718929705555098,-0.7330347792680243,-0.5688017765920108,16.71040030342222,-19.500491056830626,0.6171735541578869,","
0.49756273889283875,-0.7479365995469748,0.6221196493438583,0.300288117214464,0.22017338845051881,2.2922588813062816,-2.13772134640638,-2.133609497622956,1.5991454967659706,-0.933014590025941,-8.618837340756585,2.4727141649071314,-2.066788065776848,-1.7334516489709983,1.5730134509337859,0.5978495585583445,-0.13668321704417963,-3.1518711511943707,-7.537164984655609,-2.0450251771399337,-0.7131245956760495,16.41677972349987,-21.66144110563114,-0.5361056355604319,","
1.1001463211538862,1.6479910088437781,-2.409995420429482,4.211147755963694,-0.7846214892361445,2.908313530141527,-1.3077666517296516,0.6973850522966529,-1.1176061956477383,0.16409080388004327,-7.633993944263352,-0.563783974763453,2.0350622246511136,0.32487472009451324,2.422308563923366,-1.9141414710688522,1.9711910914082011,-0.7421658156723083,-7.237164598439087,-0.8528993198859354,-1.3959899836055456,16.917685160019985,-21.29642031915587,-0.821250009941707,","
1.8994179038479615,0.7650950650381309,1.0388944025519322,0.2734102435909449,0.5074102468357182,-0.5234909231602956,-1.9175403431799642,-2.2660974894392893,0.5367531782475794,-2.250433650780508,-6.069650364940827,-1.7875842058685407,1.695699147219841,-2.946483220993599,3.6390987278179523,-0.38454878614613364,-0.29767595247969325,-2.7438695526809056,-9.10517384895914,-0.5947096240012115,-0.3756408072763975,16.018228276248593,-20.595696027246532,1.9612029349907516,","
1.0083742192467184,0.3850045979929179,0.5921206491052544,-0.7901651972430841,1.0457741566649474,0.31113987214160943,-0.6196670709691929,-0.6668698465341549,-0.3335728544341805,-1.433375702042305,-8.296846788225452,-2.178735599568995,-0.1630799038574935,-1.4170274336456004,0.9155581032597979,0.06993129788906316,2.8018223578683603,2.2087059099711155,-5.092775345366462,-0.5337598064990772,-3.7629798235996645,18.305693771362485,-19.429362228876855,0.5959328778994291,","
-0.8548767479258004,-0.6382534417534367,0.6983363755174992,0.8002432142576055,3.534157205572626,-1.1353822562785467,-1.396273352495685,-2.5238829378847356,-0.3723355917256299,-1.069302683144052,-8.855447870729535,0.411218345124837,-0.09249360180362487,-1.8499226659713628,4.1099507123166745,0.49698992257091845,0.23214146126466062,-3.2819603232815666,-8.154540441349099,-2.2969714667547834,0.12763214083759067,16.750581155285204,-19.972620561004206,2.416513186908503,","
-0.6436560420390265,1.9129684108511988,0.6332969816049285,0.8687935623237024,-0.5264365366944048,2.2661981123848705,-1.686635343656282,-1.503749980667891,-1.3913671267404766,-2.0736934860021634,-8.367978650675951,0.7390691011874537,-1.526793067345551,-2.6472977158213524,4.166676040857055,0.4435054538087613,0.9434526566036823,1.7805505304816052,-7.321327607858247,-2.1148002984921703,-0.9765886749676156,17.91678116997784,-22.489770038311306,-0.4379966206954009,","
-0.22922280179579957,0.281429915416294,-2.114993923549264,3.141736484234073,1.7432481849631927,3.435023039253167,-3.1027439445931555,-1.0747871833907823,0.04158473226334536,-0.8408416721809218,-7.1150361761726515,0.6422632835704576,-1.1560634431453138,2.3187196456426804,1.0690771252391187,-0.22015919915805426,3.040059902829995,-2.83255946205054,-9.84214239603796,-2.8367001958647364,-3.6289581370629094,17.560307960130686,-21.328728115720445,-2.6365877304415903,","
0.2773799593131798,2.250298803488065,-2.8764638931476725,1.3733660138159394,1.8413989301997162,-0.3476240306174532,1.6882969273161743,-0.8137456474479734,-0.21749462006806652,-0.8202071116174778,-7.5894706619749,-1.0694682810506038,0.9152921090101813,0.007770107769943024,1.1941260085995395,-0.2340060220434168,-0.20917280102187874,-3.517826459098842,-8.661553927978261,-2.137876103051525,-0.5499696691171039,17.619359387497198,-21.333614501262673,0.8322310929110586,","
-1.4977719243256615,-0.6170768980429782,-0.4012867807236944,2.5812395558766354,1.1714810873864394,1.2677545364869616,-0.39731399144521706,-0.17044411775782464,-1.3580762326334366,-2.394598254863965,-6.767795876619829,-0.7192827452226425,0.10053888988900894,-0.8251714705384501,-1.236165877535882,-2.494186713723643,1.2309667278308893,0.23328498833473077,-7.317526821291837,-1.8529434115723689,-1.0913465338654191,17.38954170448011,-22.207551353765297,-0.8433726580169036,","
0.7170629465780962,0.8006606721327876,-4.403807587912183,2.9405595275740026,1.4659135764277949,2.4786278805285633,-1.9226987211682696,-1.120804459930298,-0.5963713191100055,-1.8346421366557024,-7.300060869174075,2.2699071553093404,-0.032628635872811174,-2.6683378874488923,1.4983259454102154,-1.194547994898521,1.4068933298794661,0.5131688226903179,-6.381825608991395,-4.079733060396521,-2.578392940468916,16.375785446995692,-19.73261957643257,2.8004263910498253,","
-1.9370548275222745,-0.5050859929112888,-0.11241741142396222,0.09001546543854033,0.2729718917911441,3.9991715960616716,-2.4143729993121177,-1.811752587228085,-2.0058823916054394,-0.8772219877630647,-8.334042579064345,-0.0951215505464802,-0.3259774194780505,0.32433115853020666,2.8049102578836482,-0.5649555032998208,0.47064543434956363,-0.6451430884999922,-9.291825569032028,-2.5073780989839918,0.19661998462299835,15.782572566727339,-20.3527079690096,3.041331848973698,","
0.5552539556853162,0.6651855285987613,0.23186155072431802,1.4542699810734945,2.081803181781652,3.346331389967247,-1.586997358345879,-2.4646935289481178,-3.2005563147354223,-2.2036016515670624,-7.940510496666292,-0.9882240807713174,-0.6129458060288755,-0.021823340092225862,3.0464723822827864,0.32622107775928555,3.4094249079779786,1.5291346253274583,-8.280377851978166,-0.8410893140420512,-0.2871677246088211,15.506327615246136,-22.468455919636867,1.4874983164245918,","
-0.6114876424526301,-0.49069684106408723,2.156472030433065,3.253049091528908,0.9806216129626932,2.7567611106085224,0.05092118223329223,-2.1327954101565467,0.4254935451875781,-0.4383524389481863,-8.192725851896455,0.32690161850928234,0.8757921995962761,-0.5813703674039488,2.0322627350824973,0.519116492361988,0.4737719809417342,1.5442434778002507,-5.680558393314417,-3.4524470176177715,0.220491414204389,17.700806950841184,-20.40809456665591,0.7956572806938311,","
1.08100008975714,2.393375686724274,-0.762205445440145,-1.395187499931069,2.967005663841178,0.7955793871303172,-1.0412960031992684,-0.21483063710789452,-4.339595367293043,-1.2836466111402487,-10.191867810832207,-1.5869790740546819,-0.9301859315900742,-2.8158955042221265,-1.7159994752628904,0.6315150766501603,1.3386116987549599,1.73499452506411,-8.770287078408657,0.008956172339125601,0.5949790503045165,16.123838463485683,-20.48696265242218,0.299609679900243,","
-0.004019535393069873,-2.459429918577246,-2.3390319155865313,2.0952640090182086,0.7685814203456403,1.1560579635143426,-2.4180381599594627,-0.5267765704541887,1.955249426656735,0.887891463059745,-7.27033213592145,-0.015178172391415501,-1.128916110354055,0.8024295695724319,2.8145415503045683,-0.7809275475412036,0.8746275778379413,-1.1374646449019679,-9.006893334539791,-2.045704186348786,-1.9290471213495266,16.604518837700226,-18.995107051797575,-0.18657875468335305,","
-0.21171218830681937,0.047131223979576184,-4.52272511698817,2.2608765672363518,2.776822133059568,-2.0735992398493295,-3.44903361360413,0.6105068237854425,0.5785721750394828,-0.4208405136176552,-7.144764522777194,1.46747765229577,-0.43878099343169197,-1.7088821574076647,0.5095211187169184,0.5508811278191601,0.4501523973285373,0.4785663079314304,-7.106169470705071,-3.311132927941955,-1.252757263459273,15.96515152094932,-21.05451991568863,0.46584058501019854,","
-0.46026905208304925,-0.9048597697661547,-0.5431952589211164,3.6387047906935237,1.4706692369551888,-1.4268770762994336,-3.149440859993128,-1.2060534778442786,0.8078799866557347,-1.8487600654152487,-6.880874164011999,-3.3462421394445983,-0.6672459399195816,1.2770009633060866,5.7163493508736565,-0.10111011653577862,2.053317843476208,3.8370061167726135,-8.346757679589754,-0.7766109395435734,-1.1923078790029535,16.953794801254787,-22.26429300782908,0.14981126162217606,","
-2.0069627417659603,0.6757738114579247,-0.7455603850346506,0.9826868451147703,1.0294908331267152,-0.20111021513042715,-0.5485358112807672,-1.4146928523140048,-3.8166076218267335,-2.4036915161684504,-8.30594347067472,0.6056939178058656,0.4707209099814236,-0.5147194658511651,1.627103745404895,0.23649235555375725,0.41431323021262756,-1.1543303708723442,-8.139879802427696,-1.82362268176864,-1.1393084015301724,17.53777634543873,-20.96642028325283,3.967723643860211,","
0.45479953375729565,0.8162715430270522,-1.0230418645930968,2.688614266719128,1.3980464596290858,1.6041426195521922,-2.78075309589978,-1.2849253299767724,-0.9553275792733871,0.060380943471038506,-8.3465251660933,-2.3423251461524046,-0.07660939571354675,0.9417068145890966,3.2902273258542323,-1.7626481189296968,1.7647202670414401,-1.2189346476416176,-9.255581065303087,-4.308058571931895,0.5772457965839521,15.526419556699892,-22.010176552474775,0.35414459200956117,","
0.4356626371491643,-0.18906785712630753,0.7200236302721805,0.7466237811609773,-0.33897105884159373,0.8665357666021691,-2.5236489945946845,-1.9617537195545083,1.182596546018317,-2.343691965646798,-8.226664340058392,3.0250318437815054,0.05804992869076386,-1.029605243113167,2.562688180501084,0.34115315267289503,1.189558102707167,0.3852699289456609,-7.922956584567952,-2.656699055252986,1.0759237364347314,17.79922308508428,-20.99913457464848,3.592128758219701,","
-0.5398076649665882,-0.8099728518384689,-1.6603386258080945,1.6058987256217563,2.3204469971803974,0.040886529293004514,-0.5866805747083905,-3.349901120285409,-2.273514923509424,-1.750750940383213,-7.084901517704367,0.978882665022013,-0.16294769784255436,-1.1267999354573135,0.776262813516837,1.0371261614630711,3.963409619914131,-3.0708398282836242,-6.959291573865391,-1.4945733305640658,-3.4933890021824254,16.382843140960446,-21.12741685409891,-0.4607709916742806,","
0.03594992327759883,-0.2775583840732645,-3.7181643237631192,-1.2861705592920032,1.2715436155565953,4.041495336349897,-0.3561259282552225,1.035417676278115,-0.5925470534099304,-19.176880339954792,14.039091186523194,-3.8996345607009175,2.1656615180793892,0.41421450612348565,-0.41877455049353784,0.03968247053736462,0.5089282825869077,-1.3533148276207498,0.14074205186251731,-1.2175307876792232,-0.847971849259693,-3.9614581369252804,6.249635408427537,-2.8840377876657044,-
-1.7100263961864925,-2.491042647493382,-4.922023955055579,-0.2912817944833819,1.2689653358973487,1.2294838937770578,1.7605710189914463,1.7547398739635298,-1.59711949799771,-20.370229979709293,13.723207684684922,-1.409771284974454,-2.4985913508491535,-1.140898141023719,-1.1487150287882173,-0.6630785072292724,1.0478434006360544,-0.5002854125418708,1.6160364342944575,-0.8482978780753285,-3.640496920623889,-2.229467077609037,8.6480062185436,-2.1186137617977465,-
2.9897954419162716,-0.3604995391077581,-0.23336243669973555,-0.829246970060268,1.5871546409913435,1.576382313601755,1.9458652700881807,-0.4647186033501782,1.1281609599261628,-18.748599658879783,13.604427608990306,-3.967077303648466,-0.17081487263840245,-0.506012168366361,-1.2820928358530637,-1.0954316003031934,2.1281151948818717,1.79947837311812,0.19924892515298254,0.604868507074741,-5.1930191639338545,-0.9210058477754828,9.131399961031576,-0.40206417584266774,-
-1.9910211118123584,-2.342400096727183,0.354228701768875,-0.0006494101960896614,1.746527928692899,2.4618147683971188,2.0577204559291857,-0.09385989393717864,0.2839066327820774,-20.27982108489855,14.17334223820589,-3.408399043432155,-1.8965562840805887,1.7753462518891538,-4.937280906987496,-0.6607702908753978,0.6560783412469391,-0.5723406457680653,-0.7380815124166134,1.7311577021397966,-0.5818799993587049,-1.646164152533693,8.276605097153777,0.7580055478476311,-
-1.204234988389885,3.2784598901940916,0.07981510877004894,-4.06707415716258,1.5810463198834555,-1.0626214158948528,-0.7926869045447402,2.1106680585073434,0.8657981647479573,-19.422582722728635,14.760987452165864,-5.902646300440381,-0.8335281642727068,1.1476537488014813,1.3074181482656968,-0.2145714036760964,-0.9912053457404966,-0.2821598767582145,1.9490225168289044,2.5034175895589215,-0.3543381198514908,-0.3834489173025304,9.631897383746164,-2.9694486454057483,-
1.3173961471622988,-1.1088706389401333,-2.8997387214759556,-0.565354025586231,-2.125380792540568,2.978228917064314,0.2502542844832849,0.8501220120388382,1.9678277908261634,-21.166248295365456,12.64347751531102,-2.289290979721386,-2.801171591366341,-0.7540205201023085,-2.2443970538518556,0.03941039804306001,1.9673929611829521,-0.15536047197525704,0.34096822888822587,-1.3206955571928063,-2.2857294673310093,-0.9045807072565353,9.194251237688206,-1.2938455296852567,-
-0.7154088684362137,-2.654481556633491,-2.5077204904681594,0.5392163269594619,0.5656629749138347,0.8900179817737239,-0.07920283844027853,1.714014317853156,0.38924701562996233,-19.716609811290922,13.124701651318333,-1.7244797633928783,0.35249311407412165,-1.227911924198125,-1.3107804916169812,1.6800442288083204,2.95969733936451,-1.649625404322876,1.3855384802840334,0.7829661586297334,-1.405117188051804,-2.3064354234237427,9.06773539782236,-2.6924110930424945,-
-0.9129189378560909,-0.07882530002787935,1.5773677923285163,-2.468658174816923,-0.13967398333693382,-0.23916165601434614,2.1038742956101295,2.534466094003818,-1.5552897026781238,-21.223395487996818,11.770083540834179,-3.8687474298945403,-3.4359196100712666,1.9291463911652968,-1.9546489716262272,-0.4848436836484922,0.7762138392938027,-2.2847459998492354,-0.3487601273825476,-0.8333668837049402,-0.05867302444886491,-2.9012764855293582,9.394070030937542,-0.8591268271877084,-
-1.2112921852357204,1.2026226691940891,-1.6691501381985745,-1.5567117892304907,0.33068601913760176,2.5708797871329807,-0.5839086969405765,2.1961878129084766,-0.840031880235756,-19.573667487994605,13.120084507454322,-1.5689879525985475,-1.9937486807019695,-1.573251175409986,-5.984776035222069,-0.467738983292449,1.8615114229644405,2.048488139847791,0.6112395646799058,1.3450948177011668,-0.6425457410159652,-3.8531319128527954,9.254522584526967,-1.4618270390708403,-
-0.14364694918157284,-0.3386442843734936,2.2602296728078386,-0.2660334904874304,-0.26877402686250207,-1.4443501690322478,0.11029959783296128,0.9625240105673925,-4.116987076564612,-17.903578142606314,11.662437423774833,-2.0849541695014295,-2.977645231359446,1.3873819566270171,-2.02232370340289,-0.468417743941842,-0.25830941261514795,-0.1884259778877322,-0.5990770717637766,0.5974008004721156,-1.9035735233352398,-1.5915939691465297,9.633390494230298,-2.2000836540665887,-
-2.732339855073633,-1.0473773876865557,-7.103750029274352,-0.34395127129886305,2.1460210054833624,-0.12309281167216568,-1.9191123193637303,2.9092604386685252,-0.7239608264762296,-20.411902657832528,12.297864962616416,-2.1874590136491747,-1.928865119761781,0.1594175812735088,-2.148470335808895,-1.8580559594340613,1.4056707727770856,1.4576092501684457,-1.5564978101220888,1.5561801070133185,-3.2725686581981677,-1.4804174170860236,11.438278512670095,-0.6760282628671348,-
-1.9558658008147631,-1.8490969210318386,-0.24431067999194056,0.23202069630335131,0.16819480157181488,1.6254382571555652,-0.07295834040748872,2.150167360331409,-0.43026760850398205,-21.072174681305384,13.963614449479195,-5.0518181831733955,-1.6285910553395695,-0.31705105991267857,-0.17282767151658618,-0.8903185181769473,2.2436335628735833,-0.6608141979368156,-1.5717013939559443,0.4836472322629817,-1.644929868119391,0.16496753454431712,7.848866786628989,2.2069394210889186,-
-1.068215325679546,-0.7521285865770753,-2.71818597605386,1.2184916187130383,0.767657416019631,0.3968195628329454,-0.655990190759498,2.1498963476670383,-1.6770651131879504,-21.471677562385707,12.537731400571516,-1.904277181909606,-0.2738406421784987,3.5479248443190343,0.18020723948808381,0.16646835299524554,0.9678893758508025,-4.014217142648306,-0.5265886624020872,1.3521547417966246,-1.4546083039843438,-1.9005521798111644,6.980495315068609,0.027413954239023042,-
0.025219846146853797,0.13226059355671493,-2.3119282154751772,0.4585832895131574,-1.827143797171459,0.40208305795448496,-1.6526416887956525,0.36917438462174346,2.805960457504625,-19.471314883063847,12.978093783693367,-1.268511215554554,-1.300491808861409,-0.2688625198294332,0.015950642167638307,-0.03878019748883332,0.5561688859345963,-1.028526324103325,1.9472580242934185,-1.3631850776498027,-4.153408507471681,-3.7143989025823103,5.5426665261386745,-2.834539656832817,-
-0.14296320353412284,-0.6649792206362913,3.5260768849649367,-1.5188379488984651,-0.45758981778976704,0.15766611768827943,-0.043094118002844795,2.450574597388652,-3.0125504835305037,-20.31077244761198,12.718004409996922,-1.4034184365934834,-2.8698621442288754,-0.6170523924675777,-0.924239765425682,-1.3241639242733925,3.3070721924382553,0.5653899345575155,0.2569410015469096,-0.7095658723993381,-2.153235924353396,-2.022724474186198,7.033028481185866,0.6086465274591433,-
-0.2943244256070443,-3.2073774872452043,1.043214507366656,-0.37408778360642714,-0.7427945092667301,3.1472997797093285,-2.4891123373476156,-1.3544037033705365,0.7606840538617234,-21.52977621301163,13.816332378128294,-3.806769929496909,1.3206396945587926,0.2490112735524761,-3.393293891733663,-0.30511426858347335,0.018205267306541373,1.5811312880024957,-1.701339839710883,-1.9948153114834923,-2.521816351566372,-3.593585192788183,9.601626155663581,-2.589688207013012,-
-1.731875835988717,-0.020861504910755002,0.0802564675176427,-2.0561238252804657,0.11796717634206288,1.0958880448305308,-0.1307864543431414,-0.3364369004196135,-0.6514654496821777,-19.896609329361752,13.347188853267909,0.8637162859478167,-0.9904493024319834,0.37484764851712526,-0.9824897024572579,-0.7855213758374333,-0.33147726702782165,-2.5457901318575296,-1.1538734028328292,0.6208861343592673,-0.18767270518804935,-2.5365256277230444,10.396558877522239,-3.0699741553392528,-
1.5393442098346384,-0.34597466052603276,-0.6174979082335312,-0.15132780145850688,1.4390574741273099,1.930515885036641,1.652380996764533,0.6880430717638149,-2.2131821007356507,-23.555522816584705,11.912615986128998,0.3072296297243611,-1.0566920969694138,0.9452554676177698,-1.0576076577298181,-1.7840742557578082,2.746715134012419,-0.9192424901896743,0.9159911187979297,0.47075015162145917,-4.519357849949074,-1.4730867323378476,7.694113052437373,0.7919551797587587,-
-0.6552706389970808,0.7357900633402072,0.3209353773027033,0.8443736940961486,1.5685530033711643,1.412998049514556,-0.9978001921856539,0.6376784902716963,2.870123044113825,-20.981360182334967,13.006327887487373,-2.4934027055414845,-1.3298143407211853,0.4575186215224605,-1.0319822821288653,1.0417630444003976,2.4023219587923563,-0.7812668578544049,-1.7290320510863992,-1.1849493167927108,-1.8096193179302418,-0.1741267430921809,7.703210432234016,-2.2138768813184697,-
1.0654516112725219,1.9207222885546231,-2.9691633670853435,-0.1267564560558725,-1.5542970677720973,3.693719418778926,-0.40119367405299666,0.8638336289347137,-5.998028231382932,-20.768101889562857,13.33741807756357,0.6315769954360348,-0.29827510036309945,-0.4673239333208059,0.4962260957610738,-2.3839384490829403,1.3622342200648063,-2.009450131238907,0.22571931661204303,1.2996198495719966,-0.7853337882886535,-1.6122270038310589,7.720449556652937,-4.9492516150837105,-
0.4130586050728766,-1.7495946910176399,-0.330378894650039,-0.8608742004671512,1.181406952041982,1.8845224149698083,0.0325166545410589,-1.1610997985566485,0.8879219175318553,-20.131314136695025,11.549225646143867,-4.737322333563952,0.15403248423552895,-0.26723333684990536,-1.6508916915957457,-0.5614041899944908,1.050425684864365,0.296013233306212,-1.2558192384814504,2.215366436574442,-1.6937643728120975,-1.6391043112913835,9.993119311716953,-0.8873727927914956,-
0.47875723390842495,-0.7635312442455912,0.8599191668071171,0.30546013299580466,-0.9394997707733523,3.843735796085525,-1.8433656577772721,2.302340916145738,2.0733878173833773,-20.97796655860317,11.430037767228782,-4.137471441622154,0.21511569531440955,-0.402572153773157,-2.45004882646748,-0.002127916431057031,0.09015205956387717,0.7598640711172493,0.5375293069209803,-0.6639551769962395,0.21705194064236366,-2.324218392488575,8.332940242577635,-0.6850135768695509,-
-2.551928038998824,-2.8856580500548916,-1.2344297234025703,-0.12132750663937486,0.5510079920147746,1.052523643405891,-0.8145421663991979,0.2858229386685025,-0.44604069470659624,-19.78461798213081,13.514700516230135,-4.939906992916008,0.3645757136967802,0.04063948715010923,1.7890138944742944,-1.0420832713546346,-0.3240076824203584,1.0277033216386826,-0.15029881918373178,0.476179891595109,-3.244755904115209,-1.2849415859031836,5.3914465617876175,2.308339639379483,-
1.4322404909432294,-2.242762135905928,-4.498032333166407,0.35297182840884034,0.12149931673724268,-1.109050030722699,2.4568155059286063,-3.132275214148052,0.9179266346380359,-21.68059068712609,13.696465213827167,-3.6140487447189003,-1.7085462400689835,0.04457682779588623,-0.13319099916435562,-1.1083266579468969,1.6186571622134238,-0.09053088986445346,2.2350407986533547,1.5990759255251419,-1.5588640562025944,-0.6360734497345746,9.678188717803451,-2.1569422933305873,-
0.019930335135086352,-2.153033579325794,-1.1735532861765137,-1.0851268166935597,2.3188289596070035,-0.4743767317532388,-0.3888408016187519,2.564735430272748,-2.598191700654411,-21.65561383767801,15.530671566233679,-0.3267903445138245,-0.663706458735021,-0.26641903534617484,1.1079071751940432,-0.722807590536469,1.8221430429313727,0.5977948522788665,0.6227780434794425,1.9111569026068764,-1.5100213766653496,-0.024805880032978678,9.195335619758339,-1.8056592570166572,-
-3.2333715425382934,-0.8387348808983348,0.10871934267669303,0.17039182471359027,0.6823992290234173,1.2837942738411243,0.91690583979923,0.4071820949361893,0.49677566072682566,-20.610228958544184,12.666416418843397,-0.4941074268455736,0.7783290195375798,2.0173822963249464,-2.678900669563461,0.41203449066294695,2.164088887900988,-0.9733316799520821,-0.07740262817793209,0.3221087362023667,-3.6426850724020596,-1.5709599678418655,9.194521628953936,-4.023515823847106,-
-2.9618766037613113,-0.2734859875553861,0.9604357562178052,0.14419424797499403,-0.49166999865269645,-1.4333959050775888,-0.6539539290121734,1.0079940558383385,-1.0699840684428068,-19.375342216042938,12.160898177893188,-1.98443799435654,-0.4485460163654409,0.4442148768913441,-2.475223315208268,1.5846142292281158,0.933274143132877,1.2004994277614287,-1.6463621344587658,3.0252303047009548,0.11039554592554168,-3.2292408919527986,7.012665689321835,1.088705872411083,-
-0.9597529945895644,-1.349006342577185,-2.279956095008913,-0.12078318558782541,3.0089631375270187,5.681619544273815,0.016498718391185108,1.9584942955601434,-2.1593084396425866,-17.871134377112767,14.382256671335625,1.1365961842262777,-3.068861181475256,0.5718172012260965,0.3133608459201582,-0.10475334298670447,2.2949497128311975,2.9065462165941085,0.7597467424557109,1.025003818702018,-1.2143577450017347,-3.7741277960176873,10.856740673911176,-5.3062270772938405,-
0.7803815975962038,-0.7958389640793025,-2.118544260706358,1.0299410510860838,1.3973776153974882,-0.46517972794413254,1.3688064130291302,1.1174047241208314,1.327020044387723,-21.384256552510706,11.801169698723584,-0.4198656712866864,-1.4946119967502511,-0.21157760454402563,-1.6784910988091042,0.9404966891879454,1.5695208096743443,-1.451858158715254,2.001420368211889,-0.10413670549333176,-4.178810704295415,-1.6415483067024184,10.349319620538267,-1.0575382284444572,-
0.2557225245130894,1.1853828987794868,-3.9905976435454136,0.7422928923869421,0.885346564245026,-3.689583406182294,1.038806305924167,0.8547348613477368,2.402112978007949,-21.533848559418452,13.601580125627237,-3.3473039291168334,-1.1465567121551885,1.8012735547373069,-3.36526240532595,1.011492151182651,2.4494287681063724,-1.396884428688395,0.529113099145718,1.5555015465923816,-3.5809276023617826,-0.2166158320223346,12.714974192209581,-1.9979439161476762,-
-2.0350336532941924,-0.5164588099070841,-1.194777962938815,3.420993619340507,-0.8978548324382132,1.6730431753310882,-2.3293656251797366,0.3595447633490494,-0.2513965075734177,-1.1027977824490804,-7.002366443479048,-1.3269768292865933,3.374788388627479,0.5650184781865022,-2.1083324676094435,-1.4884702827143599,-1.007632772730318,-2.7899978226185453,-3.255249808367541,1.8015994000328703,-0.17163946726475388,-3.6577895873746797,-82.14901078898261,4.276499955812312,.
2.0871917741176276,0.7253511786272125,-2.065756160407659,1.9800434138094403,0.846212191343966,0.9755148782174388,-0.7206325013421742,-0.6698207416795867,-3.1210224034921907,-3.8021188837111097,-5.736259528112981,-1.0687743947295303,0.40764021625756186,1.3864202071661111,-2.933101224458653,-2.0911843863095285,-2.4126075660392985,-0.19873548854582168,-1.0386433031591018,2.4225029053840785,-3.5736592614354095,-3.2490566716948877,-81.97308315099991,3.218709632839648,.
-0.038600785337791876,1.7297403311648623,-1.0627176590996896,-2.042807617049519,-0.20337558660077093,-2.2129715161900663,-2.037782010851946,0.147506379692544,3.8788087141637675,-0.983747646901314,-9.115400901553159,-2.8836593779821555,0.5467762898576609,2.863072036674211,-4.308888660827392,-0.4551666533872094,-2.566543297953018,-1.3176197658895035,-2.3464266440274777,1.0680210883371046,1.669756647032841,-5.435798347852852,-80.66326405221878,4.050704952188823,.
-0.04878825716770052,-0.12578010399147527,-1.5118971367050449,-1.6256581259335832,-0.3859575338929062,1.2869461277755363,-2.5696371556925084,-0.6472903318105807,0.3791134480615028,-2.574969717793799,-8.03105739956024,0.770422548320596,-0.08322057000785321,1.7356968300936728,-0.6885217539233963,-0.7292392262593168,-1.7841010272684343,-1.7917708248633062,-1.4632584286857764,2.2298791490099177,-3.8369014599825277,-5.152903819778892,-83.41511945699492,4.030555921460291,.
-0.6870660273353337,0.7231791698366302,-4.1905351081947515,0.0558350756890178,-1.317444521529012,-0.3461828988877187,-1.1280081083580362,-1.6750265433888387,-0.0413717731454426,-0.3833401474757565,-8.929426780459409,-1.1614129749137305,-1.8435850161731935,2.3063757861384175,-0.45682083944552687,-3.2953924358247875,-1.0527003864269204,0.2561468268352769,-1.9522178783502788,1.64996824929095,1.0589448352664022,-5.052721960559651,-81.6452552317422,4.018946841417517,.
-1.8866592873969807,-0.4696262511381769,-2.543626552667604,0.00995340214369378,0.6523658055090209,1.9262130817401157,-1.2045693039872507,-0.34525387034722144,1.0396369860899313,-2.3788155747494883,-7.093860863043005,-0.16953653326874019,2.736372833665996,-0.3728550652550666,0.835529964119587,-2.0030842671114613,0.5563065867706314,-0.7841236721395148,-0.7975575282929377,1.4118693866990384,0.5519527748078872,-2.369825468175492,-80.64453111694765,7.392275803786731,.
1.8807194376807956,0.1253511223938667,-0.6023746580922307,1.3576457208830988,1.2804705617218701,3.3105433962728057,-0.4984153350262561,-1.5870639604251835,2.5181323396851667,-0.1700825209810901,-7.4290186872529205,-3.393291885582471,1.0661462938125226,2.3320313651659674,0.38721539058133203,0.638543601264729,-1.3427892091499132,-0.6157064656385387,-1.5563808799156504,2.0544934330592355,2.126160339632179,-5.415572978300176,-79.53235913846103,6.176361038691994,.
-0.3295121396444074,1.1086995677521938,-2.955798785593288,-0.7423556703594443,1.0799742437159807,1.2897853396322034,-2.9311303505778943,-0.6661570304769953,-1.0656632958317118,-0.17089659118643397,-8.772232447836046,-0.26655387498618666,1.8975931805224207,0.4399951688327093,1.7474609562805767,0.21732167743660114,-0.20631777581243682,-1.618313163929372,-2.828869799342069,-0.3989916467449177,2.23040714370984,-6.618967251048339,-80.23416909693408,1.85497092296265,.
-0.0014112361031379805,1.6759846487547025,-2.227607282128872,-0.05805595625805893,-0.04386813202643225,1.8591938841121305,-0.7800896546668028,0.19895784265827388,0.9610113873378054,-2.52162029967149,-5.418068483102729,2.526407031581982,0.0662369903976412,-0.9562945910146752,-1.962256558655099,-0.8337639405264099,-0.5763631503418196,-0.8831167853854254,-2.0780555901850803,0.2995594794503802,-2.8222471122908814,-5.730097560692663,-80.12978000475626,7.050846520610094,.
-1.1471106189024454,0.30399369474180193,-4.271354768916638,-1.48054511906561,2.065085311129735,0.48012499337227155,0.3244806268387901,-2.224530902017051,0.6338161378062637,-0.8964619431300562,-4.981237259947164,0.4771801895906833,-1.6090124528292051,-0.28081892415725207,-4.335611343590415,-0.8960716210965742,-1.711201796587602,-0.5062091191488776,-1.3705440948278884,3.8221845076204772,-1.2125643404441462,-4.991772412330278,-80.68444060072996,4.796637000451369,.
0.039447478833380956,2.128563982741877,-1.8653687114452282,1.363346649584102,-0.028674189365176517,1.1623234686533124,1.4685529847781753,-1.5384663190887693,-1.731875669453018,-1.6037035193118854,-7.216029632706835,-2.386306674318064,-0.06150547659368044,3.2294530233668866,1.5994146612526379,-0.2894200836458438,-1.8169529653694099,-0.262012872065327,-1.6706798790633677,0.5512357920652704,1.4759330181973382,-5.253763041500548,-78.4220876478699,9.549690912445897,.
1.148772573617407,-1.7866398669125378,-3.4588453788925335,-0.08615474359167763,-2.7066814826521295,-2.384010445020351,-1.8446145305784607,-0.8943479125426848,1.3090081914155576,-1.8244266740616908,-9.486937432613132,1.1565290687532865,-0.8480191236127155,2.239181026130865,0.46343833074149643,-1.4833119731230582,-2.9545069649120705,0.6496885063903051,-2.1744350610102785,1.432365772368314,-0.11075932926456744,-5.568695654959669,-81.22932755851994,3.7583322753912967,.
-1.9237159677915656,-0.7506217126582064,-3.1765492197437766,0.323257571397221,3.33431384332539,2.772449256310665,1.7609513513394806,0.12076458546883373,-1.382119506283118,-1.9184991799608326,-6.3463031668688075,-2.6020290267731525,2.231799588164364,1.8168729388898086,-6.464768113908235,-0.5375649497606716,-0.05903089207419043,-0.7166716772565564,-1.0207246223552957,1.8993338703139813,-1.8076001937653814,-3.823130204282684,-81.02543611455643,5.195004655243167,.
-1.4632701045941872,-0.1774995897878909,-3.219035101566476,-0.2031693601307154,1.0957248767140868,-1.8603719708881954,0.6103628850382483,0.6197733993872703,0.2772757375039987,-2.61555815883991,-9.092592947429495,-1.667313583166333,-0.2527700615104038,1.1427556322193553,-1.038275569587313,-2.003492118662905,-0.09541528126970888,2.544957204689922,-1.6713586845915493,2.033453150960824,-0.7695220168440642,-3.295211025324292,-81.54086599775385,7.553905099998929,.
-1.446844315058911,-1.111707734675976,-4.033955048849805,-0.2152514695388561,-0.33518354735269895,2.056735548201118,-0.9606326552785873,-2.604483449254417,-2.470350105388775,-2.9341548149142724,-7.020694348089648,-1.4564095282224798,1.6879972802069005,2.982664732644011,-3.1030475687565513,2.206552861278368,-0.6050026822325663,0.1453211509745529,-3.9699556398003217,-1.1263220504828126,-3.69366915410194,-5.4279261210859815,-80.41987054916345,5.3358249125076895,.
0.08750345387142033,0.3504190166153003,-2.751240232717521,1.3010387825943326,1.237298490083731,2.3037750393281726,-0.09606234366321331,-1.0364741564447115,0.9769999469744448,-1.8458741241730436,-6.49358736478402,-1.5911018834173092,-1.719375587152939,0.8317593030283064,3.5351979715343873,-3.564713829144175,-0.8888521032547487,-0.987582156081487,-2.67126786976808,3.409923338739219,0.9989410074506395,-3.132721558031406,-79.56914630828217,6.413328403387197,.
0.8171424985855822,0.3520479734747677,-1.3927559593506658,1.565338822584792,2.365758133969848,4.171888229992078,-0.10800802284019806,-0.2849796098392403,-1.3952573098570724,-0.0031140950750057073,-9.85481126051721,0.6850104754009294,1.7114854172924368,-1.42149781668126,1.353910383820562,0.2778652210493959,-0.45812682608328714,-2.1818148033170814,-3.0071052753914316,0.8513708288962505,0.30951544493302663,-4.101952624152645,-82.90552651004911,7.778604563994293,.
0.9993143089601517,-1.170486024836617,2.8927241083900412,-1.6958380401750475,0.7361255103749613,-1.0222504341500098,-1.0909493168263396,-2.161678071863804,0.2783689572437993,-0.9965083754180455,-8.559653102132899,-2.1594162415373717,-0.5651231628696394,2.8846559839033787,0.3099107472696687,-4.096161993173531,-1.889983980894982,0.5128129429887736,-3.2878293114916595,1.8535864188769864,-1.3161552789605366,-2.6626322713307644,-79.82882940129274,2.50124849649211,.
-0.32910035947259075,-0.12211494776728013,-2.6540097926899193,-0.03660757750093069,1.9696565957734151,4.083406282037117,-0.43515733795791167,-0.5188700984077173,-0.935568158317551,-1.9330234896283613,-6.211100947177584,-1.2203260133486538,0.2998557206233272,0.7110821076130662,-4.44248315650583,-2.1780629013545507,-0.7201133298569857,0.31943873727436767,-2.825069135329283,-0.8207558168435725,-1.477126472576174,-5.3331743401574485,-84.40783443571574,3.5145789336474422,.
-0.730093865442484,-0.1514361920049297,-3.9868681104836696,-1.5151609662777759,1.219923631486438,3.176075711212036,-0.8483702060572123,0.18130973436146292,-1.1714398729138793,-1.6487703976867678,-5.937572073958421,-2.279215908136223,-0.698290702440346,-0.2686018918412145,-3.423455377500602,-2.893718429289329,0.08689538408529529,-2.463452362750388,-2.4914035689064598,1.2753084236250203,3.621297467124407,-3.7693736112430187,-82.68249496169577,6.660584914540436,.
2.147732987485483,1.6391973343720903,-2.259361940685551,0.1546592548075978,1.0763062241493913,1.0582926075107366,-2.0741620646860843,-2.1589619383663887,-1.9977474889967084,-1.3079108852886137,-6.07644165039099,-0.5319985036714456,2.50790863285647,1.874565992260493,-0.8933003923920069,-2.2521804462278183,-0.8132376918877071,1.8842244072139351,-0.722354039222374,3.271868008574927,-0.6166547730039156,-5.947020631401756,-82.32778941319357,0.7043176534667737,.
0.8136121533420351,0.37960457435830375,-3.6778465896533135,0.40850414859538375,0.25531706244657926,-1.1700768921445501,-0.30443349402198283,-2.5428581852289938,1.4802663220716568,-0.2694486805496368,-7.825669597091036,-2.607503383169785,0.18854108687847315,-1.6397780634676593,1.3236874038908581,-0.7884237986431444,-0.9006610389120624,-2.8532777469681037,-2.1057476781439206,1.421099973652872,-1.9709782991015459,-5.382585772069831,-84.94444103518043,4.824229447999812,.
-0.002226690646637053,1.863722298433887,0.04719406362727341,-1.5592794936513457,-1.3606143285143162,-0.3459621780874045,-2.3661529546118487,-2.668282075770037,3.904648403254498,-1.3757830664862567,-8.130285470540002,1.3153099564087825,1.5158725608029329,1.2688651084382911,-5.473328529322885,-2.0239895434488204,-0.1615213197732146,2.1649854631386916,-3.5025802521511267,5.563951251690398,2.7873333359115122,-4.9374740597823745,-82.83263072993779,5.681851330511847,.
0.17492623473259528,0.2495592759826074,-4.319754929762155,0.5731662430568036,1.2902391418176649,1.0085835049319485,-1.4248859813019163,0.051129755218369155,0.6414846114081456,-0.4938382392295537,-7.758207328417029,-1.266098182643134,4.609942235886024,0.08732583010581862,-1.2042782142599435,-1.4619989073741095,-0.9997543561424322,-2.674354484453943,-1.2994128019928084,2.0805562456918096,-0.32275188131836785,-5.255527720455632,-79.67448587025808,5.165002561820131,.
1.5782712374722223,-3.0682236313469455,-2.9592993865548465,-3.26954966673712,-2.1706199790993423,1.5055048198446457,-0.6824877930421058,0.14913662595418486,2.493603332243822,-1.3244719256922366,-9.657028880400219,-0.8221816478050528,-1.010101667999919,1.752800455084838,-6.491052807285314,-1.7337644410975486,-2.964555416055248,1.2615930683953707,-1.0676931730589416,2.8425025449728736,-2.9216812252539057,-3.643943903720171,-81.11557170877447,6.528522152724463,.
-0.7300918217313779,-0.22175292997608564,1.130837332195199,-1.2773320668769514,0.7248580891186407,1.3666539820335402,-0.40230672254065514,-1.626431152896373,1.1565802626118398,-3.52057962609193,-6.722593659966606,-0.710483279680659,0.2418921931337934,2.3257883800662853,-1.1858819143712935,-2.05521182561683,-0.7307062021659192,-2.501122653598145,-1.8459284428384777,0.9173436464337072,3.703865412233654,-4.278694801572172,-82.22177085484672,5.713826792721932,.
2.5916245559067193,-0.09021452791281037,-1.6774680612136876,1.5350655956698915,-0.4608904504564748,-0.615774493601009,-2.9263792714900108,-2.6389642389222843,-1.8928418642618112,-2.813611986600357,-6.174989579835454,-2.5994012009281846,0.6434296990992152,0.6806747069208541,-2.181044698723383,-0.053764156635054405,0.132912557058404,1.0533215895438843,-2.133439999127255,1.153542009586829,-0.3643640214042989,-5.295573076343061,-80.05335462710254,5.566001411818377,.
0.19569895638130674,-1.945870649078325,-1.815217421587306,1.8045230787457598,2.3645359394880643,-1.3185546863948048,0.4516752401110393,-1.245661065977913,-1.8796982885848479,-0.34913208622297986,-7.530690705312708,-2.473246780325894,0.36868097890425133,-0.3311801984277025,-2.9136089706761368,0.6051497897324509,-3.028489838889101,1.5837468416384013,-2.081449178531674,2.3646741247394516,-0.5494187486738156,-5.048107360977895,-78.88987060733326,4.067575179847211,.
-1.3491004892758838,1.7076136832943964,-1.1231650550803352,-0.52719594605054,1.1143159919838013,4.602440910236282,-1.558867908465917,-1.1893255062882986,0.8418682767432415,-4.391802868666083,-7.902367644849761,0.9202228722211316,-0.046569082959450725,0.3453804235674909,1.6186900054798343,-2.0886061204591684,1.950428645759871,1.5057813063407366,-1.795295315289362,1.4459410544004498,0.6522512947191217,-5.008467678294423,-84.25525535929616,7.7937187466865225,.
-0.050418310105385444,0.37485341414337414,-3.2899952094302876,1.6364684928789615,1.6988426961074765,-2.457383982386034,-3.1533476438975554,-1.1200961455611207,0.9807185345822518,-0.2940202503462288,-6.424221655384287,-0.40540730886266374,3.0004003420175707,-0.9424473227936119,-3.629751140058886,-1.6422705393658106,-0.8397088048596402,-1.6678112671444865,-1.557738348568158,3.9736792475499385,-1.2077481142616762,-4.343039854990366,-81.4261599849989,6.187528870458095,.
-1.0791120867840505,0.7154497870050467,2.5675015443832194,-2.302125180412858,3.358106855711412,-2.8741563858786208,-2.099068799586859,0.340283733384922,-0.1298357137959556,-28.279557624368174,24.947050509215302,6.71430212236686,-3.689538178180925,2.544690135835083,0.6243372106773108,-0.8454273793838212,4.487458815354785,-3.4534498462238616,-0.7182003684065137,3.623208194784624,-3.761838798142719,2.7222082770162856,9.856808768156057,-0.993377645776718,0
-0.226351723511641,-0.21346426572842758,2.981418112362576,-3.489363433492798,-0.08944218230823253,1.0666106520438348,-2.090924098789964,0.03824926039723664,-1.3111429100894725,-22.80096009902612,29.316197210113245,11.249222820852083,-4.085238182378816,2.509123817961779,-0.24248504500530998,-0.5136615356515009,3.2427981349204913,1.4693291092960976,0.26229806718787074,3.110898266822687,-2.2226716269923372,0.2806709360667057,5.807079622018534,3.9353305851869322,0
-0.32259784046055984,-0.4108398197905512,2.1010202294264104,-0.8832992800200259,3.167791588416094,-1.9061582782446749,-1.6383448295318157,1.3126391435853577,0.7148631481331336,-24.600824099027236,24.98900104919693,9.696926600944323,-3.023022562018582,0.2591240147379992,0.6812827905168319,1.1010437183983726,-0.9937140345506918,-2.5091025578418567,-0.8524530702478472,4.445966043463855,-2.864351844752548,3.568995970506016,7.305315153648564,-1.1192976471907627,0
0.4540095659485246,-0.46337381759488283,-1.4205706118756325,-0.11022133508753029,1.6456653224199158,-0.6503801821879733,-1.4811501808689727,2.6090193721717014,0.66822607477161,-26.55666143508848,24.35710066575254,6.261182839234436,-2.5775008854242856,1.4407981124119331,-0.19627195884686444,-1.339409088583622,1.380898074603408,-0.7443670416777763,-0.4149421750581901,3.803207478104852,-2.7305386719849594,1.577049821741518,8.408391601700743,-1.7964592031066786,0
-2.2578001430049426,0.4079836870847293,2.523262766014284,0.5941651352410986,3.6080201636953575,0.03335303728670169,-0.028661502202162126,3.589248331337245,1.3263250533578912,-26.702182310768983,24.040132892315,9.045173152043787,-0.8676348009759067,-1.6189301561725955,2.6617352460633583,-2.7714002997972997,1.742798825363451,2.1972942027103386,-0.20820027761326543,2.6883215351365237,-2.4401387287670104,0.22637090574244922,8.635090374424607,-0.4918527334905889,0
1.0572663715065573,0.37662626303591185,-3.2926257622485764,2.463126200196875,1.0935802675821833,-3.4799164199478128,-2.1689783185439975,4.722595827956866,3.0509902990010005,-25.73037265428919,24.661308680745634,8.4177200082637,0.2980181895810574,-0.826578154688967,2.258986675556457,-1.8784575725918629,2.723568953708508,-0.6331108055971413,-0.072181603962445,2.856239772330767,-3.031451962293545,-0.32666006628522126,8.010518959977688,2.125918080326244,0
-0.18114778876019955,1.1248615294926931,-0.8123946350921756,-0.9992277435027717,2.879332949814909,-2.689095306534,-0.6169874122094186,1.819654444353347,4.247407314387374,-23.776571292929027,25.031352971279603,7.49965106118367,-4.295506408415491,0.06093326523733111,-0.8736525508823547,-2.8647928954595585,0.7576869294181563,-2.1856384067442036,-4.702770396961878,2.832211902187055,-2.3350182658056724,1.5189504979337158,7.97440936016946,-2.8844701861207227,0
1.7962727799217646,-0.1159982478089987,1.3651650026075686,-3.1950662643641152,0.9389658440633752,-1.2798042920136936,-4.692779326046772,2.5620530403790838,0.1577186378725628,-24.654172398631978,26.13442970931783,8.641759988776641,-1.5454173965111409,1.903150764983259,-0.3243919600399181,2.206156441494308,2.1724358263665238,-1.4635848581988853,-2.988290335193465,4.29026692717558,0.9482905798179786,1.311393724191312,8.55581203781766,1.5194903603124317,0
-3.569252616779181,0.7326895807490681,2.9619347514852166,-2.558277803792251,4.228383369825167,-3.9238421791036444,-3.031648120498773,1.2178882360671537,2.3920045983505247,-24.6836302814743,24.557055345077657,8.12622452541757,0.062225516892965516,1.1531510308037909,3.3581678930780186,-1.9517618481735965,1.745239706876788,-1.9434238966162525,0.12437939639547935,3.164655098065168,-1.0866914023829395,2.226462417050257,7.370880872217398,2.1237256754195073,0
-2.2882144861009692,0.550246162742517,0.25897744626746544,-3.053889144759495,0.2510062023866908,0.10781023866189798,-4.114362942348793,2.4740876956436466,2.9898845794821227,-23.15376619723915,24.710858401475264,7.29006843118151,-0.8189016947338814,1.0782189117018248,1.1711928782748942,0.05022972414174376,0.214427931013347,-0.6716625987602924,-1.9482001850939241,3.891713439665409,-2.6199422231815674,0.15591837010455123,6.760156567189654,-0.2583916313890313,0
0.10473392344994181,-4.602559500113897,0.9600075319044095,-1.2257890559409077,0.6264844860228322,0.6960566903374001,-0.39911405920064613,1.6309676419768948,-0.7706464705656231,-25.940915483293544,26.447464692128563,6.837599793861841,-1.2128415803523183,0.038671793251644715,-0.6645053694361991,-0.1312640660834532,0.6505807939764452,0.6835354699879304,-0.8413222324146652,2.7927093759944057,-1.136401664905975,-0.10973772054121866,8.931694713886131,1.5063410125324594,0
1.0724669009933905,-2.123554854820229,-0.08967947650018004,-2.2440232778006646,0.4004629342605881,3.667293748674922,-1.7928244920731675,4.426258282553334,-1.6825730715095233,-26.533177230075538,23.320404714178522,10.227571662454523,0.06562081149670007,-0.6783426265111601,0.290347312133747,0.5439398890360962,0.1380016415973273,0.05127170642214196,-0.20141221887921645,4.066690033649621,-1.5886543592905582,-0.3616828502119347,6.919252207070073,2.3473259542479923,0
-1.2918333323210618,-1.772378369009881,-0.6071877562919781,-0.9832103129944727,0.22874855890711387,2.660964043941476,0.3688045939854483,3.465306462766648,2.01575219008555,-25.69575685540805,23.019048849942806,6.115543980663631,-1.1251488363000988,0.4927436321829006,4.936760681981468,-0.36393332333808104,0.7745142253342578,-0.6817353327817841,-2.5202362982288022,2.4811705001901885,-2.8812128480931847,1.7119826064304746,9.027396092065487,1.01621876546659,0
-0.38449537375646514,1.1779385064349552,3.5804014765541297,1.0225815470422575,0.6701970087798372,0.5959745828625955,-1.990335839513742,2.176392021351546,-2.096932876241226,-26.05290543928195,24.99008682596181,8.422542531285842,-1.4285403334675948,1.3788978346053185,2.160212819371793,-1.0738881642268936,1.6170956920780952,1.1946953478513365,-0.5125436556716529,3.908140437475865,1.4951488158632742,0.6832946019928485,7.357984951520024,-0.559301110452509,0
2.6863652965145093,0.5517393305118321,1.8796040149537703,0.0481927754672995,4.704444829189583,-0.47539805085136777,-2.106127682623823,2.6058973272674564,2.1885470810286733,-24.597024187597263,23.49782439909353,7.82049636219466,-0.8953288402991575,1.4283095495992981,1.1926553524247652,-2.170042581722278,0.8513521430246271,-2.896094612776835,2.279628174725751,3.8963290369372316,-4.47096822139639,-0.7564345241218078,7.766309912081923,0.29854483460366055,0
2.308850772356749,-0.0724235931036139,-1.219739373806533,-1.4473271439497495,2.221370375136587,-5.247063680933081,-1.4356751095509628,1.1068481086279292,-0.5360874537121845,-23.66824516551855,24.50303177501266,6.624296007804162,-3.2653301852820107,0.40898747964582327,1.6514669509824103,-1.1355173171721589,2.491848209709275,-0.6383714560938074,-0.33064323770511095,1.6432070334595892,-0.9605447699769911,2.382977029308556,7.988934581221656,0.881746440629172,0
0.22554716029065958,-3.1594372451747876,4.790623401486982,-1.6580074815708201,-0.5975471815570472,-1.6827697996936308,-1.3870777740591773,2.2091106211111367,0.24138510532344526,-24.42421819778378,27.133528998879655,11.18681227463992,-2.9098092377954288,-0.14160012527388943,0.4664375491600481,-0.6916264046717089,2.019315852791152,-2.735785719650778,-3.1530868571699884,4.406600190451954,-0.9344864590324278,2.3246073970881795,6.5550433262615115,-2.699633141702634,0
-1.786491043850674,1.1414225933605813,3.207208227650028,0.550454663099643,2.225980324585123,-2.324892784704957,-1.4115123299845722,2.5468501219595794,4.127400680611515,-26.937838051360174,25.467236326743944,8.971141650170182,-1.4867752878873262,-1.2879803883823726,-0.5295954694785792,1.2399125111782254,2.0661452283214032,2.4436807833717467,-2.0353492484804505,2.2034334669848334,-2.566074251338364,1.4524343812002485,8.260020280656931,1.5087550496240851,0
2.069388547318738,1.798707733633304,0.9286881561974383,-1.4385048884052054,1.9964323216775597,1.3712398786593667,-2.0014671063385423,4.765218472717862,-1.0457088589900536,-26.05114148529197,25.091895814092823,10.093540834453279,-1.8269575068273411,-1.5449492465057304,1.5430602005493483,-2.054386580834084,1.8192213587698234,-4.774267612370352,0.1849221995082182,3.8307626624475972,0.24682537703762364,2.52714028702826,10.60748808806423,3.133329626299826,0
-1.7444117362600196,0.8526895602191804,-1.0224243683271084,-0.999499767666066,2.792460451980162,0.29549817723113847,-1.3959013692518152,4.805129609949233,0.7814503494198561,-25.30114110554834,25.682803053359464,9.574501897890002,-0.10962817603777353,0.6878111595741601,-0.3257054586965751,-2.2561054799697686,2.754793655879041,0.9327687745252433,-1.9305530175256287,2.7525287726908942,-0.42376172593009187,2.848452928154792,10.484364891501201,-0.33701902529281824,0
1.3025592905446501,-0.46228781584269396,-1.2963986186717875,-0.5048375855183878,2.4365282214407102,-0.41846462280773267,-2.064860749553773,3.696211669369262,0.9728533405291842,-26.76476153564459,27.05017702818978,6.606773035386482,-1.4237906107495064,1.4800282899330952,2.6820988940766597,-2.6618523093176876,3.225965729726596,-1.5833805202287863,-0.6610506884544378,3.8416252010571554,-1.262991368357973,-0.37484964548509936,9.218662948539531,-1.1304662522530293,0
2.047809968283474,-0.8973557120707277,0.6809937937468931,-2.348141914954681,1.9918285585977742,-4.158402935873312,-1.1742271826671766,3.5459421480616413,-1.4460478112401347,-26.687249995926443,25.117826034062404,8.683370968918439,-1.1677713429725145,0.7250065119817535,-1.4413173126629886,-0.1282774015056063,1.8283187316620513,0.03264938313128596,-1.532815284901588,3.2325294714191557,0.5503693378160506,0.011756003056234476,8.081649717719472,1.1857240271941691,0
0.7732823969634524,-1.0963602060548907,2.2230013090803027,-1.5384135669692114,0.5363445083821148,-3.5697112037341867,-2.337032645494694,4.167255983654485,0.5481964906723533,-26.484309021410418,23.66601404940903,7.377012541758461,-2.7752825612894867,0.22749464395798924,0.3814643770110706,-0.8657885055542565,3.181165925039096,-0.7261929539462812,-0.6115031132762496,2.563025714857176,-6.179201256384715,0.519719986238151,8.84563067640778,2.5146443069947395,0
-1.2637338510922405,1.0628253171713726,1.4814549267803727,-0.3817168020534325,2.973404779079999,-1.4451550480763444,-2.3432770540935466,4.93571870415434,-0.6937672229606733,-23.661594021620296,23.87941162523623,9.793720819119926,-3.146684884050046,1.733603148033275,1.3560330987305633,0.04262714814055357,3.1646083713723385,-1.1705528083898002,-4.558607744242806,4.1811268434828435,1.4476243023770508,1.9855117144002818,10.137532388264404,-2.0498471237797844,0
0.4231893528723276,0.5575764741120881,0.7460417215343114,-0.27583339618676916,3.073990412785122,3.5045741325832864,-2.8978018717922316,3.15363253632259,0.9174466751587147,-25.56150388774619,23.785064433516226,7.704862165494717,-1.8053757379456385,2.8817486148334623,-1.3348816387464808,-1.479227129940604,0.7181846034539774,0.6903268877269397,-1.296752162260141,4.091940781813577,0.03658395399605752,3.80478763169517,7.492102022749435,-1.5389142359387051,0
-0.022467070566960956,-3.14776302955379,-0.24956134447421618,-1.5648842069877276,-1.3396691723305594,-1.045904565318665,-2.913141366271958,2.92232173591691,0.5263029315660219,-26.807928428960658,26.459406123786863,6.223729347471135,1.5843548760735473,-0.7752658988295948,-1.3874390394110492,0.3096408412121505,0.09076229485580711,0.10296025368603523,-0.5834037442444355,2.557188351178226,-4.793781284797831,2.480036070327486,9.190970725081257,-0.3133628758212694,0
-0.4083935649064756,1.6973049778841325,2.9019210365265735,0.15570434591015214,2.7482017612367144,3.3024249770226675,-0.7154035978311812,2.503137281598839,2.9780603298002006,-24.748246351009087,25.59456601932561,9.798983513327755,-0.6068657414365362,-0.21069463213743944,0.3836532744676333,-1.0851560014751271,2.2485886727589843,0.996936332323628,-2.185892245607654,2.9006282594432236,-1.1184512254528727,1.6055566608550507,9.481605370569184,1.8876306163396634,0
1.461519541468192,0.8123728832874968,1.959765821638598,0.1942575234114372,-0.13057648064147998,-0.8277711584853478,-2.1672135900981857,2.916484261767067,-0.8409424551704205,-24.382951203221154,26.637234178085492,5.95019355601363,1.1491492179764577,-0.465627525916382,1.2887877396118483,-0.8801780114152891,1.5945628656587871,-2.4337745974435165,0.28075932567479356,0.4619406975795215,-2.1733972549088207,2.8282260361754297,6.632145704312734,-1.0135163474789124,0
1.45771503514041,0.8431873019831282,4.2715751301351474,-1.1914440971134042,1.785763763013108,3.3622228042815436,-1.3069873544010084,3.8029113824763954,0.11370027650906422,-25.168924236867277,24.30565088746758,8.426268161411713,-0.22256825056143725,-1.8985691594602159,3.8213573694018805,1.0406363318602416,1.0280924182738431,-1.4738746674819936,-0.3634943162046085,5.262754854090261,-2.9635665625657452,4.763973377832016,7.679974951696764,-0.9920545085366257,0
0.5962721447142485,-0.21074937621500645,-2.7825599878919434,-1.5103129775795026,-1.0413061849330347,2.089152647545461,-1.8974850892065893,2.824856835274403,3.8674429467668006,-24.65973914147291,24.968639652027633,7.804729103330487,-0.5508043704488443,1.0731959807107714,-0.9765869333943442,-0.5283225202258919,2.8798101436565275,-0.3512593745574577,-1.0902814949691297,5.470310488601811,-0.3539030402683352,0.8518918000649123,7.524681940139317,-1.5021166649721636,0
-31.848229384755115,12.89075063901959,12.578903181672047,8.444731631663004,2.8913904250474047,-0.3321671656876788,-1.597943897894603,-0.2613683305975769,-1.3655268013375803,-0.39763381060424763,-2.2509730517360254,-1.9784423496706154,-1.7519352151863927,4.221316833081929,-4.217916364160146,2.124418865255606,4.587721216262423,0.46991800852009646,1.7903838416052587,2.5562206455422256,-0.2819465315456,0.03549359980111433,2.5060369029327063,-1.241674952717915,1
-31.232620541119985,16.59554722555255,9.73951158894721,6.947038436061064,6.229128379303631,-2.0193744731147945,2.710517656015621,1.5851938158956216,-2.3519247991634984,-0.14840425171995264,0.9933708534755681,-0.05426154641480707,-1.8948732128577035,6.512041356980106,-5.789260358300794,1.4433775326482419,4.874418037794527,-2.513799082207413,3.7364473070516375,2.092920256463813,-2.15486780116521,0.7921440739697161,-0.8904795017154754,0.9212095963841307,1
-33.03668716720702,13.677537936195076,14.23436406062251,5.374007758852528,3.6599964538846734,-4.2341749185334265,0.5537755104427555,-0.18643919766137174,-3.057112732209305,-2.4856887057894994,0.2819220114311918,3.130495876123007,-1.7173163369297413,5.999190933020515,-5.267817354641977,-0.7205596761229387,3.6419765818326084,0.6402971776907407,1.2685741885776878,1.1246387081924638,-1.1005827465483549,0.5388412780071974,0.84219078084692,-2.9812326383974437,1
-32.04547330222894,14.277131042633211,11.640461942233117,6.157401190641181,6.032298147624147,-2.259183286701898,0.129024492367372,0.6340129099019123,-2.3655023872750576,0.9377045299133755,-1.4036424146284219,1.3964242291348228,-2.715328827871133,6.8733985082014755,-3.134484702545649,0.41767674686893486,3.1173134075184237,3.081758745979471,2.7229627354134855,1.480975365686362,0.11663739759404734,-1.3970410763148777,2.4214661485492286,0.5758461140771374,1
-32.523982105652664,13.94360092212882,13.680716505784744,5.120974308134684,2.645425069817236,-3.0125670923350185,1.7909701865938663,-0.43037331117685085,0.6596051285001749,-2.060530863628067,-1.4333724182960452,-0.6979203803285259,-2.4006664296148017,5.972719844214097,-3.712003245081405,-0.04440569913014514,2.3397580367560806,0.00804183752887866,1.0861304507018659,3.3785751512624245,0.2119126965282021,0.8279810661903468,3.370064107489412,0.325301216505693,1
-32.56565507376192,12.733827264688216,15.413694712091285,5.373329036177495,5.923572826816724,0.1417607421265643,1.0538662264465897,0.7464113595537185,-0.03179714454847726,-1.4097615686476317,0.5215106013368711,0.5133908426282119,-1.2466863298375017,6.785570540898647,-4.2866652318337515,1.5173586856962444,2.2701196714377545,-1.9978347156916243,0.6803839613971014,3.6833274838548675,-0.4970046502708101,-2.2621548481936387,0.39124082801798465,0.012339973001473936,1
-34.47180872935351,16.139574623519582,13.885483517194189,6.77572612289493,6.813251643806211,2.153318204654852,0.09630951419676137,0.381662117383911,-1.3742856500543326,-0.4573630320000177,-1.5995291007895105,2.5961226988923727,-4.5265950339479275,4.494575397888568,-6.36721622739725,1.1994405054635706,2.443738840785187,-1.542949914715905,2.2178500882662746,2.915135907203549,0.45478616540191297,0.9338636642387712,2.3658110618074915,-0.41011298297814847,1
-31.429591346982903,15.0683978982442,13.47813565767774,6.325183182729262,4.427231704918711,2.2606226767366593,-0.7191204358873264,0.28242906140607715,-2.07466622220511,2.084628102574513,-0.9901595552887841,3.9495806857153752,-3.8892635434528415,5.17086584610756,-5.339430069176444,-0.48856753798960284,3.992336993049406,1.2040125229784735,2.2654970535347836,0.42405187311662473,-2.4897286796737035,2.3820088203396423,1.5028702830320384,-0.08621418423842897,1
-32.57216673782884,15.694054111616204,12.93237544685519,5.936948040509058,1.7831624441013787,-2.858608009640932,-0.8422425786618151,0.16012247933065282,-1.8977126277038678,-0.04632195520177618,-0.22020132156333716,-3.117469747551411,-2.085462420295471,4.424802644755616,-4.723577664888353,-0.10603430144715986,4.238720839556748,2.4935181768777284,3.1635970719281943,2.453599275338888,-0.892093501992349,-0.7977208035843901,0.7179834300599168,-1.2510939753601065,1
-33.01891403350194,12.021701261664486,10.480397162114286,5.929753921923002,6.214196777343432,-2.524838058601631,-0.285138409903678,1.7516160151276097,1.1887201132109908,-0.546278208736851,-2.5945479968320058,1.2347986060791527,-2.1639235555383323,8.96145379693921,-2.0221690508117263,-1.7287498570438444,4.057495184574975,0.368517845465135,1.2380309984716789,1.6289359353183812,-0.07476959808434458,1.3299730941980314,1.2230946617990952,-4.103190767727881,1
-32.512712999715546,10.995456564352594,13.291983181362752,6.318124646424117,7.691538041748856,3.0076483866225203,2.3887983414059013,-0.053266852607833926,-1.4459085831443304,-0.7667313519645376,1.819386936929675,-2.295336577125795,-4.255506697020621,5.820005160646851,-4.136879959589294,1.4109336463271873,4.104192795973773,-0.6167840327606768,4.6462212691501925,3.489073032431122,-2.0528168265911404,-0.45767473999293173,1.7375769373001901,-2.6235975822340265,1
-32.10574369625644,12.19314890984666,10.07370795754872,4.432740015159297,1.7200454642866134,-1.5649445635684174,-0.27495755424326074,-2.071280412354895,0.7542182650333302,1.0581112097831635,1.0210609572739884,1.2834178858974497,-1.3617966460493278,4.066293888282011,-7.646419588804861,0.20998376599474966,0.23283276974797218,-1.0620216887455172,1.732284574759003,1.7994358974820983,1.6847123101010766,-0.04758471382790219,3.179475645730008,1.5158021853353034,1
-29.63854372685691,13.717719322288286,12.868873586525694,4.27717433042217,4.893794713084731,-1.698096181524761,2.125449856719304,1.3967732759361127,1.6633064826521036,1.100057441400807,-1.165275798262826,2.830686410757835,-3.2534275523744327,4.104576201564143,-6.826688966500399,-0.009246400824551415,-0.02929368681046185,-0.4043496248403926,2.73898129134378,2.4692087472770794,-2.4273171668414193,-1.6515666605400838,0.17051723138467878,-2.1080618979332826,1
-32.48555906628971,13.874506258189495,13.933883898981492,6.629662576321508,4.241392717317922,0.2043896063976831,1.6431421850817438,0.05111997329893825,-0.44549470402597535,2.9949449392466363,-0.07522538488080954,-0.08908036313926004,-2.666457660657983,5.45810572863283,-3.615203696686308,1.4534225367549993,2.201024215215142,3.509694647465949,3.676447409582419,2.620973215647055,-0.4129099148705677,0.05381823516438544,0.6134585017555167,-2.0134505841695045,1
-32.38239658904669,15.998125922929749,11.10675283302595,4.0516988603409985,2.717092025549391,-3.0497955549340077,0.2159022235438952,1.1069580964651209,-2.500409138812813,1.385396682946478,-1.888665726743966,2.4640708460748897,-0.6747864324649413,7.118151273011193,-5.972790421843683,-0.14906535701843637,4.572246373793888,-0.738994615649176,1.0029180357920566,1.6934168506468694,-0.8789511967304406,0.9439095434819649,1.7706977476924095,1.6997741323623359,1
-29.913567754271327,12.589393065937585,12.666069172993446,5.387310115693317,5.883794199395197,-1.5016546416050573,1.228707996989825,-0.9881553902607152,-2.158983749734432,0.5562568457418706,0.8521936095912395,3.073115261993337,-2.3771841751031957,5.599010178509992,-8.215616139683334,-0.1584329658267123,5.753921258572774,3.0778188852169706,-0.10708209815388514,4.472827828247802,0.025970529133871878,0.3124150058522659,0.9277108942784054,0.9505562385115809,1
-32.05551535296601,14.823103905567312,9.660238907067992,5.631653775797652,4.219945377677448,3.586917340109835,-1.3686678913707633,-1.9391963572785187,-0.02500685913594225,-0.6038344059593896,-0.8020141430335741,-0.19858348173198692,-3.820309020443972,5.964304981076452,-4.021678753468336,-1.2472556301134787,2.034192914729971,-1.2302190858308677,2.2333251603070927,-0.41662712642602173,-4.459889779345019,-0.8312492583951681,-0.5053655896768134,-2.2727538609564135,1
-31.02913783643956,13.448669364529586,13.149197343507467,8.469708277430428,4.154649332313738,0.0088239623966615,0.009296010651749675,-0.08611963304915093,-0.9579660368349323,1.5404198107137717,0.31015984361712867,-0.9767069075219865,-1.8739725521314199,7.195526538279381,-3.213112704039247,-0.5686576421746778,2.079803313242593,0.4957641049214203,0.6226912515217791,1.7008831901724477,-2.4527182037210196,-1.584778785463854,3.0256764696217715,0.20112168366495098,1
-29.653755703887754,13.477718684664229,13.10495237876978,6.815771147369752,3.762886289017956,2.5632850247287706,0.17110585871865958,1.8099861168492168,4.108268596666903,0.9128629002636757,0.5496113115540879,-0.1311318734969973,-0.4198545570893373,7.014847524237439,-4.348643284585762,-1.8995189745804382,4.102566443810332,0.9344224196220239,2.932284289951294,3.0059505718802626,-0.6124215231497487,-0.5136022755203555,1.2677564538465163,-3.584810845145796,1
-31.484295610937608,15.260614834416064,12.943993392185348,8.477988776918941,3.7905817230359276,-4.758032953521763,0.3566716081092922,-0.4058038575878413,-0.7967777955753945,-0.21369881608360686,1.4668536327238542,1.9634250057451368,-1.6294923672915331,4.626249467944774,-2.78649278680399,1.6821559861471869,3.0755045464289026,-2.503072305393971,0.7231440612655291,3.1683034661066074,1.800784882835103,-0.33550267346404894,0.9797029533560249,-0.8093709501373496,1
-32.398950704307566,12.835501889170107,14.427302817781026,8.669119467687786,5.578635706836508,-2.0541980400867033,1.1554046129425357,0.7013473913958137,0.2802897772469919,0.4268889655895123,-0.09179049199335054,1.7978602952229608,-0.6844236765039113,5.29425956512047,-4.182862631128501,-1.29341080191778,4.574419059650097,1.0360414530902062,3.2597054247964614,3.511199685075354,1.910287808103817,0.3762161490324516,3.6453568276799615,-2.9291111281722806,1
-30.717460775384524,11.096994848414859,12.556352458971617,3.3781245456194213,4.728186477039401,-0.9057383354416402,1.5238208252056884,-1.6587470639607034,-0.6896923043777292,-1.6192192422857588,1.4112001201920066,0.13692177336741906,-0.4650550258172643,5.577833423459268,-7.157162273423808,0.2341474307305731,2.9982651085489067,0.9931171676158215,2.226673666009045,0.23902854028779075,-0.628627710402327,-1.5577656609720165,2.540924625862928,-0.5688937049273477,1
-30.94049181162339,11.781972385403872,13.814088761688367,5.775002694039266,4.174199279508628,-0.003225979274702695,0.637938513712661,1.788403961319517,-0.6679917655008012,1.7125474403347738,-2.6202041385705854,0.38768808218202366,-2.6561436444452795,5.0918599099553035,-4.013134742978025,0.7130603987404172,4.1964996735588045,-1.8305053434754655,3.022963525970649,1.957716925159474,-1.6943045212408379,0.6603342662829306,1.1002463029543605,-1.534922945462256,1
-32.75095423164251,13.760886200932443,13.485582471476903,4.644776403435692,3.960001756486463,1.8204272427186652,3.415585540883714,-0.007524441404285653,1.7270326540852352,0.8801486951733892,-1.4181696932006105,0.10779703960218967,-2.4022977667763143,9.274350311417521,-3.6940463154645613,-2.476849069345114,5.751341708498558,-0.08920103047171324,3.299886350882055,0.059707023379104385,-1.7166431398688928,-0.45563868589092493,0.6017855005049881,0.0802392092058426,1
-29.50823285354042,12.166406790251724,14.779464346079237,3.040251450965762,5.141123416952098,-2.3625604088473438,1.9766715752269581,-0.5062573819400598,-2.839874001342878,2.1143552581649914,1.3821497471318764,-1.1613349410521892,-3.0088116816872343,4.932222969711205,-6.748065660018824,-0.7793372513784576,4.49935121672641,-0.31018273539069696,1.6329177937918047,0.49993229834109343,1.0680007462312915,-0.09889664172688128,2.5902004064500943,-2.357943141746887,1
-31.305243939844758,16.031656109026216,14.880639949471117,4.89170006585438,4.358403270600263,-1.751100215921042,1.4623278616996016,1.9013455271998794,-1.6870279126745231,0.9791071965145051,0.17916001871347476,2.436040132963342,-2.526368182014238,6.783398925229008,-8.310660444026212,-0.9856718513523859,2.9375883888488374,-2.220120694949628,0.48993137363075334,2.1398875548765943,-0.4941541151498541,-0.5380362745603691,2.5599292128896707,-0.2057874131693893,1
-31.625746104521426,14.027221217933914,12.868206646259523,7.190975211234068,2.191485954733139,1.9603685937332784,-0.048939293736236955,-0.607660016780784,4.20616039818168,0.4529540981103537,-3.3069483244886158,-1.2831034195147595,-1.595689067858018,4.05787903204881,-3.767848838840223,-1.6363064926976492,2.664054475396142,-0.24688403099321476,2.281922194053738,0.6454534225810562,-1.0519679131825797,1.4256740650160538,4.563004597659727,-2.9378705568610712,1
-31.641218903278883,13.880886124465889,13.265917054604017,5.466314608819822,5.239948614473974,-3.107392885294985,-0.7540072806604243,0.17885775908709434,4.01015720667823,0.8166180157554379,-1.28147526060107,0.7227685491645275,-4.074286924612693,3.1954814627117543,-4.1530761492280135,-0.5059441606686121,6.220344742028658,-2.226468848318518,1.6342755222234722,2.82676616313141,1.5130203603344512,-0.3915660812584463,1.628436087215789,2.911527818775312,1
-30.789677503215245,14.697402468182474,11.480816260981271,5.983915818779657,3.7312653554507733,2.6776138423811062,-0.0042787136319430985,-3.5726346333364347,3.8480894791966307,1.722457412788856,-0.4289840596059662,-0.04659812685531506,-1.6104868757845452,5.453218500750211,-4.3576304489752715,2.499757132241051,3.1075421208862792,-2.453799314196317,2.5321034888358653,4.861063536631235,0.06999311600822011,-2.6840546730696886,2.5253137108989847,-1.484554331783329,1
-31.200721856165245,13.256180705400158,13.367981175211696,6.159165175701098,5.368094493468618,0.6568595417501228,1.389024633433503,0.9125661778512324,1.6749115857435868,2.1086560106925702,-3.0074919792626815,-0.8542884736896781,-0.22369950956476714,5.162313515779772,-4.256447140240141,0.19369398163665608,3.1827436059462,-1.2516721975744076,-0.6193900790667293,0.381832329659602,-3.192734785398727,1.0553566318012102,3.9830970880156116,-1.6829800390178207,1
-33.13741412077391,13.36762837973286,13.188396275033199,6.834911375365053,6.337869746005026,-0.7035977413734713,-0.007536533493792241,-0.7556222987112733,-0.6436955478025084,0.7412796987128729,0.1706117136680234,3.7780898205517133,-2.804651942464801,5.8039876093110365,-4.856739556635773,-0.6963969952683087,3.134688625146026,1.4659495358019967,0.7978044703557359,3.79613273558482,-0.6693705828217276,-0.4912047344914896,3.611557021887748,-2.674846068783154,1
-21.843669698724312,6.11682360236574,-2.8464877399422903,14.697991536515904,8.722929044282978,-0.39176627567292144,1.174828448058328,0.9383916545883721,-1.116075787435932,-0.6063493584679236,-0.08468546678383859,0.7817967242077088,-6.3187847983246,3.7032119622555513,-2.321978180345411,3.211143207560842,4.113634137322151,-0.6040190186646441,0.399323566557662,0.4636508010244569,-0.5256777437644473,0.7859544807538441,1.2380562459679538,-1.5754286844239118,2
-23.525432835920327,7.316552101644509,-1.0234899968621676,14.365276786838752,7.661115234098446,-2.673576307753706,1.9918859203908994,1.3427821122249952,1.595641775002207,0.21003273293347036,0.998438381557321,-0.19802792537865344,-6.334801403753602,5.458684012572817,-2.7426844813829803,1.4039483583458878,4.501324575294973,-5.239242214012506,1.3585098546922154,1.7407532688332452,-0.9560245339228572,2.1901170266268863,2.1415846027358327,1.961931376600262,2
-23.20954262297667,8.023384696106083,-2.2919662776614587,15.479484927147261,8.526908577897075,0.2551662244154045,0.5512077977107808,1.2073086244055276,-0.8469142558236058,-0.49761615280209526,0.6282551462853121,-2.7531524481444762,-4.771001810617804,3.416377576871284,-5.738876467605053,0.6752606378529311,2.6115943755415287,-0.012047986336426675,-0.9062876736049148,0.4508887848316334,2.3997796332593566,0.37287669393279543,1.7891859072863525,-0.23249948299570633,2
-21.176741391005493,9.334832912004975,-4.761897266508356,13.908217862159447,10.458586583478052,-1.1195134100585733,-0.3069819188872529,0.9778946364733514,-0.7601892642194343,-1.2059409269444075,1.5673527898311477,-1.5974644687009345,-5.1384676143596835,4.5764675236353725,-1.7127051449593864,0.5338126738794138,3.796933744819171,0.1281043640418602,0.3951150130190655,0.7979950348868527,2.6062975527393633,-0.17757540120251036,1.081946716584909,-0.5642907902638399,2
-20.508733796685448,7.890896232145463,-7.223072720764662,13.499484539118313,7.545188634811666,-0.14911084868094804,0.6084925541943136,-1.4495266019382598,-1.4141332124041242,-0.6838590150029376,0.47554014511430864,-0.8876706736288043,-6.261633452678922,5.492352454690504,-3.893988755721921,0.2476587390036471,3.4615059021826937,-0.34866043574078276,-0.16728294641824704,-0.04092150547477047,0.17885410277824576,0.5355010979424506,2.9532123454513908,-1.755893291766256,2
-22.76457169890992,4.898226334817847,-3.2558041903806725,13.349077520413658,10.488446804684969,-1.854941114606504,2.018899593784873,0.17169619875240016,-0.37299239628953273,0.5051445556917997,2.3183016103336627,1.9510658268307566,-3.521318972488558,4.727555606479697,-4.421357057873024,0.1150344334684199,5.089785699490733,-2.1175603447127855,-0.23787115409464832,2.5398940402071446,0.5802839272621441,-0.47649035285493824,-0.13230586926202648,-1.8540089348834385,2
-22.140134962263602,9.147909881945713,-0.5285286009080892,14.615186183463425,9.781341801569653,-2.0467873148503486,0.5575883432104192,0.7511974655771212,1.0544854929656822,0.9981775721210084,-0.940564933673528,-1.2849447772681515,-4.056294105495482,4.407329646598299,-5.289705385785908,1.497885178829204,3.603904111560354,-1.536321667977063,0.698779566562088,1.949938997709026,3.3230956981543613,0.2740535780963569,2.743756225309909,-1.7090237876920469,2
-23.113705772987288,6.492706037642238,-4.7682455855836,12.85156602436603,9.774287407922174,-2.234243319825964,0.8799858635260094,-0.0381688224137946,0.48353728833819787,0.8289015305464176,1.7174901879770061,0.6744882199391213,-5.634484559486566,7.374207800541669,-5.308752221016391,-0.45876655021945467,3.5758021723546847,-2.7686601374694533,1.4170157251143038,2.3883995971681458,-2.6329410102114252,0.4806595739305024,2.929050032257635,-0.6762001853695097,2
-23.406107531241588,6.373656330169103,-2.5900254149281636,15.107403251682506,9.823557885907547,-1.7254965124341197,1.3366373768112396,2.5782122678453163,-2.1548065434101886,0.08093742584654251,-1.1654981126054054,0.31246749781320204,-6.039415026358597,4.4557904490476545,-3.803978774678683,1.7957132257055868,5.30548771149671,0.4638497275793725,2.1924009750159854,1.969758279791975,3.0053238624820438,-1.2600189906331067,1.9454298313884522,-1.5690791225513863,2
-22.30506181397638,5.181529615902834,-2.3598582780238075,13.556362552211322,8.70120925585681,-0.8965718137986869,0.3513883105662714,0.891695562164017,-1.2253542911300883,0.445688000571252,0.7428293059333839,-1.2884499627708124,-7.606339219037466,3.7972845924344227,-2.587409000171874,1.448201807764315,2.9029051925178067,0.4215782697173722,0.2930338833494588,1.8447352189976272,2.6634596002506896,-2.3078474819821366,0.6998200542744826,0.9599830847008661,2
-22.906284892225102,6.543882457482919,-5.435984804731277,16.777901181354824,8.84917159302276,2.0643683651200035,1.041659468914112,0.20522615182437676,-0.8972869293070858,0.5768203905201688,0.38744218009821907,-1.362482237940469,-5.307470924066962,4.697418966440182,-3.875148141989939,0.32286225655498235,3.5660293391303526,-1.5146354074602186,2.6546173306979455,2.6736036741508826,-0.3296713762234731,-0.09952102315903488,3.0592312680069114,-1.8067113009485638,2
-22.94904993393888,6.610127093776908,-0.1853589043936381,15.392878813419983,9.560212217580869,-2.5507122344275786,2.3465924248329273,0.26373078635360514,-0.6250618194990238,3.5362323154088244,0.47649153406456435,-0.6226786993375413,-5.485705248802731,4.5799992014338216,-3.300701904848779,3.6858489905655185,2.920011855457915,-1.9484927961939889,-0.7260157585316023,2.379848185129461,0.944930597228165,-0.25848106349747013,4.89696942249158,-0.6766419031473561,2
-23.26628742200805,6.378543331931667,-3.0889202367165467,14.586678980141237,9.938946920126995,-3.409643749115787,1.8701223854997764,0.5118763808857238,1.270856557993227,0.9600324498518518,1.0124190364507513,-2.648903600355652,-4.709095853917944,5.786785185386833,-4.34994934965755,0.9342651254558909,5.331416702477895,0.21571254264227946,0.8680554389781747,0.4332422162225953,-0.00313748817910664,-0.25440879303937436,0.9008602134740471,-2.1514152997731344,2
-23.243885475953192,6.191755616175152,-3.31296701118805,16.182652071784567,8.124284922327604,-0.04091714132272273,0.4860496648728727,-0.13197064015675153,-0.16997499491787949,0.5817071385449566,1.4227820464947456,0.6944236276208926,-6.013621804077928,4.093754157433281,-3.5865036085305064,3.2192878761550467,4.910329870716168,-1.0365550376921533,-0.2726219069536313,1.2930606877255286,2.821365696696148,-2.3473490001280837,1.0258830257089215,-2.324651936111877,2
-21.344928845712417,5.518724197603502,-3.3948682645905706,16.663195505271712,9.426096188920326,-1.7401720705329922,1.7600302603881985,0.16151640464801176,0.6158150264692495,0.3628835304226783,0.6556780072378103,-0.39841924082156766,-6.302089791276558,4.9718997050153035,-5.158735678003438,0.8437222514864438,3.816483678205202,-1.2855637825662711,1.0338029580785815,0.9497589370936197,0.1440410857745178,-0.16820932517755693,0.8457473522895356,0.5929348332338122,2
-21.97751156630065,7.378724342769141,-4.278768350316,16.446272409534068,9.001345811662276,0.18837564625505365,1.214194535820802,-1.9369914722012709,-1.557804639997073,0.7839687534523279,2.4814667002127635,0.9850411708370643,-5.340457539968611,3.9471487823073375,-1.1997912382233267,0.807884901098527,3.5745833610433237,-1.8525627640248103,0.9382375557326199,-1.4939501748752235,0.587517311338388,-0.6871684948674499,0.731041076384102,-0.1698705634891553,2
-24.153121365508838,6.832887220054781,-2.438045666448261,14.837539152085007,9.765730831370291,-3.2099100943858616,2.3214791680246165,1.7033241334111153,-0.301380068403148,-0.6937681761865804,0.8135509624219992,-0.9805366028655271,-4.995795754825593,4.683707991656277,-0.9731262764904045,2.6444009344610144,5.084901519913728,-1.616260074942943,0.517558541000227,0.9612961696436599,1.060787447968778,2.56586266703205,3.222126712298646,0.8517955360936753,2
-22.41285760525713,8.264877903079613,-4.386307766322773,15.545864869544985,11.154015354069855,3.1353012142963053,-0.2137239354335847,0.4573071951886334,-1.0438052188644633,-0.2800135170775917,0.4862643810977545,-0.9404588203253184,-6.081901060078707,4.003754160195044,-2.768742875180692,1.6389258285021828,4.454626328688619,-0.174118834620117,0.4633955532437142,2.936409167535885,1.2723448552616219,-0.8663535422760233,0.44896108111225885,2.9365012858815476,2
-23.71031254971237,4.913294320404301,-1.7256220018201134,16.667810653755613,9.24690883198005,-1.3170617852530313,0.9801672083652591,1.0744109375550863,-1.8613469989479086,0.04537143248141717,1.8917857152324018,-1.7398231709333345,-3.2560661074265056,5.814207818493188,-4.518586724604461,1.2428171541464206,1.6336789664015896,-0.11037990380145857,1.4175584132682957,1.4311152584025848,0.7430087907201255,0.9047325265462405,-0.7111297010877848,2.4754954872655617,2
-22.76240136055972,6.787004827585745,-4.038961110938885,14.677358557929857,11.34242751205204,-1.008258333922015,1.547995491200517,0.6022845956101861,-2.2936586792540083,1.1780414250577849,1.9224660169504375,1.755273772779617,-5.688240596719709,4.589909563988172,-4.788190498731296,1.9026814313603708,3.9501920279250555,-2.3978792133584648,0.3556127906213149,0.7477674994146781,0.027081735740978274,-1.149249827527285,-0.5482349679522684,-3.03006368314243,2
-22.501358526584198,5.946733193695319,-3.330917699200654,16.24916839737702,8.4355524540548,1.241133634403809,0.9922482993700541,0.33798655099982966,-1.293462400133933,0.3258239501678162,1.2266265708955757,-1.3344405605950556,-4.423217234892206,5.5337546517904315,-5.769101215068645,2.0701928228921975,3.972183326134541,0.38018530383959614,2.064799016616007,3.8927453486241603,0.5763502252506782,0.22219831993145078,1.5988701014455415,-3.1689059042255394,2
-22.586473874744144,7.0908055269837345,-1.7536530463443114,14.101928518994391,9.51012297092592,-0.8591170516203874,1.4389904581476358,0.7422391409894118,1.0877716368252095,1.6027921682505593,-0.1875811292555909,1.3111303583901304,-4.891815268400251,5.024568943627941,-1.86447400454648,0.12942342969625464,5.548744569528395,0.5069915578166047,1.534435807724421,2.234873670759413,-2.531769880889783,-0.7316927403237798,2.7449790826168936,4.790150193987529,2
-21.939231973363718,4.949266927701894,-5.918024119104871,15.441204094002188,10.870303041207507,0.9527009564573063,3.5955966611146692,0.9366278352347592,-0.6152109938396961,1.5163217705775338,2.086854530299746,-1.3462702233495065,-5.085254417178021,1.4937996161966964,-4.425510873094993,0.06548684663900595,4.212865481001444,-4.771024573140039,0.18823706551813046,0.6914313183263943,2.9980930744711713,0.6601169803671993,-0.8751115504474996,-1.4396518643058016,2
-22.621088541298917,5.746371131888386,-0.3465498245718095,15.12301446871524,8.035236935438235,1.7422161660867914,1.8192168695787103,-0.6053179683082703,-1.2463781959218636,1.0368637116722397,2.414547478723108,-0.26964337406712957,-5.390410824598973,4.858956854911014,-1.4402664397221656,1.7198309129827098,4.405623300682066,-1.1202110380279464,1.0605446556402711,2.487359686528052,2.0173912585509584,-0.3259464391647242,0.23610964565376946,-1.8034176671638988,2
-22.036424632353402,6.380443833096583,-2.9682456408190205,18.006136596127384,9.219487503810882,-1.0719915202554944,0.8383121462861496,1.066266286168016,-4.076354328690172,0.9407564289905395,1.3630523383367006,-1.0661574104960323,-6.045118499341811,3.956920379638788,-3.940639334147363,0.764039017992312,2.992093560266511,-0.9329574156881222,0.6030799144900953,2.384735126478276,0.002335100683694691,-1.1419191324224656,3.6365600768215813,-1.6466067236985396,2
-22.95243691560958,5.865692436744768,-2.6548542789782914,14.009349201254203,8.47233930934678,0.5722868343029859,2.314012707671502,1.172961918757366,-0.16515302425017353,-1.463724766657819,3.025538957552442,0.8978741852777716,-5.907332573109841,4.89642472860082,-1.5554591948215375,1.2440388044728348,5.184538636911185,-1.8370138232195927,1.20538641854548,1.995822735678729,0.41997130574418406,0.5585781349424579,1.6387797266068276,-1.823785816865211,2
-22.6901839560949,4.717140551925281,-3.386551409828826,13.921792256972395,8.5858262146821,-1.9042071737569586,1.2374060503930124,0.9988007033678912,-1.1123475888623489,0.5944664896280045,1.7097508749290853,0.5200936886890872,-5.903941144986618,7.094297066529023,-2.3622751370938886,0.38435565331401556,4.005174015649544,-2.3834291815428514,-1.59547342802707,2.132652716037015,0.4953204213143749,-1.1878010925016085,2.0191424521883476,5.179106172450133,2
-23.041901640051066,8.11718593646612,-3.3129606591130027,14.800208651512492,9.48962626074848,-0.36416769699121687,1.7106193290469562,-0.0793004073062491,-1.7702407049804947,-0.09865651913455054,1.2612422731147035,0.22706006467012685,-6.4770635544446975,4.652757374621217,-2.83750756780654,0.015939368770117923,2.6593800145492423,-2.792972483914923,1.646562916751435,1.6696212613897075,0.6713918230572062,1.0144161890643488,5.243394053463646,0.5500060184537006,2
-22.08122012867696,7.400036475557062,-0.9139877896541293,12.867719901935029,11.352611117401466,-2.4736212970159386,1.7508003362595943,1.768618100541616,0.8687681337939352,-0.4095147908067247,0.631246241780758,0.4062114495329183,-6.579008048907895,4.964976371247431,-5.270866843382805,1.0287449314151882,3.484040344238508,-3.396105769230246,-0.5920344007672682,1.1706186683622093,0.7695071623794547,0.5331936652413063,0.8563365307287114,-1.396070360001886,2
-22.649727741777014,6.683294137782154,-3.1990821207310205,14.746453212375588,11.520935127913873,0.9542437650245574,1.6308002755006186,0.8064456466742342,-2.3643982320237455,0.4523410259265148,0.25155887986935,-0.341479847350854,-5.280863807643925,4.524885318393757,-1.795268174114824,2.6725004700621877,4.291461294044979,-5.619647747056547,-1.0359260347805872,2.1217945824534326,-0.8918601797797692,0.06636042461144598,0.30913997764083945,0.300995809840515,2
-5.884834252543442,1.9095668280157252,1.7921966729493306,25.497584818706308,21.89561828447546,8.892267788020263,0.994124012209193,2.950473580614755,-1.4941563621274554,0.18809323106316356,-2.6927830995588806,1.6953000852840887,-4.577602755033297,4.203606844733855,-1.3321402460845775,3.055998279554231,4.6506368460679255,-0.2595514827395391,0.18359470125780675,4.822250317603917,1.7809395845858376,1.2908037319270562,3.038021223111528,0.9389090222670688,3
-5.734973832489004,0.7659013270123651,-0.21126454514671877,29.031611780227117,24.411278952757982,7.368429168287548,1.4058436002343182,1.8613790440621187,-1.274058120381767,-0.31634151848831493,-0.9287527189646596,-1.775926091672602,-3.079367140550147,3.3084926226862947,-0.7156344894474387,3.3452748324018415,3.8079193068286656,0.32584167204339565,0.09970322362981321,2.7574066297437554,0.19862431397643832,-0.6456219353998733,2.6269815030336616,3.9103638739268263,3
-7.745920183967542,1.9038653072599043,-1.0209219915462313,27.06342230942677,23.90928603062673,5.8899335385152085,0.12181630125953724,2.77101568051134,3.8471457138412006,-0.7486953503361917,-0.23658435804301803,0.8661477338010855,-3.119953102906095,2.838538265797986,-1.3227258632190342,5.035862097968852,4.35552433977108,0.35716466567140515,0.9228706223501284,1.9605739815139458,-1.8054785741740602,0.584378621787593,-1.9552813560519269,-0.44322626367574003,3
-7.3325741842282355,-0.1487591604431202,-3.9608463852821387,25.4590326906783,23.51521399422873,9.666452485374293,1.3279248303633704,2.414818913662316,0.8949603514525393,2.6985897382504334,0.2287535695897418,1.748303401619637,-6.191353699559272,4.739533449544197,-0.9517237764242736,2.9627407535190073,7.626065638753886,3.368700558762214,0.6454041720084405,2.1252360759753657,-4.129985156028567,-0.8682469877354464,3.4430918775188815,-2.407702256146024,3
-10.673019240988253,-0.7634200372436961,-3.281489828394058,27.421793091234647,26.094940449019646,7.034452912896597,1.611906740050534,1.6873536733218657,0.03778540646703732,-0.8416807365589136,1.9952290019727172,2.4177967048754,-3.1338018555794918,4.188266483289723,-1.7143032878336726,3.268306225944926,3.8077854023241002,-2.588015628313599,-0.9120164740031278,3.0506209702989366,-1.2562108855781275,-0.3973408759621222,2.712231901833519,1.4343023040914886,3
-5.500669230051585,1.3045439457871986,1.1159038047277932,29.781612096104766,21.340689129445053,9.33246661901751,0.24792493643266234,0.41961560030947,0.7646573353768531,0.5535238299478635,1.9344136413295132,2.177982809628361,-4.848686383139778,4.759894183888264,-1.6932817305479375,2.843555013250935,2.810591390066236,-0.12661497918679743,-1.1031470629316296,0.9052789124364864,-1.1208676912466444,1.8155998613867723,1.7007830943113191,2.7527095405964133,3
-6.955331114618389,2.0469421896870017,-4.3108105651022015,26.959440559490844,24.010278942815603,8.005732861549745,1.9376986850117408,0.5648631710550092,0.14859351745934646,-1.6671550363393166,0.6259503712370531,-1.0670000729102185,-4.066108758020448,0.26328852568068584,-0.07154918273613475,2.121789591724472,5.640095508420359,2.366306351191838,0.8486172759803132,1.4651003321308167,-2.6602494520639652,0.7941063552788279,0.5410996251172264,0.510760326265256,3
-6.229087378316734,1.0707880910036423,1.2676760060587071,27.91658948168179,22.65783567236963,8.774440275028951,-0.2437494509683873,1.1964901529024132,0.20334837707298448,-0.5714101982288469,-1.2049963586042054,2.982822621341768,-0.7152030763930384,4.166955091864921,-1.2324915434544437,4.163961613719785,3.2136249754204584,3.015873471083637,1.9047257955905508,2.826908577345222,-0.08432146912940652,1.2398985992018225,1.1549444560746878,0.377601223907277,3
-6.968225537054536,4.006851810392785,-1.2786890051651199,27.548580447788225,25.841230823361258,5.826864005939569,0.3736261610747622,0.531606398638246,-0.4341721152736113,-1.6723147958607996,-0.994999393791403,3.7616120207779318,-2.4489572853332504,3.9610266829271694,-0.8529614092101951,2.4319717143476964,3.8383294796493033,2.4920169274520845,1.1927352458212148,2.397405280618244,-4.537769872604542,-2.753088499319439,0.9300128030217252,-0.6271875502636703,3
-6.476957900379972,1.7007884199134047,1.200000335279583,27.867584817325437,23.081501018541132,9.396194254189709,2.2659339897449495,0.052149092315772805,0.172692434181954,1.1566437551922206,0.7671285679326445,0.42287927632804667,-6.021537959448608,5.1501672789285635,-1.6350262423550248,5.393554787130888,4.670051991182447,-1.3650857972014592,-0.2852742827747363,1.0942391647409266,-1.6028931691436696,-0.31439966704071765,0.8222313729542066,2.191834732815664,3
-6.943656332025029,-0.4520171796703698,-1.773423852980443,29.076544156864287,22.55874330104612,5.733780034821052,1.8885583947902607,-0.05916134353600455,0.771884394995709,-0.9076534401733056,-0.6111068477029846,2.2336115214496317,-4.98402771327531,2.8552350887109696,-3.2162264199922106,5.732921372012289,5.951223653526029,2.0605770280247953,-0.9531475548722206,5.7308002175725505,0.2855797201999053,-1.3606001215455024,4.649878910945162,-0.8457573170376236,3
-7.5751515083144625,3.0148153966239413,-2.241654639886576,29.358626085376386,22.132768450844594,7.8125672800752,2.0761602446180927,0.4676692692680149,1.6321295740469282,0.9535687087392262,0.4384909278555824,-0.414373738422114,-4.266196679024944,7.328086582166691,-2.9278000388853798,2.83378088026776,7.9426260232366985,2.9199608380767472,1.1429157776638874,3.547317338900484,-3.5999959048442634,-0.4988800873216235,4.1168003349478255,-1.451742407888787,3
-8.637503504964968,2.1673496066046205,-2.0616323026764007,30.034100676868917,23.42575236297165,9.315379509421632,3.941725970091362,1.291242662248294,0.1148677823861135,-0.2807748243236148,-0.314365848869528,2.184111816406812,-6.578776949921632,5.301117456151459,-2.4777494708441736,1.0674461204562817,7.161405422297264,1.7279139398778511,1.7754949838975485,2.7970449453502084,-2.25902678808103,-0.7041280509291994,1.3238137577109939,-2.1111631152116956,3
-7.237409880901737,1.7206073597955687,2.5959332949267946,28.260028595937392,23.523357478767252,9.872095171760748,3.5613638391538256,-0.889932535163183,1.5666516107762618,0.06972075145608869,-1.2598377997630337,3.5410711774874812,-3.2722630350106954,4.589941639412693,-4.066410989200051,5.95323861362921,4.511768691947793,0.7299114741679773,-1.3411112770667089,3.847044579415453,1.7551006135557259,0.44632453096838276,5.72010375921343,-2.350752947914657,3
-8.227823909155802,2.1106072685707993,-1.373516979924716,28.119666589106984,25.094895804978876,8.128818401354579,4.2129477083629485,1.7242769325218887,2.8300840677810584,1.254791165589296,-1.1600655078459283,1.9322626168787451,-1.9411290708518436,4.471163503862726,-4.586766959487761,3.085998558838405,4.699502821150105,-2.2185498323046886,-0.5092564041689656,2.285414875841923,-0.9390952192620716,0.5759628610741316,2.1335425544843645,0.5503955624961918,3
-7.6673197587651885,1.0657656653305168,-1.142906247237704,27.324326909820485,24.226389779897545,7.954053124337804,0.7305040956298878,2.8121498131382054,0.7631250215423506,-0.688422809031124,-0.9707009528667925,0.6666363740814631,-4.6585055174679155,3.188900147658231,-0.8472600904090086,2.556586269395879,6.364576378179606,1.8455160922922573,1.3816941465835733,4.010755105411448,-0.4452418185267675,-0.26675265516730917,3.9363931517451505,-2.0848804379281205,3
-9.768819083235826,0.7626434965781108,0.5379497031652818,27.645096445075055,22.300280693778888,10.033057417235852,1.7412733756794907,1.0030522193042657,0.7834807156528996,-2.0923145562770884,1.805998890043611,1.6300352479414073,-2.8601342447550735,2.687587011484098,-2.299044415918047,4.0954099555382015,8.039957212698681,-0.9603685529194763,0.10458968166856408,1.829986530563005,1.6293906448852908,-1.4355320680367285,2.8536784046571597,0.20240414387342298,3
-8.642523715610821,0.7274849638011265,-0.03474824958851741,28.66740447190236,22.517064740348985,7.180745676170716,0.6623592188131955,4.075544420060794,0.4017598335651087,1.2860111002513008,-0.5930500938453065,-0.45971266857799264,-5.3297716848799155,3.678265910912529,-3.6741759867254586,3.965093379163058,5.192128876699286,-2.682836560555245,1.3791149106608778,2.483876320403226,0.5748806715750447,0.5008946280501902,2.052636705769814,0.10319757328693413,3
-7.803883214338214,2.3770779653782466,0.001396852795835457,27.665730045922814,21.80888093394256,5.941398409882936,2.2872463823120253,1.95260333472865,-1.1682783948798487,-1.514575917791916,2.2201601786200342,3.4961710376313704,-4.872441804497754,4.3902569405397145,-1.3949961279955687,2.41975436960621,5.693849971443541,-2.6631284466907346,0.597350114675713,0.9267293590702366,-2.842239634517682,0.467228412611,2.409243830478175,1.3147209555514792,3
-8.711076124649082,2.765584786108743,0.1211854170722404,25.947857036193632,24.845803143669315,8.953587406763177,2.5138072131662117,1.633461839770547,1.7221428139808381,0.15985869574231515,-2.2613772389686915,-0.9894814475213138,-3.3190952137393026,3.141117850394373,-2.9405006539872147,3.868034509028753,4.297288653481843,-1.6907478767494126,-0.007536809412020062,1.9436071677921234,-1.1898495696049736,0.3489932552010515,1.2365304394201075,-1.240407986049206,3
-7.461670844583352,2.2360372587437247,0.023949149706254502,24.082697919474512,24.90009849969482,7.007294008281519,0.3967032079998898,0.7319694059204949,1.0784878741653756,-1.8610027063981676,1.3869484783186579,-0.4248853732142379,-6.0564234729614554,3.039713938234172,0.26527962386916215,3.2491660704461296,3.907147543514725,0.6587325511263771,-1.2171743779592,1.7699862999550504,0.005915612406852233,-0.4258479325651905,-0.1491730211351694,1.2855919410400247,3
-6.865332746825459,1.2746797717944691,-2.7804093128044087,26.760029034368657,21.38249738294479,5.059902639812549,1.3955266233159644,3.20486204977567,1.3213660932865423,-0.2841692075426465,-2.091558488526829,1.461179886348134,-1.2664706605939386,3.6724305909446997,-1.9267330559774791,5.140251457801199,6.89751297839436,-0.39642892414576636,1.1487528651656582,1.9535155004442402,-3.325152027802801,2.6019801666122646,1.2608279689600153,-0.7899107566586281,3
-5.532166201492657,1.6881638467452316,0.4595421739125527,26.514462896700962,22.097745704892247,11.134426261798922,1.5449839002083028,2.7601597218230154,-1.0215474488956602,-2.899462784572883,0.011427718632575079,-1.5302033580929901,-2.295836372755474,5.001796399768224,-0.30259547444990176,4.128260431626231,4.743352479684631,-1.7667452077731696,-0.5869033293917845,3.369217346743909,0.21133741228663894,-1.5077487371797815,1.6270730005326044,-0.3098523507090931,3
-4.327273557085107,1.9132317621654202,-2.9998480158321854,27.730210170694136,22.43331439788932,7.059196482387165,0.7804588086141369,1.368075056395071,-1.8822315287175115,1.0686811169931616,1.112197893927771,1.0036791351462284,-4.644793016805096,4.01057468100165,-0.510652833135623,4.288034809716656,6.044214967201469,-0.8887514471679197,1.0097478221013496,2.4306638481866543,0.24352925931543723,0.6663689975653071,2.106936701571911,-1.0051953682872181,3
-6.475605018857777,2.481874381889609,0.25215219737657435,27.661385431971553,24.15484645487902,9.87953615822147,1.1156173038482908,2.38875811712316,-0.5279072845592054,0.7724811112762922,-0.6757216330138931,0.24066881495741654,-2.134431553353238,2.5954151016857736,2.465181332411703,3.068622873435693,5.433622688673438,-0.3401447334111367,-0.9072654394434245,2.915147268442155,0.4686660222537853,-0.5652592616015681,4.750330633241276,0.41132624091983416,3
-7.08021168179792,2.3943177094697106,-2.172232838902005,26.174417226661987,24.274442137014546,8.64085052959797,2.7037167826605373,0.5625525070808806,4.2704782388960325,0.4255125942317477,0.4860004725388478,3.3290757255733183,-3.8166045650985154,5.176095275671884,-3.7435951916445447,2.911563833107195,6.0625337855829,3.919489182692871,-0.7530567529945493,2.75224828908253,-0.1999511365237936,0.7650570040742508,0.7357608095748702,1.4467812317728885,3
-3.9572331606493094,1.6080733537544702,-2.214501314050551,26.502110568637825,24.787837461997754,8.964974247031193,1.8357530733255505,2.8361774209136286,-3.162316143881185,-0.033038721144919236,0.029754352828177844,2.8879950884656864,-4.6662450100310195,0.5639668720643272,-3.006646413673252,3.1887580625093506,2.612400695801,-0.5103085120010746,-1.3628309032388053,2.7149179792448876,-3.0047445228537413,1.3975007005235014,3.476078307000904,0.1776506320044291,3
-7.532663803722357,3.2144989265985924,-2.5340231187910263,28.154689486956777,23.606163226235253,8.430170979081879,0.484802770959865,0.58468341285365,0.23378600190500265,0.3515317328958929,-0.6693420644910191,1.8980939764658729,-5.690589627779701,4.403967083339893,-0.2885823549293036,3.5607041677759383,5.863126158011141,0.13662489947199674,-0.4446407523521607,1.9966834777557239,-0.4382252335348653,-2.255848348211849,2.312863719267142,-0.6547833947913659,3
-8.230270535154432,2.1825531330454098,1.7926325081532468,29.18541329348473,22.60027958907017,6.130396809159947,3.1823592668421465,1.7307896598709362,-0.8185231983300696,-0.8529488448060079,-0.6678485949765331,3.8259919312081365,-4.607464619494408,3.7370452105493115,-4.454045266543744,2.80473120110279,6.843757189720719,-0.652445582048415,1.3098843571935284,3.761115454488362,1.7980269427412736,-0.061232294557242994,1.89014878852133,-0.5584252879970677,3
-7.35741121207576,0.976172923273646,0.1332300837595426,26.484056020745385,21.843629201206966,9.272239391482913,3.667246223164936,1.951515307119763,2.8042437987181756,-0.3195977855008323,0.5025594209003259,0.08802375565670673,-4.065022415092358,4.249488356025083,-1.6799171302757259,2.4999799197097303,5.499187150636118,-0.9954112940994833,0.5357216176512445,4.100621018629951,0.5019556735634865,-1.6744445244283526,1.9434973470421681,-1.2193809880729987,3
-2.1812692061898247,-0.6260443873367656,-2.8235688100957077,-28.71678447906381,27.830430187380443,9.88522385541188,5.332686169313669,3.382782601886987,1.3722426387740256,0.22799223859288986,-1.276537545459064,1.4676822708618715,-1.915965000618911,0.8213850197080959,-1.8970221869692523,1.0475967769708703,7.887821961277979,0.07422491482748228,0.252963773287302,0.47860314830953143,-1.5662303212708366,0.6059315620526604,1.2676848014729387,-3.6047173564094805,4
-3.495570848007958,0.9981638486736091,-3.3675687228237052,-28.245744010545785,28.888572083900158,11.846849395614413,7.087346885737301,5.8923317315975225,-0.3114607535654841,-0.04255052412894145,-0.46042760595290133,-2.261742004670168,-3.185605064426909,0.3288957305494833,0.8162211439042721,1.156602134531937,4.651759560149372,-3.555554855967614,4.25667441389686,2.5959785040257373,0.4825572609194637,1.1151175498445411,1.8966005381589923,0.30736133530609777,4
-2.1131305105636216,-1.821564715787299,0.17263944296217915,-27.62103861564558,28.49314133864158,6.1628053387263435,3.9199711804843362,3.700293118713944,-0.5895943702934119,0.690345119010388,1.6961763979533657,1.8710988587259862,0.6233066621665557,3.077494908121473,-2.730993636877372,-0.2343938214747041,7.819944694968058,-0.19844028331306163,0.3730993110346468,3.34027599766263,-1.718442555698914,0.5980591212484896,3.045559170684271,-2.5815317576131065,4
-1.7223156387539689,0.4300642630800504,-0.8796766340846602,-29.169365599895734,32.60287115727053,13.113568775298404,4.3177085079046735,4.893235424749179,-3.9721273789897396,0.9395756065404299,0.9354557798909298,-1.4402568011386734,-2.7827097333677955,2.7568608308680993,-0.8753640136714012,0.6622132055359771,6.206190974861471,1.5016921988790273,0.42359724985532665,2.1070192942901826,-2.0261408012005404,0.7862026002634437,2.0501281423440787,0.05637082585872122,4
-3.8341269081085443,-0.21758271276087093,-1.4092358497856026,-28.710404751739055,29.0074882735168,7.179204960474067,7.0141794430012565,4.90463807616058,-4.506270279689659,-1.3706956091141933,2.611654305988594,-4.967100283799141,-5.491670426174807,0.2083542727648222,3.8555723042903196,-0.6816784353817766,7.636419782129565,-3.3755342862913835,1.2348192002655054,3.3291447386592665,-1.483670578623844,0.9944386386785808,2.554562898799986,-2.1630191595149313,4
-3.0553462634888433,-0.30703985462846095,-2.914015869140144,-29.08968182483543,29.507714379772096,7.2891435552404005,4.458477809616915,2.190518973648011,-0.6822284764073174,-0.7573922580355514,0.38065899658175795,-2.1187351974551234,-1.742620724225219,0.5515212730995458,-1.9222060933518037,-0.9839872075422349,6.862256046623344,-1.6677391026004216,3.1928286594719424,3.3702752809828667,-2.0283302510114254,-0.49008535545652876,1.3751980082655706,2.1807224999342907,4
-2.934395200427673,1.096444414498595,-2.749762447857279,-28.135382046522857,30.649204767149286,10.48135406079939,6.169020997651605,3.1430501098629975,-4.6317633388048876,0.6519306929231306,-0.6215607636743528,-0.42473685893702395,-2.569453408358072,3.367991347645308,-2.0041195814033586,-0.4993708010712865,5.431756654765479,-0.9601353925467038,1.8319686409791132,2.966159460836053,-2.1231586952722523,1.3108636031345782,3.1113956326447294,-4.426868285027524,4
-4.326609945306302,-0.41292218682938087,-0.3810125307103931,-26.51375388332753,29.706582481418593,11.294304726717769,6.85318394191022,3.1749534898297895,-3.0056538798469887,-0.2589316868845799,-1.718389200202239,-1.5361741015398707,-3.1807179573717974,2.8588070169164936,-1.0350234485466103,-3.7057054234846305,9.045196941393243,-3.3733460240423483,-0.6152716085166041,-0.2564657606580596,-0.6310748445669105,-0.9760589794313574,-0.3645331857257048,1.669122616591551,4
-3.059415913716009,-1.013600918485566,1.3009427153303363,-27.70248559211307,30.42278250992001,11.086247147090376,6.622007406765566,4.443642192305219,-2.427922570413614,-0.6512390892062285,3.2081242921576347,0.837381105173165,-0.0721228817213273,1.5225172805441858,-0.06746258462021615,1.0862856006190356,5.435559573074499,-1.2947741141335314,2.799163371642848,3.0341684429464095,1.4450736106083468,1.3716788809246339,2.634925403439766,-0.29140451174026794,4
-1.2178737016914738,-1.9859539015902692,-1.0561936753211967,-28.3318075232875,28.42947729326454,7.815419217623742,6.417165630741942,2.829750618360407,1.8317099371868153,-0.09413432774599073,0.28088398431947326,-0.40568077177101713,-3.26121790158399,1.3738744704303514,0.3994623537370785,0.16510791519643675,4.947959472656464,0.8245300629909593,1.530746624286408,1.5406837180299249,0.8388801164588813,-0.976058582426667,1.2568270131108221,-0.03122843221893845,4
-2.5897310263521263,-0.2682162718368275,-3.09140474649098,-26.529227883455683,28.825720579397398,6.37568000068552,3.2986588077674908,5.194048172756283,-1.6973202887482444,1.1695326243958277,0.7363118186706288,-2.4047505241837257,-4.247007922971164,2.8843269170011254,-1.7421837285240258,0.20189601328573303,4.918093009845364,-5.018949725258437,-0.022873197184388516,0.5547556978115153,-1.8286046882728328,0.7268828011768065,1.1771427236705136,-0.1140135354428935,4
-2.033034075016701,1.5639557800848736,-2.329493031496952,-30.08823206035934,28.60703070316893,6.762221500172927,6.322550608436495,5.53423036407861,-2.777238645251032,-2.2166699021282454,-1.0058558794257522,0.24170457603543127,-4.566150536446855,0.5657746425992016,2.0251324700407736,2.094338799385966,7.401167367236354,-2.5733211404786402,1.7173984617345965,2.9141671601034176,-1.4037337182501233,-0.7370095046374985,-0.7158446406712784,-5.442836600877001,4
-3.128783100663668,1.1375755830755208,-4.164530138662599,-27.047916219996345,28.600520268090463,8.76348412699349,4.24562731877067,2.0831421155279486,-0.6850809447684583,-2.3905607124431327,-0.9149099477365326,-0.5664292837284393,-2.7003125347985986,1.2579469286889307,-0.9331839704552181,-0.718466407465236,5.035647093622089,2.0452620761238336,-0.004276026730046567,-1.4948819853491955,-1.4672416268598454,-0.45506403872108336,-0.6733553066338658,-0.9679069155864113,4
-0.780777293209951,-0.5889855596107552,-3.767039677822254,-27.346150740127463,30.153048407783103,9.650667904125157,3.752459930196637,5.63563406220149,0.02317371489289144,0.4992154535493114,0.18110980058872883,-2.0278422503574234,-2.0893195093770487,-0.0017821097394730145,-0.07359490552482839,0.9922133760753908,8.639314491790032,-2.5244870500516754,-0.3764930807950435,0.32792328295141715,1.0195496196493536,0.28652063209230505,-0.12806096528329647,-1.9593402309498629,4
-2.752765249675633,-0.02129323345988432,0.44441584770976306,-28.95393477661711,27.18427297186497,9.68418531875318,7.778025667790426,3.4651792066752876,-1.6314072083343376,1.0496680423513283,0.986225361405161,0.8853517000367788,-2.3599960661325667,3.038399242694659,-1.14430178653447,-1.9921764649957083,9.696100482647495,-0.22274926039699494,2.799298947019331,0.9910452408598189,-0.0816057675731372,-0.16022182702795362,1.6901280429202785,-0.8472328444255481,4
-3.5114604947883663,-0.18839722961807048,-0.3218697957167933,-26.769908198292136,31.165178288938534,7.966306712983965,4.869111505227967,3.1384360315657034,-2.8911175978988126,-0.7041806350638069,2.641108809112694,-2.0764704506985368,-2.0005392624525484,2.0045526559407776,-2.5115570051784175,0.046059598965833004,5.766240938074674,-2.323227764974945,0.6433707900932362,0.5354784962927823,1.0088192801502487,0.7818597624766639,1.3487257284450607,-0.7278800048822518,4
-0.3670203832569996,-0.6945963939762723,-0.18937398808628814,-27.50090164005079,31.349387444543368,3.7868277543707904,5.545536841401188,2.431469199892348,-2.3072444394482545,-1.2969854635522537,1.746675270598132,-1.8208936878043573,-2.407100182719091,0.9025623885625933,0.3171127819221624,-0.7138498694649016,9.612886835297019,-1.55166393380091,0.13445706294137239,3.394167251241896,0.23748956436975277,1.2427198672748503,3.7546987917802284,3.7748573528313045,4
-4.083624721337685,-0.4621981639500605,-1.6606546548001688,-28.698459011716785,29.080922832229845,10.06239864021461,6.8180255260770055,3.6354057051021584,-3.255536891194538,0.4287613851280696,-0.46232734590446967,-2.9954134709279288,-2.6414000349090827,2.44627300569708,2.548118668914924,0.43605833269347727,8.593027113970834,-5.47622500541263,0.3811088444636823,3.490818789383056,-0.7618376404079186,2.5767015115730203,1.940715527012486,-3.3999595140822407,4
-0.008512317226291088,1.679611913667563,-0.9642154347686756,-30.19370822226434,30.850381972368808,8.196917611377273,5.502505161410583,3.7112907424855166,-3.762974121645641,0.6922465643560258,3.976856478729701,-4.8466601899431225,-2.9435726931475585,2.5134669716952445,2.135507645689472,-0.187968135851051,8.429583126568929,-3.6751337189130027,2.8070365063421896,-0.3509439639266816,-0.19920849995969547,0.41643044091141945,-0.5241699671679214,-0.9383467056475752,4
-3.6070197038611127,-3.0671756151137943,2.432768793305115,-28.031806812131272,28.81608481290624,11.969054289253108,6.005446277467416,4.793324505697825,-1.8063874340483608,-1.014496384288293,-1.5556320792498468,1.2646664989356395,1.4999572903039393,1.8405709791918028,2.0325740088558177,-0.03362408806300721,8.54958774425134,-6.172004576255347,0.7833257514643357,1.013308511449381,-1.1479344117863093,2.5028553729166063,-0.2306860086431186,1.9882137782590803,4
-1.2131295991788988,1.3931864556311653,-0.5660648828562103,-27.123527337950527,30.659114487591694,9.249892647169872,5.530604688381218,4.548578099867626,-2.390468056794816,2.9677648557085945,1.282016103614751,-3.478535565544064,-4.079364854907851,2.3186708884952196,3.649046071877308,3.335335140314548,8.746556313079111,-0.8348702072207175,2.865950532110624,1.1293713282246074,-1.5881271116501807,-0.22103626938204712,3.7305356155328013,-1.1794745414348995,4
-1.6786033369388065,1.3060371363492194,1.0885155156343558,-26.695924036639006,30.079206888189958,10.289511229916968,4.595717872520411,3.35495421617577,-0.8749557647009851,-0.4917356046787802,-0.2473084305295572,-1.5153756954135815,-1.826788370400294,3.209846606500655,1.7200550354837674,-0.18891790398649988,9.663115054307724,0.4132411275325012,2.585633805564143,4.450140956688998,-1.415561364911298,-0.8491357022798312,2.5411262300932975,-1.787421097836841,4
-2.9368388299039907,-0.6883520971968125,-0.32998330122262587,-28.897056252596308,29.962055235987634,9.18703751093716,8.020333423532566,2.4673082841551093,-3.4195803073515663,-0.08110296630849234,-0.5187970862758391,-0.7002358006260465,-0.981624067073767,1.804597776387162,-0.2915010461586576,1.2734796722549788,7.691261099008642,-1.1160703848579487,2.318212780499408,2.7670178125996188,-4.202384482266723,-2.179181625020931,3.0162364800225987,-2.596428257454079,4
-1.1922219235523244,-1.2029674029290933,-1.1985464673620072,-29.00633304399195,29.482188427955066,10.246799158985823,5.559247253905633,5.157121834180742,-2.357397524457781,-1.9854926402923923,-0.23902470322030922,1.760928109424185,-1.739772274242,4.3528341503575945,3.009116624099022,1.2164663496060157,9.948320933346537,-3.068273533056754,-1.2930542920832941,4.887786785143206,-3.127292819061438,1.8364753804617635,2.618228539100201,0.5410347624219298,4
-3.179420545207279,-0.3457276507033429,1.6537617386352395,-28.35556230253355,31.023597204976227,9.541390836552296,6.750966916671213,4.895270339620339,1.0139558320892093,-0.1683880176111643,1.3417436437819674,0.05269413543345536,-1.5755183972667908,3.186633976863085,0.25469864540667686,-0.511452068139036,5.568862121858416,0.7297005968745793,3.225271784579647,1.0567462448190952,1.1892827275484024,0.043262424244673525,3.2369623551175977,-4.758220857231379,4
-2.2769766119361066,1.028571028046493,-1.227893744696928,-29.66131060597717,29.808799093254834,10.610131971264877,4.8359894209685175,3.8000665981928705,-2.407338339688579,0.22283395316708265,0.041562609642085135,0.12912489891965606,-1.07189684451032,3.800480530475703,0.6333586558351385,1.0161039844357092,6.648726540958393,-2.3667983602803133,2.0943665866075563,3.413442560946976,0.042797965900376767,-2.776195852840594,2.4610333503275825,-0.8965140933207749,4
-0.6799130933947026,-0.5456823716168979,-1.0535645514435714,-27.46642259029914,27.64743911121741,12.500143498900286,7.143002965422288,3.4640964126238885,-2.5455284236022635,-0.6217820487043042,-0.3764006858586981,0.292948560896491,-1.3600844980648503,-0.3655825175979359,1.9738829064007746,-0.07407658261955419,8.419268419913266,-0.7198872363055102,2.0197059099707104,3.5867919466184617,2.101211178879339,1.8446197280539423,2.7345630589827437,-1.9580301016547423,4
-2.3920854091734327,0.135629821946186,-1.331925627695,-28.44868630553396,30.52214476158153,8.850644650006757,2.277165598981541,5.6960406391952745,-1.5212424796949904,-0.8296096901180618,2.0977193169914585,-4.969735814987359,-2.244203191835169,1.0164541972579784,2.042205770777855,1.3610365906451776,7.31619161283075,-1.4526784430451016,0.41138018474324056,0.05371446152096837,-1.2594070603033742,-0.8468278449562732,1.6693596572532101,-1.558351930919855,4
-1.3076056413611354,-1.1773113721199153,0.4032502585022826,-27.1922147631065,29.12273562884417,7.704590669520371,4.321780922492738,4.3573053539152795,-1.0427206130907507,3.140844112482668,-1.1922385494183345,1.4367993103309118,-1.2651995893800176,3.6969063524618306,-2.6482121515743984,0.9943839042973792,8.055602289398564,-2.5853681546719827,1.7342309031767513,2.5481937764027407,-1.1389508653177813,1.6135794086716047,1.59537782584502,-0.919508770834284,4
-0.07164080921057803,0.6464498490230033,1.5945855370435424,-20.13105667335222,12.619734119259533,-6.387191012973176,18.100662015165792,16.326556195979578,-0.40171101372436624,-1.0439199156609362,0.5770414216051734,-1.2878450364327136,0.41449675712732414,2.4387965453826297,3.232941651495878,-4.523174405266346,7.993623522452339,-5.528416607748397,0.1387034578280577,3.2126899581151065,-2.7190248233565626,1.2888569382888377,2.299598330122464,1.6164747723201458,5
1.2322024723929417,1.4720606638835128,0.6311819405538586,-20.62164405802062,15.589595663355112,-2.3899177654830623,19.852743683380904,15.207459704092514,-2.0873800142722985,2.513726453410115,2.310661353201624,-2.9757097007780544,-0.2465906932712585,2.1335018146222353,-0.7165846217914122,-1.4923613555356496,9.956522460385429,3.4476961929533445,-0.6446907213650874,4.663008942755241,-0.7400967829772753,-0.3375228049160981,4.561815331368592,2.8507732712419624,5
2.063382364816391,1.4005222408750024,-1.7165481592234073,-19.238792741318306,13.905797072742473,-2.1503396979279046,19.97220046910939,14.720129111173293,-0.19124376060466375,-0.7691696937525592,-0.1938661297416786,-1.394283858768972,-2.210976513893087,-0.8826515779106074,1.548359988113873,-0.6199175703644784,9.372405893179348,0.31199253216965417,0.19843162284613314,4.569476977732535,1.91029038980804,-0.08707053371784212,2.7429474451403166,0.7220517009205878,5
0.5587631772412465,-1.5652696995713686,-3.2727929394748116,-19.40033316371472,12.257835191268896,-2.3756830413951207,17.736861070487944,12.391261539786996,-1.9027635525658866,-0.11935073134469576,2.233013242143045,-1.5994880034151606,0.893814759681419,0.6986606758774343,-3.6562859472209652,-1.0825413305360883,8.367475136321332,0.48369099971768037,-0.8522471516121257,2.8904281374557286,0.2730073545987466,-0.7671602339938062,2.7485128157259027,0.44546208032181767,5
3.1059156110250683,-0.7756317055063597,3.085131053251871,-20.502595013372726,11.710639908596022,-4.1879550018995815,18.84849019063717,15.61782123658864,-2.1743290960383774,-0.9928795596851145,2.7394838386636593,0.1978753054525555,-0.12604570732315779,3.627936796162558,-2.5297194702695265,-3.3895550950685447,8.574892122985261,-0.37261404239382045,-0.19957728814859266,3.7416954178617488,-2.989944388410663,1.2641511601927888,0.9300512482657552,-1.649548419934547,5
1.3429718771537864,-0.1431882400857929,-2.3117956747335597,-17.27209666408369,12.705931985293716,-3.6761386232672635,15.341747995222953,11.405873853312158,-2.900327089887412,1.074406010830657,0.7035545687435274,0.3312610664201543,-0.4993489852148514,1.8576655121540924,2.7515789712074366,-2.179780630672745,10.20072980979154,-0.48101449598721047,-0.8348712849681377,3.2835520161763867,0.018972488887129657,0.28270254047108523,1.1771111903127434,-1.0227502303312122,5
-0.14101162788813326,-1.1725547973656614,0.14718248627997355,-19.85250505556155,14.566484287175285,-2.6733189371370827,17.47880708418454,14.254789540286339,-4.110766559583055,0.6876633749570118,1.1212506075895021,-5.013987802358145,1.8925059422279276,1.6848594567485264,-1.1690417977582683,-1.6973377713855697,7.763942291674283,1.085729132053018,1.018748401866283,2.646493257548613,-2.069462840360245,-0.10010142565413815,1.4062489389274333,1.5536103012988747,5
-1.39285999888466,1.7685313120417032,-0.16292592983290888,-18.891690613207444,13.378558725762332,-5.731498172811257,16.65876139766123,14.019270393474926,-4.012217511620975,1.4724151082449737,1.084458753490594,2.38069943251179,-2.379847244746287,1.2671679023294686,-2.708424801372871,-2.239102551145315,9.487108254273267,-0.12031909290112708,-1.5521563014034463,3.023596553888922,1.0314296538069243,2.100486531391496,2.224801907224503,-5.7646409779538885,5
-1.9863477962722413,0.7234181222872544,-5.835360823824999,-18.419428053774112,12.08815000011009,-6.839219755284375,17.383783997584903,14.834969229443402,-2.01138478219508,0.10354632098867,0.9003919119853663,-2.9273131026180295,0.0809635037380474,0.2206975985566686,0.6867985762519311,-2.9885593278980522,7.93919000879373,-3.5021892211357226,1.8119159821730868,5.8080307938935505,-2.708078209509665,0.9386306283528683,2.455978941214184,4.5530902044380355,5
1.6291259000610125,-1.9776679359140552,-0.17782157352451122,-3.7202434530820483,0.1435362007516119,-2.8977911073152995,-2.639519636478364,1.7485898321503157,-1.5383385976380168,-0.4144632618070432,1.6704768557999046,-0.40000105775794736,0.8894761957364494,-1.077855450522236,3.393036065425747,-1.5070209229759115,-0.4264635479264598,-1.7957044429169855,-0.7576315450193292,-0.7060435955339983,-1.982519005960512,-0.3402381996395647,-1.1242026052344158,0.6622611923568797,5
-0.9735468736195116,-1.0423737525939998,-4.180123234122675,-18.85177948978496,13.654801481634934,-3.8294430831972477,16.241476206889082,14.038002718135601,-2.480715941829885,-1.0504363990196026,0.7351866598687309,-2.871684722209295,0.5593390792913056,1.6593392977478132,-0.47173629277381224,-3.3801886323955515,6.282405647381665,0.8903824137006495,0.4468481644505644,1.9473974340103553,-0.8555163347747907,2.0999428835218126,0.5472450243921116,-3.319676405962184,5
-0.7524137131362636,-1.5238670197277673,-0.3289342361376839,-18.46422406102542,12.11950624547029,-5.496288813939998,17.212336319627372,13.341213471149217,1.667883066583613,1.000016006815045,1.2970432084715071,-0.7381402146000937,0.23951885130153983,1.8119186752113023,-0.7612630466093719,-2.347428519753919,6.156977489903227,-0.8069077082150216,1.0053092820871399,6.299569740122948,-2.298098491961639,1.3876803372068949,1.2452542840605219,-0.6377548811548763,5
1.6670002582252437,0.5183050332295989,-3.121896440738567,-18.49314048124998,13.791766844045696,-5.394014218705308,18.946227783446517,15.169721307952841,-4.210196253711274,1.6775278071754087,2.3523365445371667,1.053751527260431,-1.809034946907957,2.3835473286211055,1.1447340855668813,-1.6963873421509987,5.8683777247642865,1.9260585396198167,1.0161694317641228,2.4895690054916457,1.0097422609636624,3.3964583974985985,0.7000955733218746,3.548088994782006,5
-0.1377504034952608,-0.15269055239755147,-0.7406576535319687,-19.004768603709152,12.303036253777748,-7.6094613053675175,20.691793251384563,11.795605047303411,-2.2851440562246808,0.2616906892941415,0.5971306875925109,-0.870864255050094,-1.1516103515627663,1.5436831449621735,-3.272370202249533,-2.9039892432442187,9.39711136402832,-0.7904758565906604,0.01734584815257989,3.2862664580886047,-4.471069031589764,0.806278512255723,1.254350545339591,4.184739031900222,5
2.3358240389582647,-1.3346362466995607,-2.767331618640867,-18.959834445729186,14.005847557930565,-4.0134040383726415,16.76939514246634,12.972661573038721,-1.2781574640743543,2.887708474690129,1.3775383057742658,-0.10478521977012178,-0.4833304465456365,1.4342715929127081,-0.22601079742241836,-2.9388766969017013,5.552358302328088,-0.4854044426960513,-0.14134205409948208,3.697442223044149,-0.16981488340854867,-0.0172968277736274,2.6401861359610734,0.7901665486475054,5
0.4722932352605653,0.9034180740425541,-2.623449854509431,-19.330695081478012,14.491412149696487,-4.253001686889661,17.990435840556632,14.90936006544274,-3.0350209088211955,1.3077537214875719,-0.24341036835434693,-2.121158300891125,-1.4607070202031878,2.6634571167269243,-3.3643512874270414,-2.4514105562236708,8.937199088946983,-2.0420859143006282,2.2951740698836467,3.646266785358563,0.33104391714294934,1.0937892555479323,2.205254259204594,4.21582686066148,5
-1.0023201304996405,-3.957125037072494,0.015123949974849893,-19.172415199935926,12.815477869922347,-5.098351277484596,16.97885220463093,11.763838195524414,-1.4277377576175354,-1.0393058270069488,0.20876212417778106,0.050927228971374916,-2.097225403660815,1.443366984233684,-1.3105236098340356,-2.9744413473552953,9.972676491578,1.691719912154042,0.7892010082745884,3.998528821436139,-3.0562965353015557,-1.278112399001941,1.5183766797097462,0.43033917043061365,5
0.0378986128721408,-1.2386633726806193,-0.8324269660496384,-18.78662355600784,11.451639708643711,-5.201288200826696,18.492562743141214,16.09252803308806,-3.6547991993065807,-0.20609273546304507,1.4107928549647113,-1.8903255493710844,-1.681294054126596,2.6340000071807026,-2.2881595000524726,-2.3428134161488146,6.250774605729703,-0.07038416024414573,-0.5899842117447278,6.460293368516616,1.8684563137422288,-1.0626817828561812,4.648150250327163,-1.7275206663376252,5
0.9197169855036122,-0.9102923447460121,-1.3751229358513228,-17.27535503004276,13.699877974427807,-3.4163977161246635,18.811702993575917,15.464427447150541,-3.079690993088377,2.013908050261037,-0.8048597627530114,1.7720907689442242,-1.8517949207705442,1.7387512247077836,1.408198302947028,-4.977518026705859,9.455075858138002,0.5818059800096762,0.7913734041447462,4.488166923005281,0.6083056701389182,0.6934725804394475,1.0193718565515155,-4.007567776640542,5
-0.20046477222052772,1.4954091072352311,-3.427622836427531,-19.507301500553666,12.009009772805257,-0.08578035518536353,16.96663535743989,14.643430013941241,0.4219755980898299,-0.2644633584690439,1.0054579542338615,0.09604690206606392,-1.4722461583757251,2.4613294132285404,1.95023208272994,-1.5981073908741763,8.544080029518085,2.9052238161946775,-0.01767686672983615,5.370247560389046,0.2274602973218407,-0.361142253892929,2.661635250039936,2.2570571029461917,5
-0.8889726946389942,-1.4227358335823048,1.7481019077219457,-21.43883907349209,15.345933294373594,-3.5245918101309712,19.542562803123456,14.57257314110646,-4.27020223570895,1.8263066518102846,1.0123825584167037,-1.3458772906129184,-3.7846914891034373,1.5941815757234465,-2.994452666545385,-3.480098201630959,9.235845323657827,-1.5147226661919149,0.2646762539618024,5.527441741114984,0.9427218205383383,-0.3034509542473103,2.7232637177205703,0.9736862279285106,5
-0.6059430641420249,-2.122645280857444,0.38305265428408575,-20.367391961697763,11.543398443575484,1.085891212705576,17.632200756678866,14.094472002814626,-2.321064157062551,0.9835910320024084,1.2890345536310974,1.4365743010513938,-0.837359429683346,1.7811053562078811,-1.3297953361403074,-2.196749596850431,9.57942039303353,-1.1093428728607932,1.3248570267690667,3.152283539923218,0.5883766697677402,1.3985407596088422,4.536159811028696,-2.0685032605471747,5
-1.90761335609443,1.4510199560838675,-2.6492902064254054,-19.154088434556158,13.24539760731102,-0.9050791744727462,21.916499529188712,14.578953110086246,-0.25453147315062097,0.8696993855611055,0.39296890465891465,1.3268498264508821,-1.3176298706609657,0.9326876063283009,1.4038155368447747,-0.11874083637226107,8.759097881610842,1.1047832859786126,1.568522585597023,5.65517873979816,-4.27352096019024,2.209626573657644,1.9839886924779648,1.8889083130441122,5
-0.19367635100388725,1.5304318356568019,-0.3328737378698179,-20.803546043292656,11.434534481824926,-3.882003245633598,16.028761672457517,15.535965096728091,-1.426646830148286,1.3134560345266664,0.17496155889836018,0.02355326518812717,2.0092471813354678,1.1437736171533288,1.3700933368394885,-2.5072017534351616,5.19018733981747,-3.5510238086816344,0.6154453383571337,1.9199752496919302,-3.3217260570951908,0.42523719518332115,1.8035822894758127,-0.8937630880358256,5
0.14921371611819723,-2.0416045721839566,-0.4870585401711196,-19.420560656379465,11.831863655193501,-3.3482895795031595,18.927901549276303,16.3917126199712,-2.5991965862286293,0.3386576473185272,1.632744010821483,1.1866901573774271,-0.8779473114706775,2.913366302766505,-2.0840461447870666,-2.6642611873161357,8.288466590294718,-1.4707031725019988,0.4302868237042752,2.160655070861665,-0.5815479946217579,3.3236988917563153,1.899552781601443,-0.2772632415903331,5
3.1003482933903683,-0.3488443676972306,-0.10138633596795898,-20.017301454984448,11.77212984580433,-2.9457604869992906,18.29912375748061,15.870442420372399,-2.1261515063802108,-2.200618154672398,1.1444640174275946,3.250584161681388,-1.062157944623408,0.1065341661549013,-0.6738838188891236,-3.439374578760834,6.146928258559512,0.7458339854802034,1.1372553245234194,1.067216205165522,0.002102399317379877,-0.31078101069240205,-0.9528882725226708,1.4274730865346328,5
0.209484110145695,0.33273933953289725,-0.5161852071766475,-18.920740026551897,12.18548385468182,-1.359947901936664,17.6932867433384,14.043297835544024,-3.35804209934372,2.5784779119017998,0.19464351878417574,1.5568097752366157,-3.047720837899732,1.547755360184837,-1.5888801567797373,-1.1798715499257142,9.163490023928262,1.6420166645314112,4.155581280358845,4.656356959968818,-3.269164265213533,1.3878159609143808,2.0914994689114366,2.382104053066371,5
-0.34027852937902026,-1.9334145377664125,1.1797916646418116,-19.94820507356829,14.095976060409498,-4.55062277953499,17.63260794367898,15.794429153925506,-2.0444596505138293,0.3003772431111287,3.823827174950253,1.2171274784146249,-2.0388496955425524,1.4978015577222195,-0.8304620830824092,-5.0643965969863345,8.239191072075869,0.7543823871876612,0.05806979035256532,2.9971267251408733,-4.848187614336837,2.309536191224062,1.4777885976939729,2.7349199003337503,5
0.7436526538965609,-1.760066091744619,-1.9795756852503246,-19.076847208428916,15.041727433562471,-0.3238272688502093,17.187087485716464,15.94578512863211,-0.6842231710437545,-0.9061378213873041,1.2123357601939801,-1.5567840797107237,-2.2941907412156297,3.569159312390738,0.04336413629505387,-3.192722709207054,8.385663391942046,0.46901889383354955,-0.9513419360337423,4.6089803945965855,-2.23459497456912,2.0689925875427306,0.010640984582835245,5.236615738675141,5
-0.8740385242310822,0.18599736075595652,-0.8118361346900542,-19.094361515787597,13.772904357081245,-5.086531170460432,18.028037335669403,15.750989162807372,-3.194009343625737,0.6890219940600701,-1.198798212250182,4.32458340606064,-2.4910240108441144,-0.1938732538697181,0.6285407681707511,-4.028514498128153,10.083718386551084,-1.6279588993119205,0.48811492426259306,2.7336423675400425,-0.10323709976347573,1.5211194072741492,0.8009574601533131,-1.355865116722896,5
-0.9630886238758194,1.2416987818830225,-0.8919941301298309,-19.52752826134889,13.794621480397666,-2.3275068878582488,17.161702986671486,15.266916604434584,-0.46696560489374406,-1.9285814115083326,1.064504041024179,0.38951500802085093,-1.6814299885334094,1.2469408929748056,0.42158687539819084,-2.5644869034711775,9.42738050697318,-0.4177250987604566,3.2158076534703355,5.54698947198807,-3.0911181414155067,-2.0241743748176546,3.7351193273209304,-1.1828453070863247,5
-0.22796530745176824,1.0854949729172934,-1.201417883686986,-9.63728581569221,5.2460728130078,-0.2888895144910748,28.06886745414276,31.933038082899458,6.841142959802369,3.5929574145149985,2.2227715556284124,0.6751323369234683,-0.09197811185421756,2.6169068992235935,-4.542707517873623,-2.4123471815705457,2.48434978032887,0.9669114636733411,1.2402060357003606,4.703135125760227,-2.2923104060241144,0.7024699709793794,1.5048045445784197,-1.9704968455037601,6
1.7076373967646532,1.6755855668961261,0.9170121374350515,-7.840543770837712,6.696528035849724,-0.496514490187451,28.189953307633125,32.757160101843,4.6206503646648684,1.4348582840312076,0.5859371840529946,-1.3997108772928755,-0.35423711964904214,0.18038987939074502,-2.3397413197507717,-3.437369921308907,3.0464762506961733,-0.6274275946287844,-0.007034115407225983,6.329513622715652,-2.2522302759778086,0.062288463195599775,0.9216370464343271,-3.159470968806886,6
0.6915736478914596,1.5353593107499763,4.07987149917858,-7.056471623278441,6.7828618777172665,-2.6990433341318862,27.56429717064136,32.71100410150717,6.317935349685001,1.0801517795891726,0.8843071311153494,0.23208112041822915,0.4914590180683547,0.10722386500854952,-2.9481344822667097,-2.4119403622312916,4.538055870919408,0.5264986782165693,1.2092555567538987,5.360282211372947,1.5956792561117936,-1.7975754463574916,3.865167423438294,-1.2871996269393549,6
1.1032875924085488,-1.5299349253296426,1.9767760501365501,-7.551675772067242,4.826481052588235,-0.19209593152305615,28.63506631234346,31.509647229224726,6.566719286336593,1.000740418792418,2.231187005642539,0.746533251180324,0.19295479366226687,1.7270872008035525,-5.339012736738596,-3.320899722483439,4.4369309184218935,-1.7167664651304335,0.4086218526849166,3.487930432902374,-2.868728382507072,-0.082010162767709,2.6194211250410007,-2.2898043091367413,6
1.717004221920206,-0.37608877169924454,0.5258758506261643,-6.4078765296764715,7.8082903113728435,-1.174983054596396,27.59022495248432,30.85236098483668,7.72876591388183,4.705674009918752,0.2947609896419294,-1.5376818422337806,-0.381795984052701,2.200979557710639,-1.274284677358196,-2.5076413226926633,4.657790870632198,-5.423644768209556,0.5374456707018389,5.3084274537791885,-2.896323868004515,-0.5275296506578968,0.82593730460475,-0.2683980370425161,6
3.3619793162623353,-1.8395729206029232,1.7590826211649073,-7.523440163107622,4.366978624438502,-3.948454938655061,28.39954621272083,32.47847045760338,6.162440777118945,1.4621421242969603,2.4686080051609167,-2.3153747354217558,0.39766201271274326,-0.8192475966370694,-2.4413617617226464,-2.2246107014100076,4.196111462071144,-3.07261791384542,2.602965818310267,5.2892884029890865,-3.331918052155004,-0.06572022133384081,1.9686515435267467,-3.6128065262871587,6
-0.4140799751112354,0.8397936856282815,3.9331466290922776,-6.785794376079991,7.019741528540976,-2.674287198579748,28.3292284998766,33.27136843720163,5.316209573737638,2.2553103052891146,3.256074891517301,-4.517680096794095,-0.02804105152827674,1.3885358667849275,-1.110250955020092,-2.3927998407977356,4.456882330571034,-2.6744775804884853,1.1063596975059404,4.619378341467851,1.3976999892848312,1.0475373706386861,0.33697775655213036,-5.031747696129514,6
0.9771793210125566,1.4325991636185686,0.2247307648124206,-6.40706204175315,3.2298331254636423,-3.837421605174427,27.19913862655838,30.763311368502002,6.941657781679112,2.2859880903426273,2.792224274647964,2.350293541541987,-1.5127020606134352,1.1151423894270351,-4.5335084427357515,-1.8640672130326479,3.2862066852001988,-0.5617375825212889,1.9604774836890222,6.105940098551258,-1.4294258293043072,0.19952843202624138,3.7298260794938614,-5.260385060029307,6
-0.7020007448501815,1.3884814885374714,-0.9618326079075246,-6.183757458924305,5.009736678869672,-3.7686584039053628,30.474840658155692,33.17077722471757,2.524115835889347,2.87947417197951,2.06163785936144,2.595144908508587,-2.5621614299793976,1.8895760743155137,-0.9459974785017948,-1.9806733514432509,3.758469092736078,-1.461628299212009,0.014821024001488325,5.58073642478719,-3.3560167755535417,-0.44445350156751573,2.905846160612626,0.278460806592534,6
-0.3787918367000884,-0.01025161147441464,0.7510004341510239,-7.100182992995727,6.171458549671797,-1.9693123362264373,29.179410844132008,31.81168385639438,7.4547817763942135,2.0544044648598714,1.4518657303888745,1.942954271135818,-2.248583165233754,0.30975758693237765,1.575617500685496,-3.0840220566832315,3.072812064468792,-2.639870646894849,-0.7883916052908617,4.200464471739508,-4.6242645473561765,-0.6985712549545582,2.306252886742058,-0.770782965059766,6
2.0449636813199277,1.413323113467365,1.8948683341881747,-6.322761485311375,6.857118243048831,-4.114903139968305,30.873527143101,32.48593873036921,6.121704974835211,3.834179540642907,3.386252937420153,0.4813214398557193,-0.405144955458411,-0.45178130958514373,-4.362904934843755,-2.4256508640617938,3.2986946162575634,-1.7182956857806175,1.5560882118881452,8.312906329539231,-3.838263167574951,-0.8971680953771752,0.7883355264103784,-1.3027515228403672,6
-0.3839433143584188,0.1954045266824595,2.6070706428084236,-8.199053953075989,5.414258306856823,-1.418516697395546,27.784342558979617,31.740821653340106,5.1083772442162285,2.984539827579937,2.5067520641479177,-1.903205402356491,-1.0660917626292985,2.576182057721681,0.2872202838885869,-2.054790539012295,4.439779630773415,-3.667658489796395,-1.2890253507864138,6.777478390240759,-4.056823516707084,-0.570832854672183,1.478469697425922,-4.3692512035796085,6
-0.646208453286647,0.5159022060152643,1.092213442979812,-4.886699073826151,7.322723523998377,-6.33319626006346,28.75303006181045,32.18457931725678,5.813132656184223,4.238026036258319,1.6333622875642106,-0.2731551712514033,0.04051105371510744,0.9012053360055248,-5.596556682051073,-0.7756510608380225,4.5664291403932395,-3.320101884522046,0.16251369659288883,5.887115661897468,-2.0463606548045163,0.44685917270028597,1.3357999851694018,-1.8228892303047246,6
0.3456878593061674,0.20368503164597673,1.4194069802129547,-8.710138075539575,5.003625623607718,-3.1236848561553643,25.936694649530374,32.79842671666202,5.549661230579716,0.3625943747819136,0.6756669971583449,0.7482873629062397,-0.07840437641428366,1.140255518503409,-6.425709309711237,-0.5478674572561175,5.012766022971533,-3.823590002275239,-1.0939573642506026,6.849966344773165,-2.0093550395702096,-0.8092045665067147,3.3933124117615137,-2.0434299355065946,6
-0.442454901648091,0.75916017320577,2.574652689524271,-5.159412944742044,7.374441926015152,-2.8545335154808527,25.514794822065163,32.790959576222605,4.446754631491785,3.0532273977289464,1.7410074103857198,-1.4119788608459203,0.21101099516553745,4.686635671141033,-3.89577471399042,-2.100945077335197,4.017064651696586,-1.0912969363108118,-0.45472635992400967,3.3911429672588014,-1.7323174595892397,-1.1261734273918549,1.9958001605419184,-1.0642589420641002,6
1.1969623065099881,-0.2180796641871976,1.204121899083134,-5.977285343429216,4.404853866369649,-6.47577134711446,25.85687602233255,33.667881935085006,7.625821837550916,3.556441744498116,1.4066593238516987,-1.597909815446826,-0.7400333135961148,1.0518846041304855,-2.8835272227838686,-3.97356893347839,4.742224641135607,0.7796694683926262,0.7053637076676011,4.990508898981204,-5.760680330992329,-0.15721366046881258,2.5499186319896125,-0.7626944812061538,6
1.4023479133706473,-1.6776272485191595,1.11038907730358,-4.016291275438803,5.63647637414681,-1.8026449607049813,26.07787181919209,33.26403364086573,8.505575040101462,2.176577525626584,1.979103345499567,2.2351011730907544,0.6217786047747325,0.7916572385072485,-3.6874978496839503,-2.335786041743141,5.756794658126012,-3.1389867694556415,2.010296333899909,4.0072980341157916,0.32940493594952613,-1.3611504936390233,0.5688334614336128,-1.0248379917053398,6
-0.16458286613396922,1.3526443666699848,0.6033980939360504,-9.12579560921111,5.290876456558067,-0.7247134228179561,25.597329092114386,32.02249809852003,6.742146311488568,1.3606027610400133,1.9096034001826467,0.043084461057389944,-0.0944209404166827,0.5015674836863013,-3.721001510688609,-1.12764131095512,4.0451631801141446,-2.0660849979446994,0.576133368928005,5.658247296501813,0.3158218795298353,-0.05295995541388265,-2.0176819600238076,-2.021745801553948,6
2.6309808722445496,1.3060832455384832,0.8828435798753276,-3.692128648093501,4.638739314704651,-2.059983319726541,28.99520179079903,33.763582919711894,6.4388183212630565,2.4167124975559346,1.6511404476939617,-1.4485557938652391,-1.291843516906738,1.0687168056437173,-5.001966357752792,-1.4367368058425356,4.350049030563099,0.07184578321692925,2.2291197400676097,5.619695130499437,0.049722351903312756,-0.21572039739679383,2.304626361967877,0.057922089866337956,6
1.8260124033928946,1.9249521123845206,3.3667955592924272,-7.588327908132001,9.003405068513757,-2.028225070866597,27.351445897868487,31.982721141970444,7.750225267229553,1.332231663009253,1.5580213882650185,-0.8445423318848952,-1.2432429619010748,2.3403907452062143,-5.9627347268492485,-3.802936247467528,4.313536018751535,-1.6287304052287368,0.7515179439217086,3.3068442473952615,-1.4314017941568977,-0.4697021473327254,1.1991057389894877,-0.4330835375197921,6
-0.2691027542048232,1.4495674872797601,0.5008973095928582,-5.7709539263972545,6.765897749818521,-2.8749036260401795,28.601129230959017,30.298376963343458,6.889753926687604,4.020965650256514,2.059599809879302,-1.8872193006968132,-2.1912997240440575,0.7869064283415028,-6.1453864364964375,-3.2739308498607684,4.823265533585555,-1.3402995776693842,1.6516537333355146,8.588065248791665,-2.3873534951873694,-0.5348607324107562,4.2395576242301445,-0.1391824409859055,6
-0.09440273785514819,1.898345780720007,-0.6655127792699318,-8.11298906635281,5.7678819999864,0.5842781880241432,26.845247255819586,32.684397095555,4.456398158561569,1.2685684289026966,3.7819560486113346,-0.3388608426050155,0.07268401022491844,0.3070420195981711,-2.9954410091066848,-1.0554245831244202,4.059280225106704,-4.003833529786846,0.29242301001918847,4.177794571682526,1.2879783316915336,0.8585779813879384,2.726387514830833,-1.7749300691763779,6
0.3482730157770675,1.146445234676296,1.356987955361376,-5.495657567572394,6.866075193655149,-2.312061939635953,26.760541725463085,32.786617601489496,6.0376110403489065,2.1528206025551953,2.8181545360441476,-0.743797178242005,-0.08722713252996073,2.0737841873515066,-3.305773791558636,-2.015967308562331,3.55824015566472,-4.0623056513578035,0.5740970265660721,1.7530896324746124,0.43057109408192673,-0.47268921409358455,2.6924534731214607,-2.3539770038306074,6
0.9398557844202173,0.5661285122832576,2.0201342928101553,-8.027604241763981,5.508479078473783,-2.109692422305386,27.310586753131204,31.179647566160924,9.781492003566541,1.12997082485019,1.7396483424947462,1.6400684958070428,-0.27998873583788964,0.7864996331677503,-3.0447223132374006,-0.7218946162435813,5.3821312214435295,-2.5275198378060963,-1.016309947087187,5.281958474275953,-5.0324863143156335,-0.6184808297135049,2.541772717091945,-0.4422760948763198,6
0.09388340048087684,-0.6824688135531225,-0.0641263974560502,-7.301358271879437,6.7886975567154195,-1.5260490708842553,26.790676531513526,32.951545502675515,7.947326373484884,2.9264417776393685,1.5999632010478422,0.07703113787260918,-1.093514941185589,1.8689438405447802,-7.181716605207498,-3.9504926421567603,4.715616930931617,-4.223265908357291,2.1478074448529867,4.838879985274417,-0.8484083704879026,0.7486240622404665,0.963447488638181,-1.3542168360916662,6
1.3880902113414777,2.3402009965844948,0.5212707342782323,-5.960860658602613,4.908472947340442,-3.0860224915927006,26.02370920772698,34.00724763619945,6.646663106375115,2.654271109257465,2.448244495236196,-1.0560980821146586,1.1725031556001966,2.0906172967972196,-2.699346900076364,-0.23578638006017627,3.8057058434121984,-0.7925729301067577,-0.9397488331513948,5.928518936088366,-1.6160237794068166,0.10857743593801672,0.5473850861287275,0.875025493915814,6
1.2770457755383404,-0.0027855479372059233,4.449775836927813,-6.386563094540534,6.360283012562377,-1.0751212536560502,28.027328753020598,32.66811089977409,5.877296181795771,4.745174226579749,2.283860455957182,0.11141804110894782,-0.10378692323186556,1.0976308369356929,-1.2272048367456136,0.450004870315432,4.12987119455488,-2.7092950163270757,-0.4901561444312428,5.364356563516523,-4.77077631913221,-0.11350341272131459,2.2262988343391044,-2.7849743569485668,6
-0.35448861791030595,0.7829158423950262,3.6637605930523023,-9.347739839925097,5.375308072879534,-1.3850160191043415,27.395156956454912,33.95484623421362,6.354511150377903,3.1568038058735226,-0.23274911568100265,-1.9594973260520305,-1.3515689995539901,3.245549759049325,-0.2616107685894917,-0.9659678747255427,5.862132044451499,-1.7715192810329654,2.2407941083951712,5.5018656911722275,-3.393901517979714,-0.26350307095205494,2.7015480842418924,-4.167988825318503,6
0.21048898135882155,0.10296106699580837,1.269174328558563,-6.015160019197211,2.5304635551069623,-3.5704529203521815,25.805157389017417,33.580322874595595,8.017410143546385,1.744767869837247,2.5379724717633394,-0.3500287296065494,-0.6031967740298967,1.7831505947890633,-5.186799646161262,-4.694519868807639,2.348059339704747,-1.447172274351658,1.2897533036314393,4.225714757306719,-0.8151174487630328,1.120704327475508,2.592271313559536,-0.517845958864541,6
0.43636998655534853,1.6420561254531632,1.1388635795217965,-6.664844631764808,6.441325244471727,-2.5304008222894367,28.805156917790114,31.7591470447384,1.48691435580065,2.671237988571349,0.703901487600433,-0.32550010881328717,-0.5430631429407242,0.18554951463250546,-5.32367990457476,1.2203676897971931,2.858738696896836,-4.655590900403411,0.332739967173616,1.6617307330517264,-1.4147554633364052,-0.1679366881771216,2.156253570280583,0.7515146136397561,6
-1.6698720319242284,2.2873954344356884,2.1088285105438445,-7.267016592655935,6.9206444345876434,-2.7761267319065723,29.010133783075247,32.88611868741816,7.815927734927868,1.4424588732828312,2.6487414484495844,0.06082729812607113,-2.3273154236118785,0.9018837617900886,-1.9972197282190223,-0.9574149506168226,6.240462768831094,1.0150887495365737,1.2320609890347036,5.360011757967342,-1.849693975249636,-1.1628245139833382,1.9064794832118537,-0.4554292815190024,6
1.412124751164015,0.871151152371284,-0.01682442753946134,-6.732987256011413,5.843767755430463,-1.4051586149046784,26.704070664619593,33.554938767376996,6.368961458370677,2.3740882751327774,1.6966161822147399,-1.4030017216879855,-0.6984930210029745,1.159259121648951,-1.3531277380200208,-0.891306699243664,3.872223958977969,-3.5791803807042584,-0.04748684816659221,3.5682922678124953,-0.4809252504369397,-2.0499294356263533,3.1167964338070817,-3.81013832333889,6
-0.23285817280105903,2.1373955068512838,4.384507795929835,-5.55728602144417,5.6017319595540584,-5.766416867078817,28.796062395564206,32.746976358404964,3.1949266423708877,0.586983515743853,4.893988425414221,-1.0878560271796687,0.12100816711122775,4.00681675223106,-4.086520513887876,-2.3014429263982947,5.828196414723351,-2.0176780431405064,0.7467665278922766,4.738972055840989,-6.779272330029016,-0.38119538140613685,1.8022263891989354,-2.0559097469548533,6
0.6230227164010671,3.694544912595035,0.8962106657421032,-7.174981052243467,6.734665646099586,-1.7991446083029246,27.634885620835853,35.058875852558884,7.663282703244818,2.905943824664618,1.952630865450601,-1.89751170604535,-1.8018400398360939,1.2250966434393291,-4.374074644614666,-2.830854860262704,5.452855763983621,0.5026183833477376,-1.4354956442025717,6.927069717062196,1.9756575706798003,-3.3878469326657523,0.12942070663255834,-0.889932648671163,6
0.8347822439612855,0.7952687905622313,2.7485437829208195,-8.515476428485172,8.43747958774452,-1.7485531748770882,26.534116500623796,33.739693787173366,3.8720867345477927,3.1737733399405244,0.6185163833822287,1.1102973141221923,-0.7215713249657654,2.3653683541415376,-1.903708041505638,-3.1730711828034046,3.594215422893768,-0.42574042825083325,0.9981695752726836,4.85707118908654,-2.735354966659372,0.16722020738703236,1.1479275740542647,-0.7467016960587785,6
1.8010058209860063,-2.0620670323404355,0.3490287688246667,-0.6017752697975851,0.9034085334324686,-2.5852737037342877,-0.46554572801028016,1.437244736615071,-5.413537324792799,-3.3805381507700076,-1.8934477061279154,1.5202648042020428,-2.6417239852148384,0.2647056418717497,1.8611265095850058,-1.6290868714622349,2.229648443852284,-0.4555953247617026,-1.5348407686328223,1.874744369990296,1.9539407031035125,-1.4579101614282592,1.027009056264049,3.1801354383931653,7
-4.1871883779676295,-0.9116145419535089,3.216018360259227,-1.4401477169538452,1.9554460305602106,-0.6455478537714043,-23.707266070322877,24.626837703929084,4.775422464914925,6.668782819307921,1.8120293568051693,-3.6070743888745938,0.001126588570855347,-2.715747397099072,0.6057963729103903,2.646930798284565,2.74670006468088,-0.7076645546471241,-1.4232569173752232,6.812800494164009,1.794941966890292,0.7770214667687867,-0.7466550402057521,1.2073374818834282,7
-1.1760504699986996,0.12399633813228111,6.8433840111094355,-0.8367526018652995,0.03191667403092424,-4.241605369325669,-23.94699455508076,25.28290150527596,3.3643782500535053,6.557742733295299,4.440894801627195,-0.7775340360747691,-2.7074255553373234,1.3043896371833696,-0.29081244752580915,-1.5179096893725443,2.1180645649769474,2.900656249448218,-1.3154748641829421,9.887594604078132,-1.904911410646207,3.136026227096714,6.21348060697683,1.2255189987810127,7
-0.06361057996139152,-0.06808506872858713,3.0874550118429624,-2.053585956418246,0.7630475035788322,-1.9107367976256455,-22.512288721576653,26.36289843418575,6.1777121394235905,4.471724320286668,5.805151274667907,-1.377174177212396,0.47787020556395987,-2.3406793573991465,0.24049676486106364,0.24774615271377343,1.8367938240709236,-0.1054040996839376,-1.2057909548314711,3.5588169145542707,-3.6127081685470444,1.6863876049336,0.8315360420884161,0.7272765903392724,7
0.7508744435026529,0.595308640887839,1.8822761374086099,-0.46127816399632593,0.5903803445802964,-0.8812010569847644,-22.346949185211848,26.28335414586121,7.455166332676868,4.496159462009743,4.1935655868320225,-1.5541249270885942,-2.298960379622372,-0.9499546885079653,2.2923511012846802,-2.00334078399527,4.367791121953417,-0.2830151615740988,-0.3473296438708786,8.249134612208778,-0.24004219711042651,1.8942161094010572,4.75664725173344,-0.20545813816755754,7
-0.8464587206261172,2.330829067257211,1.9968196275810328,-0.8211429504119394,-1.6270424859927743,1.452290590312714,-22.052650707585894,27.08384981485071,7.464367617232199,5.312403471726782,3.5710348731681165,0.5748187173012411,0.2921705079227479,-1.1695923702877806,-0.29562944700444405,-2.462570718480521,3.23145682439349,-0.14372683149593968,1.966335728882708,8.914699626525803,-1.7369401474338702,1.9426782409530716,4.434385507022782,-0.6574826549679074,7
1.1908265654271304,0.7936344302941294,4.426450400788838,-3.3154861997027325,1.7933597439722462,-1.758532931366119,-23.01332953410786,25.619418342141444,6.4626323407899235,4.198873317045454,5.986237598263585,-1.6478585773996883,-1.2968812487850698,1.243981537762913,1.4483072763853784,-1.2715305171639244,2.9128610141117406,-2.8775542826237483,0.3075118387145004,7.661486546719431,2.290115384063597,0.8573834432197032,3.5043864515487115,3.8548867408447904,7
0.8739972948441732,0.7372995881527322,2.417309543799945,-2.7718202576789395,1.37784750711387,0.8338313220276063,-22.533193643630476,26.537470331942757,8.02588812725412,3.893851173159348,4.1601708915328,-1.4886421030996644,-0.48321779718898483,-2.189185684204027,1.2341227889260722,-1.749901446036155,4.431861658709295,-0.7764330585181369,3.2582362255597594,8.013341442401796,-1.8521377356338462,-0.2815297588502972,3.817279803798357,2.1164272184766446,7
-0.043791843328335744,-0.19718002401326,-1.1750214302438735,-1.3566629292070616,2.2665782078527172,-5.291513043295197,-22.389437995807196,27.096067699863795,7.730008000301041,5.440411572831934,4.4639755635668905,-2.1760889666106777,-2.6081941288048824,0.6624435505587414,-2.881198692355781,0.16480458821424548,0.5724510870887798,-2.6033662987613297,-0.901990199334989,7.466554826003048,2.4767085286832184,-0.5234304143292121,4.398006627561969,0.024716041254862375,7
-0.5140149447759654,-0.4506190485490399,1.4177650152012689,-2.065667161346127,1.430240112856609,-0.66022542796361,-21.004686778193786,26.155342640872334,8.67874167270628,4.184348441214709,4.388227592916792,2.006671446373616,-1.666792449537155,0.5260187808076537,-3.025728644323067,1.44665934891502,3.7920859035304204,0.41430492556526133,2.6728966681364383,9.084926055908397,-0.6101562361905621,-0.26958506484908185,4.831173076232787,-1.0803822170614694,7
-0.7108497195700352,-1.1875873404606483,3.8592299252337625,-3.9624557938382736,1.580652169205564,0.5631387469957758,-23.437537436817685,25.60991250320353,6.231143226589495,4.674531537017259,6.1043372424369124,-4.580982936668704,-1.864030926320595,2.385610973444564,-1.8085064840872178,-0.2466431249558667,5.95005516169644,3.629062094020128,-0.15796289846149492,8.192798092803457,0.6615995933573231,-0.20904149361857094,4.754477417406605,1.4550394668240187,7
-0.24360911069879876,-1.5207095713313419,2.3759174616891414,-2.7266176727434157,1.7087979929647759,-2.265746485921113,-22.08522976936593,27.719961927871225,4.109211610268119,2.8411356403472894,5.43361254799936,-2.948084656037281,0.5175066984010357,-1.9281450630981212,-1.8978640241661537,-0.21284294114614966,1.7201884779435659,0.4112348848236138,0.12493297252399671,8.467820663383307,5.346974686152862,0.9537633749155816,4.062167612343501,-2.7476654124534434,7
-0.38886212213475346,2.2891547930510487,0.4361859224764544,-1.1873876471196922,0.994230420142344,-2.4503614838884005,-23.342650528869058,24.12294466900704,9.19297183987078,3.994576158963852,5.826871643066141,0.4324663119084562,1.7468284017292888,-0.2469232366224361,2.2027823685181147,-0.4827075145601185,3.984577377940923,-1.9951898524766989,0.23081558955959736,8.174880318206007,-3.9872139771055117,0.11525688861836159,3.323437208495136,-0.24028195369879768,7
-1.3628394794726546,-0.5060036758437969,3.104763090798599,-1.8359831549874315,-1.4952380603086795,-1.5953716803497855,-20.098442239813238,25.912087591801168,5.106561690248952,4.990818640730637,2.5686822716895676,1.3984940334688645,-0.2005927938748755,-0.526425297456548,-0.7702033608547936,-0.35619119828864143,2.8599168135010586,-3.3052702366060203,-0.5109045185416718,6.844292818924075,3.0835674717421853,1.7010487983669975,2.222665976822242,-2.127884525902573,7
-1.3394960592282246,-0.08912570389687097,2.656894736726258,-1.8267528442107732,2.731914436995851,0.036867033946066385,-23.376994657007398,23.781406061094685,7.656436858164739,2.6762029474872406,1.9139744726670074,-2.3523956989265002,-0.6591447444590415,0.49696805907382924,3.7846481055356094,0.9529491615812731,3.015212787058772,1.193293283040191,1.2246163664598164,9.778727342010285,0.45551248265667255,1.3062980323895914,3.194337710419532,-0.09551479315382494,7
1.9117775594440616,0.13906428156395578,2.3614653585447627,-1.519965068558335,-0.14116002810425243,-2.5843951565146313,-19.73545609311075,24.149144534563987,8.169561432851879,4.203351982220397,3.131353032038504,-1.3600844439332604,-0.8949327221350813,-2.927648137502466,-1.115140397981861,-1.5840197635150801,0.7483769572678511,0.3737833815360432,0.9343902992145345,6.050038346787019,1.6260953324957654,2.0243975143088306,2.6787754302565645,4.0971044822456975,7
-1.2496219849741124,2.3768471222441825,4.4632469498997125,-2.847025402086473,-0.33948059468724523,-1.1715954214237172,-22.680750287310687,26.642130062327567,7.683357366640109,2.801905514609345,2.534743645439022,-0.2383411528292072,-3.1130364123040692,1.2481908266232438,-0.4176120180150633,-1.1714855934937702,3.7371127534756283,1.4368344378584652,-2.4044332833613566,6.532211855651198,1.2356096638819736,-0.25275239728686927,2.302622017700884,-0.9354008258796398,7
-0.14763854952883548,0.6772996096913156,2.5186979140895005,-2.9781573570563324,1.0470235104103267,-1.0314378236790844,-23.305048890057854,28.580047863161838,7.664535671044803,4.663669274584876,4.9538850851617156,-1.368847877191115,-1.1295038631666046,0.7095477189285049,-0.9955697098808969,-2.552163896379497,0.7132166750810427,2.7204199301608583,-0.3094564094025323,8.326100689918391,1.3897862084856456,2.2046683522911437,0.774114104948552,-1.422900494467001,7
1.8853039608775362,1.4372090886944662,0.456121302540339,-3.472003073161659,1.063177196381389,-2.867785281081524,-21.026677686734544,26.406472785500796,5.486094917677633,3.2144373889078537,5.174200982141031,2.4486215168540753,-1.3594623344044123,-0.23008997182707702,1.6156278937850175,-1.3586798066705157,1.3329066579138953,-1.1088768619860048,-1.6266051772794903,8.955966386337835,0.7336531419026073,0.9264788959901011,1.1971004211979448,-6.41730365349207,7
-1.1343763005186815,-0.11912579835270254,3.9748681541205997,-1.213992961486639,-1.0985787546844108,-2.672438231316619,-23.554415488489198,26.01403482041843,7.888132193863669,2.8633992941326767,3.8894947214253364,-0.13781818372569887,0.4180051982066004,-1.497013325617779,3.381240189634809,1.7357997774840044,0.4927702705765,0.1004727573313744,0.3612679070175311,8.394788770995191,-0.8359592765698949,0.07860555691964066,3.67786896152424,-2.2522753619019795,7
-0.640532897397236,-1.8564109751757547,-0.28477233500024113,-1.122501355477695,-0.9890336019253141,1.7889086184960092,-22.749166609613184,24.926836682073542,10.037005363361288,4.586837729682898,5.672120691359595,-2.5024144513569127,0.519001755934255,-0.7183709214844001,1.627673609945532,-1.5264615122247704,3.166973913684899,-0.643055085746937,-1.5655200899218826,7.591983943197178,-0.8171148515928621,1.9463429705590443,4.375471053179723,-1.0260661201298262,7
-0.5593588185033127,0.7998787683113735,2.1836211754988994,-3.4175676262628087,0.9230868477795298,-2.6627958365733093,-23.39246992593234,26.372809148865997,8.849570016438577,4.151498788479898,5.250491005737587,0.838060004463614,-3.195023708706259,0.3880993401713866,-1.764705557015759,-0.2998559803682852,3.5945808191085575,0.6954988063627638,1.2383266905012569,9.808455301966802,-0.14630907153599537,-0.13831839410420343,4.143074938605963,-1.275300612228989,7
1.7905542823477276,-3.3447368445116115,2.821376418446448,-2.018019890556616,2.017887094350499,-1.8082489107566744,-20.051881585971365,23.963171476752393,7.375883321771255,4.458014671153208,6.841307175579942,1.1560508210201306,0.25089966759290405,0.7171492506347406,1.7277545022408844,-0.12392938867635195,3.055663394979973,1.7732174668813627,-0.657917633022091,6.9033422888848435,-2.376215331478363,-1.1820736828971619,4.094882967021277,-0.11938834929947006,7
-3.145736323982703,-0.7441031665230259,2.6466068054479592,0.051979534994856635,-0.844329575483016,-0.6691976787855083,-21.759845237956437,24.24104526599163,3.578351047706235,5.489280820613672,2.5750615502264225,1.486099063649533,-1.8322671401082573,1.1676928743389254,-0.9977485821058281,0.5233113838298848,2.740188359187414,-1.8186709884707284,0.7089147238408167,6.740173940115028,-1.03502947086605,1.8828139482041664,2.6084564953283262,0.13947414871211095,7
0.22838428645724207,1.7247203989320328,1.8820551128133047,-1.9933155244163743,4.246582924958943,-1.0883730468744943,-22.83903081355387,26.74475279270351,6.255460599459639,3.406520117643325,4.391485434139213,-3.1309602901401377,-0.64991581456826,-0.5006336217680882,4.899603320644474,-1.7955123865464842,3.0122268698853816,-0.893596613956845,1.237376622023124,5.701306331444826,3.8906036100781876,1.3581524930928879,4.217597849436075,1.779595732952771,7
0.21086360631016987,-0.11410315111751407,0.338958796574957,-4.273586120743687,1.8963999575787511,-5.689004829785972,-20.522514812901115,25.895119266009317,6.8356055593366705,2.882539584267846,5.863249410913824,2.6098060021039373,2.0506294144157664,0.4421269803975818,-0.5509880851636808,-0.4702182716611887,2.8620898998141797,-1.0652929825583328,0.8309507713836091,7.364744532934864,-0.3902728050537121,0.5015916936538503,3.6957876475063784,0.6482247673489496,7
-0.6120283609108697,1.3989285351248455,3.9972014149113875,-0.8389246628706246,0.6263452413563186,1.563992300180871,-23.017809086070457,24.58611325252744,5.821167651699113,6.559508126858816,3.7010794288321733,-0.9866836478801133,0.16918194773379014,-2.546606464851969,-1.4633571495637625,1.187655142667552,0.5884735336650806,1.0975897990097678,-0.6082342062902377,8.648365645188733,1.4478299240187198,2.1798274510587277,1.7865134245584784,3.119035490977353,7
0.7123201095094487,-0.09387691713566143,8.02710952524086,-1.4193788203590145,0.9727807053781703,-4.498929643311101,-21.474098577249215,25.90543717632022,4.467941791793862,2.3141690931364565,3.56234299741692,0.13812664601658753,-1.1800029429442418,-0.7327595349479239,-1.5669433654504132,-0.3902638015402431,2.1661164387838596,1.2044733770729863,2.0718110121990705,8.370083645367714,-1.534362889630188,1.662497198527845,4.034340883695307,-0.921165549437319,7
-0.3032005783706495,1.5467566311683152,0.8398192265718194,-2.3560292786474264,0.37562914155250837,1.0620351706117503,-24.396994757035323,22.703172399184155,6.793552723328389,6.669326985009803,3.8505350421885396,1.00734683766143,-2.018241937836109,-1.2403162741681868,1.6824272819973203,-1.4424354828019617,2.907700602121679,2.2002768096238583,0.865837891902359,8.475966150206332,-0.7529491994170598,0.3734468779413689,2.5198150964798742,-0.9916838014346467,7
-0.19012601937032514,1.1984308657387346,2.5134423176351106,-3.2256229239762746,2.4517301218710372,-3.896232552230117,-21.804369980100166,26.94973237768653,7.055264127015505,4.82466471655674,4.63582925649763,-2.9627544420331446,-1.8951190312590995,-0.2309056542166914,0.6892375902552317,-0.8439285794772289,2.0799175647029813,2.5169542932300146,-1.4780985691191155,7.73614831253002,1.3438004437621203,-0.17795598129333712,3.343662250087405,0.5225117883472308,7
0.8443959759325139,-0.7555058878956897,-0.07102636166348475,-1.2886522934858533,1.4944491800847572,-0.27105566074789067,-21.08396284939272,26.548872831456663,4.451957650992085,5.841678508016457,5.33791116291556,-4.508932481307795,0.8047466085440362,0.9703167922767406,1.0613323996709028,-1.5999022227844648,2.5969779679658416,-4.791226185241442,1.4210418449505866,9.773296607798798,2.0559982230765854,0.28507601189944864,0.8290906450782103,0.38388443310827824,7
-0.5413349474051188,2.7580182255700842,-3.182561036260495,-0.6115875881420436,0.49248729529705315,-2.4149836906324254,-17.13288400297476,12.073719091078544,-1.0306874911619275,19.398457095047142,14.208890071264506,0.20998892419100912,-0.9713752513215184,-1.2899612588320721,-2.9279483405060205,0.8449786983851908,-0.13340745772259766,0.5579499986748715,-1.8987094660970243,6.139042031819102,0.7381335388466255,1.3721484783743065,2.1891141792402067,-0.8069425805547326,8
-0.7506599593360193,1.688063376929973,-1.1186748753883649,-1.0799136906965714,-1.8009603459288996,1.9026920906176201,-15.723426935955489,12.296886807402615,-1.2538474330984286,21.75583107747233,12.217753867308772,1.9859047277119544,-1.0540467214457863,0.4507175473865743,-1.7319670498528126,0.21036391100294338,3.0011168160419004,2.945754622101731,-0.03884504216394191,6.628952002201856,-1.3564293610579625,0.3768541922591595,1.2470333319617737,1.6585982130237653,8
1.531374715260995,-0.5805338788857882,3.2086393512714153,-0.08936956227859127,1.0624844285779886,0.8457827176060277,-16.950304688859397,11.659284939450657,-1.1145603458175515,20.103252694246656,14.32020322746149,-2.2323448944777056,0.008170997860986517,0.5241552545194565,-1.4632524281492465,1.1459300907876724,0.34618687390653236,1.6501263963523343,-1.1785737678216925,6.298002082514188,-5.29587049996843,0.3374880941400349,2.993413885056299,-0.7892015938731447,8
-2.7947292339621868,-0.3390407447863517,2.431178944031558,-1.0676967723036057,-0.8687805126073727,-0.07360729538527266,-18.834060458686114,11.771137856323548,-1.313194842998314,21.03623953109004,14.337576746599439,1.508030883237268,-2.082325607369114,1.615015129400149,3.6132836416948635,-0.7803145189242784,1.6181321609982433,1.2449690913554718,0.031878675296862724,7.724429124512994,-3.3053472160229376,1.1732795309352397,3.4154497375489683,2.6366815378876822,8
-0.5583020027820567,1.4376109494920297,1.179781432277423,-2.1238042752366226,-0.19398375139235213,2.9554441685746724,-15.049037691103464,13.54534970189411,0.6190801609785694,20.91678150256424,12.54626642674208,0.15940144009886126,-0.3990693458801502,-1.1766130393187098,0.9339699751224657,1.2786893024012471,-0.6986576024394537,2.059669422547188,-1.9672616093147788,6.603567791416808,-2.1903940998606686,1.4454519254245142,3.7647267402201408,-0.3130965537500856,8
-0.2747331777722479,-0.2746968119894254,1.3488517701857177,-1.2679211766170653,-0.8644341190394016,-3.1790881143280103,-16.59301975129641,11.982358741725477,0.06324202400355716,22.593390027490905,12.089475243753725,-2.9789303779423904,-0.3401532142607664,-0.10788031420116084,1.5800374054375084,-2.6075999333999533,3.0632862595780352,1.2138644986395093,-1.611198282647436,6.237187612542371,-2.9428952984695798,1.7415155444944403,1.7248603782137195,0.9737807495675384,8
1.500970949750922,1.5539457138345325,0.45618910735163354,-2.930545977631425,1.737684877973436,-1.6072944485067637,-13.182657542867421,13.913493534415835,0.1379195319132691,20.218502431602168,14.525040525962623,0.8310895510027194,1.6678097194479165,-1.3396456677190116,3.7091956671120556,0.46285306828695383,-2.376757235565691,4.496743004984978,-2.2798861738524145,8.239994111212312,-3.336232385971357,1.6099772983741758,2.0826885236508446,3.7016989480969187,8
2.157579565816036,4.503448220457451,-0.7003675874041164,-2.0226742790533905,-1.788468658861973,-3.8159501174300203,-17.536458733450864,13.183449061604932,1.7848357375481783,19.46130595170124,13.765265248570245,-1.5648125872714331,-0.8673920997864286,0.6745634236746554,-4.625242384137607,1.0066536604936829,-2.0781118984307057,-1.219269554448374,-2.9109720538385204,8.824518875191302,-0.3851365425483664,0.17404870508814696,1.90866226223919,-0.31660107642755975,8
-1.4502896885940117,1.4416833297467408,-0.5897717738081951,-1.2710453273722493,1.4994446402843664,2.503204813547768,-15.781390477577565,12.478112144780681,-2.3900418331090236,21.35035853003614,10.836126181209522,-0.9715302933216776,0.6490348220753219,3.3547441968271556,-0.7722899948736881,-1.184161214768153,0.6719765058838902,2.5951275065845607,-0.09232942289461832,7.334697681962268,-2.3837794355153505,2.9211531220173796,2.33042650828655,-2.310641200552709,8
1.5331445828948063,2.6663892796174573,0.35719795496373763,-1.7333969546357935,-0.8940332699602891,-4.126278674371065,-17.63053107547769,12.217612012767972,1.5507225811302305,20.39592301409298,14.67083632221457,2.046558013778565,1.8824265208521922,0.2021651645851179,2.6831613559641596,-1.2756543708215133,1.0205760252251252,1.5811388563618607,0.1965395528526095,6.828363185554778,1.3962426255176297,1.1497960923139559,1.456898215039402,1.7451085044901333,8
0.04821787755594187,-0.5783620486664073,1.4739117834864146,-1.6839852465462286,-1.6189252570661665,0.14737112302532296,-18.30980697136884,12.240415865660538,1.2947094030600397,21.331622704829776,12.568393742211555,3.703336782602719,0.36966487059413566,4.350716691237338,1.0791722528109062,-1.7142523062866388,4.795280446600827,1.2570078478511846,-1.0079403516674255,7.372980188568434,-2.898214829940571,2.548528556444076,4.869703156070074,-0.40813953244247614,8
-0.8728321259791301,0.20571044052726006,-0.5017350510812548,-2.7126733752635914,-0.3351611333652613,1.8954673785046907,-19.256368469708747,12.844491163710956,0.21303745956811326,19.729814124060105,13.84861444367948,-2.6499847174591764,-2.9980721667538717,2.2995862807883327,3.4347914641372768,-0.858369432061032,3.8613444854600516,0.9703360203536704,-1.2768542550548503,9.35569437639765,0.24471503431288966,2.8585739489249917,4.098390466612528,1.2757812113358113,8
2.3223730377608263,0.5365249395408258,-0.5481633068787914,-0.775161896649621,-0.010051187230828873,0.23256084569925406,-15.890666729780426,14.514579255945307,-0.6049392443346733,20.90090078666328,12.387034969830154,0.5713539188442383,0.05106824558970402,1.5132056510546477,1.4624331816941663,2.140137602447872,0.6867734852788487,2.0504663428401955,-1.203550667326894,8.66257286589628,-1.003614480410647,0.29119802014113105,2.761015485116374,-0.617285553944555,8
-2.819978111025762,-1.9842896530493497,1.0275821505590557,0.330357804587436,1.4105402241008278,-1.2253513542618748,-16.6397165657191,10.651774881077841,3.2729708345858057,22.583480452041492,13.980426105205595,0.17648280520944581,1.5594847450771283,0.7547896314250764,0.12256708896046575,0.6049792327880255,0.5404342275768386,3.345002702117995,-1.7187092662137928,9.47488048777879,0.6728714080402369,0.14893495806533252,4.32454456270672,-0.5404201428161741,8
-1.0517411377508665,2.0145340441077098,-0.08737715197207763,-2.8485572278468396,0.3910806973138392,0.7623331873281813,-17.06297440275572,13.370777472724512,-2.012918831527088,23.51497211397635,16.470836833142357,1.2303366920165786,-1.163865303419584,3.0577305144574325,-2.917003024691951,-0.11352723417677169,2.4408915493652046,2.767265123462778,-1.2532345100506213,6.776510285252527,-1.770569383991699,2.7055871479846587,4.617757308338696,-1.2414495932456475,8
-0.9689329737325352,-0.7252398355476518,-2.7907668954145493,0.1918972465548734,-0.8128568711781554,-3.066960898282332,-1.6303493794294504,0.5002359666087557,1.7449779025121188,2.102981495162588,-0.7089846265977542,2.3273261122212716,0.5442381768547477,1.211305303513285,-4.433175435475675,1.6629876356167514,-1.9619157502185374,-1.6756746831690634,-1.4301118485808715,1.5486358400924587,0.9023855792436279,-0.43748945610764167,0.527439465691188,0.6901716993519358,8
0.6863584843282524,2.272181106534491,1.3208212227804665,-1.5630350085643556,0.5447424752762231,-0.28472781800093117,-15.836232392337068,10.485621250342177,-0.1699988544166331,20.595877306770085,14.39445601629859,-1.9557474028293313,-0.8724166049873929,0.2453326344210467,-0.11155628601295575,2.4545263988787838,-0.025488256670030296,1.311760028546189,-2.0093430451958234,8.066915703683065,-2.518026289304885,2.5498857359735965,3.5996573396571847,0.4580238197298172,8
-0.21160981826471925,0.4428598069265418,-0.4874982004290018,-2.4827186876531186,-1.5443921622025982,-2.3326375434145348,-16.30781612962843,11.440597907847149,3.552639305978289,21.248954928575266,15.152329523837153,2.979959461609724,-0.9743611270683061,2.1032957131227192,0.3137488069151573,-0.04158147758386832,1.890710667122761,1.0285832784666695,-1.931288573942556,8.626735507740875,1.8824320267212897,1.4248173545044196,5.865675263832202,-2.2532472470653033,8
-1.345909049056047,2.902452582070745,-3.111826841328025,-0.5712718893198883,2.0786874121752703,1.5384873869888338,-15.801073956437861,12.90380827697453,-1.9557622247061772,21.031488921152736,12.797125020160678,-0.47877977852743925,-0.02861215665683403,-0.43788073675224837,-0.7114062941878387,1.786924722869962,3.4625196193507293,-2.1896757613648106,-2.3427365978119994,7.807232904218623,-2.312163876355953,0.9358589974658784,2.94956657402777,0.4028287060774005,8
2.819889873521589,-1.4094027152390614,4.693274316848601,0.8073723617483779,-0.6048913690217432,0.13576171156989858,-16.304286630609,12.653763674360334,-1.9570732377682702,22.422756043447315,12.528751781066376,1.1208310602115716,0.18315091978018927,-0.8172918697028422,2.192583416555294,-0.1978261059377644,0.2591690240231799,2.9510093071713754,-1.8706099020150795,7.547686563897642,-4.970000348534995,3.744048900483513,3.7611953593121683,1.8806750433051889,8
-2.3433714364862226,1.3322715675976537,1.075755873736739,-0.02692634430631813,-0.9103166763517265,-3.023160357858785,-15.799716431255336,13.53164075010801,-2.384784110090436,19.486419726341772,14.964999745640569,1.2154408550009066,0.7595294995887798,2.039766828856422,-0.6246853071526743,0.700544975177138,1.1844173487324383,-1.6557447161777645,-1.202736765417015,9.05556035451778,-1.6509913495778505,3.0216053552412703,6.6627803332300175,-2.365379876183738,8
-1.1353635273242162,0.05380996401331406,0.8405484204879485,-1.8551631857066155,-2.296842903241213,0.8871646916321652,-16.08885669519683,13.216568960612449,-0.8191242841483017,20.546874351260023,13.632914213016306,-0.8605042509184955,-0.1786127504377646,2.1403553140908826,-1.9989368393837026,2.0618118423530447,2.195734095232723,-0.03992981675037299,0.01938958774759314,7.795694622195327,1.0872322898629818,1.6752705370873713,4.414408901715305,-1.422349842467952,8
-0.8865417129727007,0.857022625670177,0.9196062641407252,-1.008782404765924,-0.1455277475214416,1.4642449133692708,-16.905644235623992,11.46367154441566,1.3284343924548239,22.416918514062054,11.682778651448672,-3.7423835758531254,-1.1250402053214543,0.6062824829931017,-0.6417605411299974,2.7177393485366608,0.3710262078334665,3.9974173191818068,-3.3347727941452554,6.470537270248371,-0.5231162899235642,1.0166279140835712,5.427622833528275,-1.4530141535274197,8
-2.5378944978328946,-0.007954719942081967,0.5856291802182341,0.6328015134646563,0.8503058435773028,-1.0724866512517224,-15.275598824673727,10.504897574998381,-2.586268175771977,22.34605805092398,13.098209250333412,1.4830650187363403,1.0166340608205644,0.567459580503531,-2.06135492523282,0.27769365260605383,-0.35453907161365805,0.18082807418392122,-1.0192074501417139,7.700131056427594,-3.0565532541398284,1.62748805685613,2.6137296439469964,1.6951777144908533,8
1.1670332625027413,0.026389169966470782,3.1716323551511323,-0.8327189914480044,0.6156005356727974,1.163989366626879,-16.65885675207207,12.034353500435003,0.5770307219497113,21.29239268265828,13.488345002463234,-3.102450786331133,0.10048389610847153,3.1144733422742163,0.33412573905064846,-0.4890030874537814,2.0184472239224647,0.20119387637919317,-1.2802481359766418,6.336688726088752,-3.037501364867012,-0.2819242650372189,4.774682299169612,3.119150307772429,8
-0.5473020315043868,2.679149452111855,2.1436207258824993,-0.7178775475274222,2.217411898927594,-0.6660162894817176,-12.79496526249076,9.563219856641695,-0.35636691463651005,21.01927182669683,14.04762390661432,1.156529197451789,-0.5669867959694557,2.6488612432006136,0.6008635121346515,-1.2114456419104016,3.5149201237607315,1.1293300891726403,-0.5544106243702913,7.303478372151119,-4.766982146249575,1.3553164667328872,6.635901437750917,-0.2922939773484359,8
-2.183869049763075,1.2004616019181058,0.5319722905919093,-0.7971542408801611,0.04682280748420453,-3.0211909384053683,-17.035282260208735,10.720734499555647,-0.07844700380860559,21.610312556202267,13.475043094410353,-0.5287120598835031,0.6547333100605215,3.1989066985118484,0.16635984118755687,1.5033496044728025,1.615957162158196,1.385574703717623,-1.0129631980792233,7.8922109785124945,-2.3277100277717295,1.3767628604665418,3.1078469112622003,2.207430342592829,8
-0.3360853301867337,2.993810101875369,1.5277856379034915,-1.5626281477985344,1.2450648292779078,-0.15989266815819292,-16.374467628845885,12.35634410820154,0.5551307555328435,21.12176072161251,14.633778039992421,-0.7310689559171806,-1.0186179259980577,2.000128785974937,3.7735929490867193,0.11411977562531206,3.249123686777722,-0.04978804395807401,-0.18762325504352262,8.317096668778689,-4.1914331612559295,1.942284449374604,4.281377545110914,3.3044205637113464,8
-0.8128264753940471,3.9801449766833525,-3.377042242955895,-0.045116370913220294,0.7989917925662553,-1.491880088840162,-17.139942907156534,10.72846976660793,1.6028420752620605,20.63212208840232,13.100653528826001,-3.207356659625475,-0.6523687931943982,1.4282277148493705,-3.956168014042589,2.4060649215214482,3.3839209340645766,0.7338076945176226,-1.5814701984111892,7.2155148087585275,-3.7659182012905603,2.7383026303943794,2.44811944013928,-0.39631392949246447,8
0.4389098159993523,-0.9017186287086004,-0.8471600247892184,-1.261940634611058,-0.8978997675696974,0.053434290269422036,-7.350765867043436,3.5559201030469865,-0.7832476182475148,29.575982832688837,26.55705766745163,3.882907556318685,0.18983479771654288,0.7901918745775234,0.6780904065995514,1.1930336763545455,1.9822203327716181,0.7358792470531057,-2.5272241032802967,1.6765701039863927,-0.4322008564801081,1.3871430838055048,5.466841251149049,-2.0056633593523543,9
0.334104043123034,0.03371131929336868,0.7594599697756621,-1.861803319318362,2.7729618555125626,1.7684526394810973,-6.499498891349318,5.603930522659567,-0.5195593935586089,29.650506665260266,26.308638091350446,7.273539239806382,-2.327312808490177,0.6786076573851645,0.9194387974807796,-1.1853819155456335,1.9877879127745928,-0.5437580439359522,-3.1122922596650753,3.9306418117335227,0.35139736759020934,2.167821421213368,7.111275190120523,-1.4082196276905847,9
-1.5816793997237824,0.32638100846320817,1.7270160558368843,-3.0875946739508535,2.297848401927979,-2.4416891664525338,-5.125878907899529,6.696553319318042,-0.27953941490159195,31.17969203717705,26.264793003548192,5.9733023350234475,0.29151015752017884,0.8101462763446108,1.4575249559225654,-0.2837543067760038,1.5658882915792276,1.3996812843569728,-2.715233244537746,4.80539397033435,1.7589435775555557,2.3250166790302913,7.816479983783026,0.5544970333053243,9
-2.007385073839089,0.7476027520749386,-1.548414559618493,-3.021214225803668,-1.9985338979872154,-3.1177550722695173,-5.07429524363869,4.364969655860904,-5.435339853691914,29.45774870403885,28.63656058443499,8.543543608929383,-3.847266733851626,3.0416854269451576,3.309214027923076,2.9736216779337354,2.4646649647710603,-1.6900332147238828,-2.829939403930915,3.995393981381426,1.86033435058647,2.7575057134154477,9.038876233683624,0.902498698101283,9
-1.3890551117085579,1.7454760920623937,-1.2702803905361861,-1.381123435318294,-0.6622435816427696,-0.05716133000242962,-6.469770396326487,4.053431083851564,-1.8719165657694248,29.290235791374926,26.332531325120073,6.194936425671472,-0.9444613536992676,0.2924096463579602,-2.267073869109254,2.166201801766057,0.6760686242291172,0.8085919752859922,-3.6467264133643056,0.9803256579094324,-0.07281773687105897,4.292392203905031,7.084398918324609,-1.5437790963698603,9
-1.0105944735846037,-0.14900365229645812,-1.0626576242572128,-4.374471752874577,1.3249548604969732,-0.5926285555044046,-5.017688867386667,4.9718907525936515,1.2650988537548074,28.648560486116295,28.414068135119038,5.9086954069532,-3.617043091096747,0.8753057313807631,1.4264312998228093,1.3777842099978983,2.0473786485768812,-0.9392877849038541,-2.684690675830389,3.9767953748057465,-0.24627249794468753,3.1758767948755704,7.467474394233136,-0.26413992737593617,9
-0.17724251670358626,-0.7367864006029596,-2.8298152142688764,-1.5258298714064793,-0.13147683646815267,-2.727275175758564,-4.332847167522132,6.363024319057331,-1.6561985216783341,32.141186897243585,27.238776229651137,8.793861323154488,0.06250535369434829,-0.3621616486423562,2.6007285946121215,-1.8015367545564374,0.19755850896379457,-0.15546674108662728,-2.3269979901205673,2.3535388675190774,0.9499338218728894,0.0880479265446823,4.58027994975798,-0.1040404870213365,9
-3.67856457685275,0.07633577905628885,-2.1671023092826545,-2.2323915925868434,2.7999849914270953,1.2338647068771706,-4.263073555650766,6.033430553591387,0.33477846613459405,29.464940820340402,28.6713120001192,7.8212678206092505,-1.1573138386310404,-1.9205325202078285,-1.0671541814325565,0.6998656973169446,0.26081959802985466,-0.29191080526578617,-3.673604911838705,3.2428119388081456,-2.2352579721298866,2.9958766036228823,7.262497847199043,1.994672113065235,9
-0.8415883744877988,-1.2315828364413342,0.6630884683880822,-0.5480469513630766,1.6757238206125749,-1.3552045594636866,-5.600313296851009,5.316417777082819,-0.2236893194547065,30.506388897373938,27.09122152999933,8.626543577997552,-2.6459134656813887,-1.1179986809086842,0.2567357796375518,0.4804999775605552,1.4369256185818244,-2.232728908348463,-4.291658917733436,4.540007055774723,-0.7147255246255781,0.5461930819551029,8.163718004874141,0.021886777852444084,9
0.4941616426352198,0.3943900148469399,-1.2008583133745105,-2.276101850690985,2.038297670389852,2.282677338337521,-6.244566788397248,3.7256050042197444,0.41032803110033456,31.181729575731367,25.558638367527607,7.054964778020462,1.8713277369708408,-0.5576359401374305,0.2256308278912229,1.1791875663515157,1.5080621760443762,-3.490465514860034,-1.676635968445627,2.52878681938914,1.5550432653648159,0.5817591098423733,5.891187090981745,-2.2706536765805936,9
-1.2848003951547184,-0.5980533795443107,0.8426750256297169,-2.0585000780201526,-0.739480920576284,3.8108973432866264,-5.49972508248055,5.262521690402934,-2.1406366281634064,30.39874182750333,26.1415359439072,3.466141613162563,0.5354429039585682,0.16969495726718264,2.8661704615256554,-2.1248852115821606,1.2155245248097515,1.154613090688315,-2.6716589519103486,1.3518656964195799,0.10435853928839833,1.8398582265172934,4.761230912014497,0.773058542381591,9
-1.1876057338805026,2.0215847135075733,0.6731645441534511,-0.6392691672485711,-0.9964475451167232,0.7737402448702824,-7.3084129489968035,6.034516758430925,-1.3281278457291137,31.06919537118793,27.855746474874394,6.141938384319985,-2.105638699769173,-0.8173192988606459,-2.466376079852296,-0.614568564781834,2.354032240095364,2.9710370712630834,-2.1670889066117667,5.706885782785747,2.1159171893785356,4.094202220796028,9.356389443238015,-1.222499009628109,9
-0.9983725011492766,-0.79244255936524,-0.6299061870311675,-1.7472333023279347,0.1985276320785374,-0.5797136545305648,-7.734114311835379,3.642797254467183,2.5362030984875332,29.920778446387672,27.82873036766904,5.515366218118743,0.541284078882569,-0.997998744429438,-1.476470410929096,1.6822642284410136,0.4784203833672507,0.4251129216678464,-1.5892152312955936,3.1334025133229773,1.6763717107303933,4.440355832199266,6.694532694406789,-0.5116199487188737,9
-2.2171095484396233,-0.5882796678392112,-2.043140790705877,-3.885784222080808,-0.2244519937787004,-2.6300325286997577,-8.004114318114095,3.516822556163163,-1.0808743172894992,29.776752075886023,27.98470260247265,7.182204381606823,-1.1695314060403632,-1.2813017143835737,1.323719157085634,-0.2845683217459154,1.3454344717174536,0.7336918133356676,-2.467767360014051,2.3219096693498074,-2.2050439955762045,3.958862157623251,6.132678700442909,-0.3946663984060592,9
0.12968033375420873,-0.7169674599656206,-1.8922535439051558,-1.7659665970609026,-1.168848579786868,-3.198129756322828,-8.048910719996698,5.179314892246481,-0.3329698392423097,31.951819090278192,27.82180985090841,5.5736143599987145,-2.98378526920672,-1.9514829577277055,1.1430369497450101,-0.7404049777208499,3.6638501316262477,3.8895458581161506,-1.4412515287787357,4.494126279805229,-0.6597506898900178,2.903025991862812,7.4796908638381865,-3.0522830059339867,9
0.845743074580696,0.0391411961149829,-0.8327085844700264,0.5956180274928116,1.1182069958989018,-2.2266211053488973,-5.016738678215873,4.702572600903835,0.7434334722325389,30.888651255888377,26.82637811141197,2.9293627946264564,-1.8781300167586892,-0.7423876941386851,0.5659625829640618,-1.4604051696639857,3.8017663858683193,-0.39242612426147616,-2.2037400156426514,3.533176586582826,0.4050589798462738,1.4581380348724267,7.897522070699296,1.2036334825064046,9
-1.3795534154283473,1.522444410421198,-2.258650597205076,-2.013432685265265,1.4782134473978203,-0.40471649915542685,-7.49872970487093,5.189086151260909,-1.9030104151931937,29.911276708680845,27.48434134891548,8.51769952862145,-0.7362293129487512,1.7226352603274506,2.7925868361809876,0.2171515008572058,0.813442949804454,-0.022313880333001634,-2.4308446013851714,2.032089891528827,1.6305974701071477,2.5961017259969807,8.480144857691585,0.14320210480207152,9
-0.6154349619321238,0.7097294775285365,-0.6038542005439922,-2.017232783114842,1.0622849562973329,1.565434243871664,-8.292711609903,4.3306257534111126,0.2734577150652058,30.752770610412597,25.601940919073314,6.246622100692662,-2.60016645612788,-0.571754224475086,3.8891393440907223,-0.04619749713057786,0.8529476370835027,-3.349867469752553,-2.5684913015235935,1.236614957921816,-2.53180340990383,2.256735648591139,7.621820187115716,0.14058469083676073,9
0.4976871962047653,0.07606423313261501,0.9510794009390224,-0.8131604677779549,0.4565821737570559,0.38610055445383296,-7.0693631234795005,5.209719472479236,-0.46897345605856344,29.520731793157935,28.009003459947564,5.416153102133194,-0.688849999613609,-0.6048760498184294,-0.7714975646691755,0.3678300422909544,0.718553456578519,-1.0150603353227439,-3.017133866530177,1.0422268850751095,1.1479112106950424,4.468455534369802,6.6844890142243685,2.4491075737730057,9
-1.1119980198100166,-1.0680081457358224,-1.2680882065712353,-3.1222101828459685,-1.731115044365481,1.4925149627276824,-6.561535082795527,5.274609716907122,-0.04760587638696734,31.06892344713887,25.969137229125295,9.024041523239305,0.22730114552746272,-1.7467762150828605,1.2054545108575212,-0.9776908610072681,-0.9231662407092074,1.0716202193736422,-1.8829708359661943,3.9909136349779004,0.20488079033123086,1.3565998073941117,6.81507770797262,-0.39554353712213697,9
-1.439690830144798,-0.43678642854432126,3.3415284484592007,-1.8913953068937062,1.7336841306380393,0.6208716753797034,-5.260811116014689,4.914741505894483,-0.43415063476516025,29.385936990039127,26.446965283423935,6.753180369658253,-2.5054150929173034,1.1260287010918546,-0.2636219858018194,0.9000917863111795,3.063171702389468,-2.5126203651940386,-3.1076767849468894,2.6238093126393665,0.9190488176308236,2.010762995379089,8.64372042280533,1.4257111965548006,9
-2.081363535885771,1.356019058292275,1.45677243442492,-2.0323002262720635,0.4451791495064299,0.604880878708002,-4.436829122810895,4.418453161455147,0.21628779650433216,30.001547559781585,26.4542989198157,5.184890204658984,-2.2609317458487794,0.7610057638868213,-0.06214104092242678,-0.21533765608159428,2.0048907644696783,-3.374400371292097,-4.25134227300444,3.967021795903051,0.5033873622433589,2.924202463831932,9.08041575298067,2.781785023133125,9
-1.676696155393131,-0.5652027339471464,1.555533614077092,-1.3489526709648132,1.192053541916664,-1.8663558758345857,-6.609725087534815,7.008226651981175,1.323357324661174,32.69706953326639,26.88977224883331,4.724107391496148,-4.154462709729216,1.0696937524442447,-0.4051012846653066,2.4702733593418174,1.0417693796289313,0.9091091722864917,-1.398084319585017,1.6977468038016923,0.40701638559249886,1.7066909286016525,8.38308544728568,1.2176450001993544,9
0.40605939687287673,1.1800914473609203,0.9707893651906261,-1.9162375130632725,1.2371215698790365,-0.13535244681872882,-4.121761248855041,4.072974513265109,1.3325573111837912,30.741368732297317,27.14429767425662,3.9843083821989467,0.8266196645328705,-0.886142730919957,-1.883605917813668,-0.7507221319967314,0.8503654080906529,1.9771972584449031,-0.49550487480332706,2.7242613732525314,-0.32839982998478945,1.8501755913782816,8.172680292604355,0.587572730155614,9
0.14434012213621372,0.3216299001663514,0.19201280799325104,-3.1083641574222085,-1.7924728860298274,-0.6730052556511055,-6.531535080497647,4.107728966898264,1.3899374834298897,30.612678874020403,27.490044103838073,5.6189601945840195,0.8393834689728976,1.0706442679841786,-1.7011679416842185,1.07466266048651,-1.1937061449972646,-2.3501099533144156,-2.2667265776897167,-0.0681804997368971,0.5909846318453447,2.0151063233803654,7.20548359590434,0.9982000279496219,9
-2.7633485676350915,-1.330813597100902,3.730474263601593,-4.921531701825977,2.8426016983787576,-0.34449866164482046,-4.882485301493536,1.6743359562798048,-4.64889114973613,31.806977582836865,26.7966500271757,4.639566409012389,-1.2292575100862564,-0.1256904880298606,0.6023184637704162,-0.27452260820903973,0.099688118084714,0.40102052272658284,-1.8145550776692758,2.4860282747434326,-1.1667444350293295,3.193795187419447,9.052723757368568,3.26489803152009,9
0.9227058795908079,1.9406797599684702,0.1589487105844114,-1.317322564863069,1.8082126409603916,-1.2279646244647893,-5.431716076447431,5.4430711808008425,0.3711246255041942,29.76548466153409,28.24723822932856,7.6397025643609595,-2.0670895302891665,1.749241914153714,1.732820106472218,-0.2354271153929588,0.8291915805179997,1.4088775424876872,-1.7869982794161565,4.526840426207855,-1.2701132442417133,0.2695406862837899,8.304217309736174,-0.013818098110903065,9
-1.4695537716968943,-0.25977289604385906,-2.655043198528972,-3.8255140558994825,2.8439543313415356,-1.3510477615281502,-5.734430970033391,4.561941110740207,-0.00030426550074480474,31.32453377591675,26.971629534829134,6.712003926687771,-1.2264103857534963,0.13263438622666968,2.3674911407889567,-0.37253148295550886,1.713170998137656,-2.279157909824278,-0.5181743899383875,2.0182426233077564,2.6476620160277093,1.7908542491516712,9.04227179756009,-1.815352179479362,9
-0.38711050677449066,0.3839375743175524,-0.8020462066508003,-0.8776407168289992,0.5401968856048143,0.12241804663256062,-4.8391820923009226,5.23850037946724,-2.0900440900288686,34.10978303203353,27.620630809110622,6.602063067268546,-1.1388527199588054,2.923857447904794,1.7411367679100067,-2.4364227410226533,2.728149743542076,0.7882228037291839,-1.6736498976487084,4.679013298483639,-0.6606278009883795,4.5774609816884535,9.394806827873296,0.2673865535965092,9
-3.00084697795927,0.06985521677392414,3.604652163130652,1.354578328749625,-1.1689740459739824,-0.9909591462143226,0.6177067414754269,-0.37390471058864705,1.300927476426068,-3.8194997952836047,-13.155913821121516,-3.0958224711002913,-0.3861529880716432,-2.170796464186374,-1.0016052047241146,0.41313995668569703,0.028656800421344997,2.4699681142406007,-1.1057184506584328,0.40646532139859914,1.6341172786388825,-34.52375470008688,32.27128330282527,6.473887614669422,;
-0.8241493444662638,3.0169141458656066,-1.6100631092463686,-0.4450152730813244,0.6048286707256807,-0.7268437030493828,-0.12835662879230902,1.7100765988446938,1.13864582210266,-5.8820335475869285,-11.688896819102098,-0.6077190792026386,-0.5075067865020912,0.05721113289543922,0.8078108352045206,0.8249945875831912,-1.0051928277337083,-1.7141142484219927,-2.5070310327521064,-1.065026427532061,1.2000555187937039,-36.43153751708168,30.291146980389485,13.557363740809535,;
0.07856582241112164,-2.4504164048503614,0.171758826070743,-2.2410787022794523,-0.28553755125886937,-1.9600546990989756,-0.7537412487187476,-0.36549091763754404,1.7205372435976187,-5.347599342104488,-11.529937990490993,-3.07436068739338,-2.240044738769825,1.4306963770250363,1.1389389029805557,-1.5881731881189793,-1.4329269956008375,2.6736416297330834,-1.6472116490014308,2.4079134357160683,1.190854151385338,-33.97669567028764,30.039064928978576,7.562119125159711,;
-1.278487010835363,-0.09697735463871998,4.158740331037507,-2.400851690853443,0.7485798582875418,-1.047466515726171,0.5368019514310545,0.9607563261142218,0.7159651304224326,-5.151716632894747,-10.561524098116138,-1.7835535761625465,0.14108839685746943,0.8119626438607881,-3.633161540449521,-1.9090781503048007,-0.42813076464602773,-0.11822834936589288,-1.5133654583891882,-0.8725377839376023,0.3415493998122088,-34.674569289850545,29.46322719384132,9.072153581024452,;
0.9888867844798028,1.7710317314156647,0.5263200026296886,0.6979721844702453,1.394596472001865,-0.9692818614557837,-0.08274580322993952,1.1894872312241205,0.945697012094854,-5.954658268509895,-10.424008756473938,0.7371899259408679,-1.2032084615719043,-2.8007968936418948,-2.13802068456539,0.5112848763098583,-1.9441538326209695,3.043982382658328,-2.3625962643860454,-1.4824456470884968,1.7149359727406477,-34.795654824442565,31.696802785191906,9.093178618142588,;
-0.7148662700398063,0.7139729282381314,1.4884150992696163,-1.1168248950389597,0.29084532310480427,2.083858024494134,-0.8370896075289656,0.8533808903066245,2.3282784070327125,-7.1819426127989985,-10.969715899851877,1.6083931249563648,0.2536191768039373,-1.2443258932121424,-1.5806525260264266,-0.585955840960942,1.8463016498274385,3.747646149096454,-0.7529130860410334,-0.7714067762554464,2.1658594263694226,-33.57624334903227,30.490558080889272,6.674057380780482,;
-1.4952848662643419,1.4670950799991695,2.1706109232497397,-0.31415528703932694,-1.5988779584103554,-1.3948098846016705,-1.2660489355730222,0.33455490015620626,0.41220646950614537,-5.225019865907647,-10.459984507013019,-2.3251491732354452,-0.8558347822511791,-3.2108882558140124,1.5454223003134189,0.18685012641314813,-0.20673254311657274,-2.6961285135255935,-3.0011483190544936,-0.6831722416250301,0.08072499436644875,-33.81135623748928,31.1911458066365,8.646853707844969,;
-0.06735675297426269,-1.3017285402597998,-3.963052782429372,1.8523614752583057,-0.0020905618110305113,-1.008919969929309,-0.33957826564429805,-0.07228096829950914,0.8716760601894862,-4.4626675482011535,-10.150349320493973,1.238929980248372,-0.5734809434988506,0.23300404792898632,0.7396952694169272,-0.743422239174194,-0.18419442790428775,1.6997280555142993,-1.2530037351582095,1.324249322675655,-1.136506445422583,-33.692577939685215,29.68069333590023,7.8431064530461185,;
2.024087112357364,1.1362805843029666,2.0757821475763194,-1.8562375497258046,-0.5662564073109593,2.8786210699992694,0.1372995913924262,2.5917523121551085,1.6329337600091662,-2.1523958388798263,-11.77754325818404,0.46058599936424116,-0.6812649972495706,-0.3403896296573592,-0.7090144308093613,-0.71423607670026,0.7790617728256848,-1.5809585154257206,-1.3527775546802907,-0.36851065118695203,1.1928323532730474,-33.66719306521189,31.130874356231303,7.331724086848396,;
-1.4958225556114257,0.14247964355740436,2.346910751136136,1.4354828000305204,0.4974495203351239,-0.14056780315371498,-2.1114787247029927,-0.16254579183333817,-1.7625137353952596,-4.62949984637639,-12.559979107749228,0.5781915487579568,0.7375589491897472,1.0079812149808234,2.164331102190488,0.15223424295273702,-0.594827815405182,-2.886887735633877,-0.08151025580493254,-0.4651616024516301,0.7436549469965144,-34.693709424636054,30.160828829804444,8.713639259580702,;
0.9716474460235531,0.29180093757706915,0.3826642066649697,0.9799165836523116,-1.8843538282579857,0.3545960306716438,0.07526335784537785,0.6675405908642915,2.897690348491949,-2.944069328273514,-11.996773502678167,-4.60936694556824,2.897286144135478,-1.4767246728956707,-3.3966339879095244,2.1054920789968463,0.9313711387671049,-0.3464298780617696,0.35640805940933973,-1.8964751853423394,-1.129492925997397,-34.46022520046331,30.420783491178085,5.164023615358815,;
-0.5401662674989325,0.7836108953650732,-0.20427252998132417,0.6268396212201566,1.2281750322570701,-0.14692415898474565,-3.3402571596355024,0.8691251298030522,1.1290078461941562,-5.403391060600406,-11.089034769602307,-3.538657137080577,-1.61602021037001,0.08789098237335935,-1.897544903094456,0.5514648064315111,1.044584670123129,1.4791921281776013,1.0284899558158358,0.9400864129391806,0.17510666680703935,-35.33592644020886,33.108973167730426,6.136401672087743,;
-1.0227439892802863,-1.3431312967803257,-1.3382790820086825,-1.7928428495934696,1.105464043940458,-0.2892718969832231,-0.9790805787166263,0.36197824441879334,1.8788785952750686,-6.625788960659619,-11.51962180628746,-1.7956012255633595,-1.2140724984426754,-0.6554574214882578,-1.579340629197418,2.229835790539184,0.6442644150679939,0.08544649177702013,-0.22377293813710608,-0.017877929273055315,-2.2952581687681572,-34.38244218462097,33.50060420523971,6.4598674250129875,;
0.35359181068344014,-1.3404163251689236,4.010244143387297,1.158288879601578,1.1789016267936745,1.2496727582151266,0.9314172760210591,0.9236958344746142,2.2341101643148704,-6.331218873244012,-10.312833316026541,-0.12131144279322825,-0.5221722227073542,-1.2477202039346693,2.128407466284841,1.3238637766772854,-0.8456859531314365,0.5230162265143576,-0.7599715498496735,1.542392119532991,-3.156605902347792,-37.11529310345555,31.596350952424913,7.0875323138351405,;
-1.0436511263613966,-0.1709592871860185,-0.17492840106621088,-1.8467355634595464,0.7442390158809076,1.7327999897266864,-1.8361846804802244,1.6985404295768092,1.479415179913417,-6.1083227771741235,-11.1539201256941,1.5422509279558767,-1.1668296994863852,-0.894914816877872,-1.6242330637102782,-0.7842812648100548,1.7693338874370284,-2.036926041408435,-0.38381827538258406,-0.34407776030788284,-2.2886924154009307,-35.87701249297832,30.20155511087991,4.903406177089835,;
-0.9555513938113904,-0.594217196800058,1.8692579312566977,-0.6160555793452573,-1.3491060531413268,-0.9357756043855829,-0.30862821239906424,3.577813470486376,1.551248477159561,-5.626287567483843,-12.441476907721807,-0.7903602112639874,0.34552148244148384,-2.3328792985595967,-1.3252973400818746,0.7564430674901956,0.7134957366531296,2.1173609188309115,-0.2321891096641231,0.2523925503693789,1.4617580019579464,-32.56533845261113,31.24463141117728,6.859997228286488,;
0.40055977192145065,1.2357828375117306,-1.2907538780794425,1.7620901857263078,-0.04132746769874984,0.33467122819354245,0.5877069118691933,-0.684630658870617,1.2722395168672165,-5.230721857890771,-11.47944422712402,0.9634183620268004,1.7456091410776367,-0.7848245041790278,-4.40865459956467,1.2087504121598727,0.6224094931488082,-2.250673091836177,-1.408161772024549,-1.7816334307224508,1.0723726784551104,-32.63755499661141,30.25775220914153,7.204487106945351,;
-2.4828315678250874,-0.203538453206762,4.668577347837925,-1.242798001872032,0.6910276276597074,0.7766192273451793,-2.018492367598806,2.2493990368042773,-0.42570442689867605,-4.712847287760539,-9.562835180222493,-2.244338322565568,0.6220381784565632,-1.670027459191978,1.05791006566443,-0.4640560333459689,1.5864816041145957,0.8707958448596287,-2.05893123012212,-3.5349371933050975,-4.150227010458991,-34.83027020474268,30.29698436478172,7.676002745201799,;
0.8538189249854895,0.4413936953684855,-1.905276875905372,-1.4508971254513767,-1.484176384421346,0.2341507446846549,-1.9198045262028187,0.22976148620858794,-0.4743197573833413,-6.90990561071883,-10.37473553052564,-1.769322138582936,-1.680088827694476,-1.7395310396909949,0.07874976027875391,2.530786972356559,-2.792159446750645,2.8004458952343043,-0.8380263887638115,-1.882493225511766,0.04962410242455917,-34.89773637700847,31.998974877267173,8.688240321647697,;
0.09770785591467757,-0.8221357999398243,-1.1998666478493192,2.0105056536919648,1.6331082747097412,2.204754501136165,0.4681140823418328,2.112292810224062,-1.7355710498925419,-6.778504258721085,-10.204509335893647,6.51277917756704,0.6445709082138933,-1.3783085075826378,1.4777496951009539,-0.567358743003112,2.3830454076708634,2.4003274980782976,-0.7951305046599053,1.1154703613559178,3.3416935919166804,-33.88438825760934,32.35313629426598,8.418868260172815,;
-0.3597586078906829,2.490760285789621,0.044511185728538294,-1.0471862535434582,-2.2428553074629463,2.6392568188149994,0.07824972844556477,-1.2049479229269195,1.7724468983098518,-5.136105448658057,-10.622476221697696,-4.536648804262768,1.278776583986314,-3.4899826411596067,-1.8620674314191774,0.17178219821976626,-0.6123409006798397,-3.5432377117722353,-0.42114814851507276,1.2016700915860667,-0.45540105179276225,-34.54764619652944,26.692231327937478,7.107030643515543,;
-2.034321957964039,2.3137467261029685,3.7316770941967548,0.012044540543271864,-0.2672117041682327,0.346500338593728,-0.2657321879949963,2.024329688714971,0.010553107214718693,-5.557599493311493,-9.877633789062827,1.2632353946466992,-1.1653383427273525,0.5004242858887622,-0.8870641172930505,1.8174378103885829,1.163225801079733,-1.6933082198056582,-0.5672117261584226,0.04076570522963152,1.0723742802827587,-34.49850594643996,31.216259943759567,7.476046187871873,;
0.36947289597139843,-0.44815385150694254,2.899239863745663,1.0639443460869202,2.5557810677226485,1.7297277671853521,0.14517281771030888,-1.0039056854940895,-1.2966842261952252,-6.323481804135653,-12.950256248785166,0.05345648552440707,-0.18497488527629002,-2.3184899601309823,-1.3874881044960716,0.35436089179953,1.4404218377162863,-1.9366228541028931,-1.1668041007270382,-0.0028097576985572914,-1.552614092658132,-33.66841533736848,31.11431502812617,5.183072466682631,;
-2.55043425878506,0.5294932278788471,-1.2016143522645848,0.2468852615700854,1.8633324698189426,0.5346202735043448,-1.574329409304787,1.3544218849421554,-0.501917645622143,-7.294884696511616,-11.714010769805554,-0.9537454419713072,0.5999099792201434,1.4767142853198507,-3.331156494140089,0.10635136113226196,2.5880201319355933,-2.9900355478687857,-1.195311345475801,-1.602718287817325,0.4593808345194361,-35.12321165117646,30.147255757189726,6.72880569499506,;
-0.8523812664605543,-0.19444344179123607,2.2551448908332077,-0.17175742288314666,-0.9361599165285952,-2.078975183270643,-0.3725646793755928,1.755145924839809,1.394661817180065,-5.802214345595367,-9.812608521612873,-0.7113030028186813,1.5217633683560052,-0.7618825834109444,-0.4836617525535871,-0.5965441252765089,0.19087142654370837,1.998010316322791,-3.358026354586901,0.7623942861429356,0.2881153851681688,-35.832351346495045,30.654539163857308,4.438900992691913,;
-0.38392496708007684,-1.9656652074917567,-0.2923160466668264,-0.29338553774744014,1.8414819391169317,-1.2007706994789373,-2.0365466948731465,-0.01933189316164885,-1.6103039037086546,-4.081354476238204,-10.716406606821266,-1.715879811005891,1.5992764840101472,-1.5125621139042167,-0.3498485245505094,0.2545871723916804,-2.4597150771195118,-2.800152774033563,-0.6295195206516695,-0.3964750403493298,0.27913493188412986,-34.79660523641606,29.636982849949916,5.2632312078008,;
0.6196527011229023,-0.24575560589721712,0.36338739869864867,-0.3958737594812618,-0.16689241573322988,-1.6061438921755098,-1.443605479306223,-0.4827748587080123,1.1329497506677626,-4.3529841963823515,-10.850796948463483,-2.6332882803657185,-0.12714859022625546,-1.9279469398739408,0.6196844101302759,-3.545367306705053,-1.5070449547399107,0.41307873645672544,-1.4422344331007473,-1.7299135856799523,-0.038636903788301424,-35.1238904286554,26.67675525648049,5.2573212647595255,;
-1.044874246036727,-0.360868778924603,-0.9618071681229026,1.1751218406020456,-1.6214186834969837,3.0904040035753724,-0.45903538348663186,-0.27616792732365525,2.4793933342986065,-6.722847832520031,-10.035640621133837,-0.16335660107580452,-0.22638130098260945,-2.368986512887453,0.5704125236413233,0.6854465542961066,-0.6365023853420837,-3.025733187990113,-2.800107484946942,-0.04557024248890684,1.0971242847015787,-34.44841557781524,29.047843165333205,9.265093967628275,;
1.0511949932388234,-0.9387421042185656,0.21052297186577107,0.2213636595435986,2.0878570031899812,-0.010480122423302873,-2.3331529753963367,0.43202181689207464,1.003954599234305,-4.990721546500993,-11.908402716037187,-2.3205494975779857,0.7887351601714272,-1.570660871548803,-0.8540017874182126,-0.4849599495107242,-1.428042070345441,0.220356861235814,-0.8156283696031892,0.1543854448829478,1.6899648884911471,-37.330451510744524,32.30508415118631,6.935543230566623,;
0.07829250366722817,-0.38258822280357874,0.2762132601505414,0.3148959835966423,2.8796737077113335,1.3679329579906607,-1.4498498606110033,-1.131097510428674,-2.4260939471899974,-4.0935723370857815,-12.637632452365352,-0.42419230216819415,-0.17139976895049358,-1.3521094912705038,-0.63564754931366,0.7877990625648579,0.4242214639933479,-2.470989651640707,-1.6499265233035274,0.3600400206968857,-3.624837131137326,-34.945519154993235,29.815897661442406,7.538906405764635,;
-7.80500329009908,-5.698126925517561,-3.8920198256544154,3.876871968610196,-6.885426524167087,-3.8383955989504557,-1.3293909882830244,-0.18120956269032718,-1.5593616761078124,-0.9030327260978837,-2.663631971816983,-0.7823465333131026,-46.82174059340588,22.627326396821523,15.422990201234313,4.538204018018874,2.821365699181399,-6.909453579034732,-1.1771058399321,-0.6136066629399721,-0.5490505928966627,2.291356263726094,0.8298413946230596,1.2485161502896176,A
-5.9057727197159124,-4.128488877533267,-2.024134564015185,3.7489984693569767,-6.401768259178368,-2.2538893043201824,-0.011019884113801837,-2.9519334009786746,1.5993429590290589,-1.124299611570521,-0.4361664552993716,-5.140742568071687,-45.4411972755679,22.382708869071244,11.8895698352664,5.159245777665191,2.8239486186171803,-2.9180974275747644,1.0837545013428134,-2.4267743281712626,-0.04424820319081846,0.8037095238871927,0.06463648082348072,0.48813448447725705,A
-9.229930351706457,-6.2842807542377255,-1.10299610093017,1.2584558702701116,-5.956509254697664,-3.518856505518613,0.41101626532327096,1.535986844023654,-0.16430458476162357,0.5193203642142734,-0.33055497693396774,-2.199087620523187,-45.024181737287535,22.64592340502177,14.348111663957127,4.86155323453184,3.3902843191571606,0.4931206960554846,-0.3448426632427726,0.820285296271976,-0.154407933023208,1.1286869981861472,1.5145474965368777,1.2196011730908367,A
-7.66898536730497,-6.162244539289486,-1.5611545128450643,2.4938847416665553,-6.789047289818541,-0.41447448509472906,0.10504356595402964,0.8468017075479679,-0.8077366772124606,-0.06058988303610846,-1.275216444473216,-4.632443195325266,-43.78563436295917,22.032754282955885,13.66722922816274,3.913091246246722,1.5521386721513863,-4.9872482158948515,1.4991390804791784,-2.6696246533975057,0.33089806024247537,-0.9432136793869574,0.7498864584531333,0.15108628272207625,A
-7.883054937440761,-3.5951403924475067,-3.7310552602909866,5.134700065716309,-5.28430474770704,2.9590692050300618,-0.5268570336044034,2.441419414813396,2.753053786058217,-0.8796839963471967,0.14292915558246477,-2.8449232277152987,-46.9110603800645,21.217732913056317,11.915628919507128,5.434132201527021,1.6472958501067012,-1.1343038633867195,-1.0444809039361616,-1.6967293720502852,0.6313793818275713,-0.6341187264972561,-0.018032538228325734,1.3431287620861667,A
-7.767535492357979,-2.589529471722676,-1.1036502265752688,2.0172788991107566,-7.7900442341942835,2.2210292510301315,-0.8116534160575126,-0.6727495376797208,-0.7507990512756919,-0.03629038918602134,0.5934706976011626,-0.49675762414665314,-44.06079083113917,22.826600582485504,11.998848559902342,6.216032852518055,3.0023162540765895,-4.579463140288567,-0.6246165393811758,-1.1390821019512174,-2.970150087381967,-1.0184175948060386,-0.6043219086658809,-0.03112682994935767,A
-6.473323834587859,-4.880389352321111,-0.20267446498905883,2.988003282849,-5.222398059137731,0.7618055685057925,1.3277132095492439,-2.2339705197436786,-2.7100089801766103,-0.275475826004417,-0.7330432090244017,-6.7651076367403675,-45.550883610100186,23.6725748893084,8.313877845730246,3.573453429485305,-0.050489885563052894,-1.1704442155236734,1.085790957627836,-0.740122972307006,-1.7715335969531338,1.8781439648106897,-0.2137782911756858,1.323858361430382,A
-5.75780867025145,-7.260163281860972,-1.360110728820075,3.106917035202038,-5.4480105096467355,-1.8049233392908377,-0.3218796606818941,0.9939470850048053,0.9072837157103208,0.5440255036506088,-2.1970711730683945,-4.856700803454146,-44.75703436583143,24.458004734229412,12.20164930027812,5.220331274110244,1.5858060371780596,-3.02080382582659,-2.7360190734172676,-1.2080402359766822,-2.2393322494294807,1.7760620031573353,-0.33228698827117853,0.2014494833283038,A
-5.864774051994573,-7.2780818256550095,-2.1507183020401612,3.6389083845043046,-5.036967841377532,-0.0914310346917091,-0.9798434097065618,-0.4206656427861333,-2.078186050621696,0.2809488491559904,0.2243779479148884,-5.347929029645513,-45.98635749147215,24.22723502015011,11.014429261083023,7.915444557155411,-0.04410846665308554,-3.6508809565887645,0.6394557165776291,-1.8149649920570141,-3.3308490531536563,-1.215929058920679,-0.1343675966563609,-1.9888094162049583,A
-8.403236847062317,-4.741656241019412,-1.7048206930716674,3.2662837050079148,-3.380178909233166,-0.2559136554143038,0.5748625150870561,-0.2823414472349839,1.1668036258753887,2.874116343157432,0.8588536421138713,-3.320384360748733,-47.90648946826002,23.185922646224988,12.081856151460556,7.186349883549884,3.0319089700692246,-0.5147414606011012,0.5690034795562973,2.301824578056653,-1.165121342861255,0.6042972634432715,-1.7969910961857636,0.20846686923403013,A
-9.59956853750964,-4.571701467977413,-4.250095273945192,1.4968263979949867,-5.879818111368365,0.21845947762801643,-1.0054994612559973,-3.1770027766856686,0.4436543719957058,-0.18887021543743998,-0.8203273213246973,-1.2275813170553533,-46.207214516204374,22.414610806012256,15.326845220367943,6.30168870530623,1.661823529135802,-1.6651742026206193,-0.886200169697041,0.8114608485711017,1.336138687893765,-1.4342099098446681,-1.7109273279801585,2.68058844021823,A
-9.020747170565187,-4.00998194392614,-4.4239790762642315,3.188094421317608,-5.732404952520085,1.7416298590618453,-0.5404316979598063,-0.11822238614902858,0.8884507244684414,-1.269954992440951,-3.1361662343576313,-3.4717156175979653,-44.31097069152608,20.8259682817418,15.465257405967861,4.589380543152103,3.957023114096728,-2.432995170212905,-3.2203631329428433,1.7411892366022528,-4.785471375339739,2.0683254277156777,-0.7843222828859524,3.8240094855819393,A
-7.205135910379795,-3.5069050266694326,-5.234074981550918,1.326328714292977,-5.436468623511303,3.638208410479365,-0.6638252947427512,-1.5914807023962112,0.7651566985122145,2.247238521317108,-1.7432707679716941,-3.4128081855596406,-44.537531907302196,23.238320502786287,16.025466322955538,5.327028011408302,1.4614606461332755,-3.0569498948311775,-2.119458278120888,1.0662574316518203,-4.242567913624555,1.1916739814034116,-1.3133273007490942,3.868468211455138,A
-8.698077235986034,-5.58287811518959,-3.534605628379893,0.8563737187449547,-3.6659329723517544,4.56438235680821,-1.366178401323463,0.26172872496698574,0.3330512949400486,0.7707229921505885,-2.7414185719212583,-1.0889480792424706,-45.156945353927085,24.618863654917938,14.941397189179781,6.783453756755279,3.4084705034491094,-1.2221180149262523,0.24551969398743978,0.06295484282217956,-1.419376956991016,-0.052579997066928286,-0.08753389204885309,-0.5639630259511819,A
-6.4053212528836525,-6.217221877123469,-3.302895047700872,3.388048541383988,-5.723986989293621,-1.1829635252796038,0.686310443669977,-0.2655099948523514,2.2986192091174757,-1.981948034709312,0.6018893098440117,-3.937100232982573,-45.726538688556616,22.172032705177763,14.265768554688123,4.158249972520338,4.746523272070078,-4.727729106643551,0.9368767758192931,1.5839953458623484,-3.3658969036114854,0.989274992515675,0.7612895517480069,2.711247973412469,A
-6.726630821539118,-5.2114752565805995,-0.9849551858335985,2.050944696831955,-5.933301616962581,-0.1297664154184872,0.6603828656964854,-3.0124790331813642,-0.0876488749641453,-0.0926257797171246,-0.48896954318115604,-4.877507632984305,-47.28382415964862,25.87302734692627,12.934004561342874,5.87313685794328,0.9092428812572564,-2.228889078407178,-1.1012225631782684,1.6997872604440687,0.42572979101174724,2.459546273071929,-0.028213167768669223,-0.7766152548115315,A
-7.191015896482554,-4.365502500125748,-3.4890465021603063,2.2751972923450623,-5.917694623714567,2.359438150121605,-0.11825968229715844,1.3063005592032368,-2.033721552645545,-1.5543440084327145,1.309530510949628,-3.425068491387208,-44.27241769699219,22.405516560826577,12.69966375207747,4.8303315599536205,4.325438580681492,-1.228481938011953,-0.40877949744864495,2.7239958056973705,-0.7312652521602558,-0.5711325925248119,-1.3908374267853105,-1.740242195784731,A
-6.699887218354888,-6.825366724019173,-2.9798638319467727,-0.3547582652235235,-5.470133516752242,1.618111742943654,0.8045458117998718,0.41838075608441727,-0.053049204830188046,-0.8172417518994521,-1.8135856845219962,-4.112530351318924,-47.6079854509868,23.706104880354737,13.61707310520427,5.910874487691316,0.2626837796174186,-2.71266557484563,-0.6704987065932038,0.09132509506034125,-1.3403219027276805,1.1916733669091926,-0.145633402276232,1.6468893562426956,A
-7.524823255720548,-5.132606570614436,0.07590719397410339,0.5710354196539029,-4.3659737084854555,0.5213317202750432,-2.2003412896454098,0.45734118099957755,1.9444861071837636,4.01262515969956,-2.289378368257161,-3.739130963769412,-46.10092463621993,25.676873832185045,10.4647196061498,6.38761585038818,2.099875413989764,-1.1851105493047385,1.713347034368084,-0.27600514711392066,1.2583905868880265,0.6333467354753637,-1.68269227137489,1.336122892768799,A
-7.204187269392435,-6.423285372787505,-4.983974204498793,1.256555160246208,-6.818648346361954,0.6389421027694198,1.8097492725838569,2.18119068211314,1.0555503172728322,1.2283249657403204,0.9496751145579765,-2.7021372517714326,-44.95916229717599,23.07149088352967,11.846431208684521,7.777254197064558,2.2539475774292157,-2.4413246186539936,-0.3937110945757354,1.2492444272970715,-0.520365919846256,1.63108467178008,0.23812207017452636,3.592524044538095,A
-8.102008562873777,-5.392561400769011,0.47734041543725425,3.305515063186512,-7.849775834165996,-2.6056094186354812,1.6894779091744594,-2.395778184986,1.020731997667383,0.39809909285472855,-1.3634488525393635,-1.92576716441107,-45.50662537504911,25.34741626694646,16.095334067228805,5.634086999953581,2.8802813612995806,-0.7996646446808882,0.32737458587235935,-0.019443605448714152,-0.03768206317562317,2.4866969372504215,0.8261763715788533,-0.10273813598024617,A
-6.737488409672778,-6.519665228480702,-3.13053270545322,1.9297229801367095,-5.1995971751497905,-1.255009976071392,-0.2518343098325353,-2.5269090145338566,-0.667786737087738,0.06484136417449804,-1.6703749066523983,-3.3460096811142535,-45.33531582020254,22.65623914388963,13.04525770423919,6.702548415516283,2.7066629928660006,-2.7177039027143337,1.5629401080101744,2.0391546531437115,-0.11455076081239213,2.196741383824495,0.28997579210388835,0.2708786858612484,A
-9.060390816391191,-4.322199186854254,-2.0107713446288358,2.041984518404931,-5.85131328489598,2.704372812124973,1.1353602665819365,-0.10655066912235611,-0.5760334704639831,-0.14027217019188498,-2.751188891933282,-6.130867687380203,-44.31667348787522,24.942620408830827,12.708208618717038,4.917752179728346,3.7096955839823806,-3.9270423644737207,0.8199989343013527,-0.6835157440322348,1.1436354069089134,2.5150674794745953,-0.22857702429573123,-1.3495297580902843,A
-8.717761488142457,-5.652787494412943,-4.046851793936014,1.4296307714815413,-6.006335539252973,-1.7924494932696007,0.050609038072483514,-0.27759144833970595,1.6709530498803247,1.1551578293883367,-1.7499203134945276,-4.732092118897128,-46.228662698185246,21.681171829154785,12.206466161668118,4.5764855511004825,3.9135828606102905,-3.342527674057294,-0.39045372112840937,1.6262130803588661,-2.3247516134265425,0.49475049849987585,0.18151552543825744,0.22620664073605212,A
-10.021465659301612,-3.5677196911249927,-5.924813214193762,1.9787264016957664,-5.224032392821584,0.3721883114090474,-3.7330562096947575,-0.15989731511626815,-0.23197553291100803,0.4570133878959126,-0.7396925750321088,-5.195281733309514,-46.157125338593744,22.866511543653893,14.767942869989668,7.705037762672106,3.5573884550761363,-0.09403554621155763,-0.38963924183561716,-0.38867537582174805,-1.8880500968824663,0.42280439668549974,-0.616948218298063,0.5014968200965768,A
-10.21517279660361,-2.4879910522149262,-1.342803202218704,-0.010639327036393809,-7.147426726328774,1.0789134742431656,2.23830136915356,-2.8704844843664716,-2.1712647743738103,2.5228037455287975,2.014468103192769,-6.091013332176601,-44.31015751544436,22.55551515577519,16.062037014370674,5.5043129132300805,4.332500665863392,-2.3957711264487784,-0.3318109013483763,0.9723225034137073,0.722696758011864,0.3638903502037749,-0.3197976487102352,0.3628598815095643,A
-8.258262208412475,-6.358805670211251,-1.3049241766601085,1.8885905943304593,-5.5792800077555285,1.2696705421695356,1.589975711848422,-0.9192660458943465,0.04134199572303032,0.646107430781818,1.87600710327672,-3.2660667448427034,-44.40395715829203,24.232121388431274,13.822725236850147,5.428566233708281,1.7757134736352214,-2.262179944896502,0.39049671293926735,0.5304653527446845,-4.193068429523521,1.3175101009041725,-1.2123307499258686,0.7034158372151751,A
-7.593647077880121,-5.087945919254272,-0.7635377561814494,1.9555149665244969,-7.569863829738324,0.4173089235060843,1.1424190054080245,-3.2965956280051216,-3.2678159013976824,-4.60805072108883e-05,-1.7007782164701553,-2.0922081575000107,-45.395584419078375,23.42741524647176,15.877424474380234,6.558386229709246,1.086661040293336,-4.891331744025194,2.8787320156874685,-1.4622940480502677,-2.185020847509918,2.6092754917059438,1.8765843059834566,-1.6274503869788646,A
-7.436180006485017,-2.8029230975150115,-6.659799836171203,4.443885642694617,-4.326607385972409,-3.1025332467604585,-0.6218795965462176,-0.2273633812264677,2.016320288196937,1.6414018032023208,-1.1993333265212414,-4.969272001930506,-46.28458977802035,23.543615399252992,12.664842339287588,7.568340595918535,3.5381101971796625,0.5881585654701098,0.05072291085087244,-0.025959736681471668,-1.21635784332085,0.6907688452259677,-1.2660872704690291,-0.28976556921162455,A
-7.631784701938898,-6.900570397702315,-2.565067943451652,3.705967116895245,-7.61398305100704,3.748806985847011,0.09934201226731787,-2.8850126605144624,0.5067261139887478,-0.7526246777701928,-1.9804213071800234,-1.6114950735509979,-45.555224894390335,23.56139965599393,14.05201631212941,7.016801973161641,2.889786454559129,-1.3062249573576423,0.18755519815163524,1.250465233988507,2.230111562876118,-0.12683359372230996,-0.6089396601196739,-3.376633537740645,A
1.5172281657081044,-1.6899421710784681,0.8024095806972582,-0.04824667033899743,-4.133655996469713,0.13961053273521884,-1.3037810714762665,-3.142450783293981,0.14312835279139335,-0.3857242179628102,-1.9145284890570622,-0.5256040933871304,-5.767255125020199,-1.8166696673776528,-5.632705769119809,5.860452440425803,-9.779029419497533,-2.413024633899056,-0.0774271468080272,1.7666838809744405,-3.213515048893896,0.8270763968904404,-0.027483927730926894,1.7866507739595932,Alt
-0.003952000130766464,0.06987689585060419,-4.163297637248604,1.0065047094421828,-3.4885898741299,-1.0110410244621448,0.11979370379233156,0.35356900645783185,-0.3820377401632413,-0.7237325255103926,0.6505366031419157,3.0058529290252523,-6.815762870685319,0.10115876390284484,-6.925490308942358,6.424208535656113,-8.054913711202488,1.2929704821837618,-0.8575630187297634,-2.1903329594813385,-0.40807502132037143,-1.7255022694168431,-0.5801068928575006,0.7437560946786448,Alt
2.3291272041697084,-1.2749647723344697,-1.621098565424802,3.0272292519823196,-1.2216266023803541,-1.502920586909113,-0.9520615892938862,0.5836622383494898,-1.1892861482779722,-1.3434166050560563,-0.8952085422156699,-1.0770515655925692,-7.37395360913888,-1.0144071548944424,-7.10617240581206,3.4167419889976216,-10.589438157577746,-2.886068360479271,0.2189076316454006,2.6708897832121465,-1.5871916078588129,0.6899722312824537,-2.745944687372841,3.164413208560859,Alt
-1.013362668413265,1.6758951304983902,-2.593907430933143,2.8712554982042207,-2.9622974477918547,-0.10633104363989787,0.3980743148521171,-0.9920830533820038,-2.2026236003335953,-0.468665388909848,0.2912161757522256,0.6879072398195945,-7.611783516586399,-2.2491584152289974,-6.6841448455391514,5.545249126727747,-10.643057114268728,-0.610824192236521,-0.351499828424906,2.328674182184315,1.300823241635726,-2.230886768116612,-1.2809679097308333,0.12266027334970886,Alt
-1.427118473657515,-2.9658245978592896,0.09677824519275191,0.7800799113829271,-0.47203401895274055,0.8178710252586257,-0.5658625853234245,-0.039551820504954094,-0.04038817806969064,0.4556332660520681,-1.7265207096983204,-1.4182658724541852,-5.935719115935058,-0.4355834577050359,-6.035895366961654,5.535339656570898,-8.683826223519986,-3.2058109412555496,-0.4100065152957697,1.8159579285498353,-0.19213747160841876,-0.10916801535481824,-1.5026421289227017,-0.8821323673017218,Alt
0.38863253217982674,-0.48084711710360106,-3.968606977781633,0.9579076791477519,-1.9906287521435502,-1.9479431008726351,0.07988407895468885,0.9869663806757387,1.5259342521568442,-1.6625564464033147,-1.657835003745305,-0.3701047981912211,-4.45607824845149,-0.5960354900100384,-6.482444533127534,4.0148419072767965,-7.664097251374102,3.6474967223297767,1.0950167522862273,2.9161840417095704,0.39436351268699354,-0.6674941531219432,-2.2208770584864794,2.0884509796563293,Alt
1.211122192106302,0.9890172033547373,-0.15704222417588198,0.34568997364984,-1.3572354239212814,-1.1625940239672445,-0.09577194821348112,1.7107668879579876,-1.8246178260211536,-1.6386652839625242,-1.6754811788018742,-0.8017616071738871,-7.304993327835859,-4.068570294548422,-4.236332362109749,5.756606964939838,-7.703192112434891,-3.4357671340316642,2.5062382953350806,3.5146913731089313,1.0204913926626205,-1.8574483394708423,1.1486255312269265,0.1971194632006359,Alt
0.4330175739819424,1.3069357270018649,-3.5636663890160776,0.5252827207124113,-0.9232570972014855,0.5228725939449532,1.2125538207330466,-1.7485979211041922,-2.665814512778809,-1.0795245270879121,-0.2601858100721586,-0.058239978081985555,-9.718295525874822,0.3764534207858503,-7.6878478291364445,4.531764974533672,-9.312467930305985,-0.8887455668034931,1.2876404568771775,1.6250989512449507,0.6788509996514449,-2.5785347811322836,0.7664987860633374,1.362006462546617,Alt
3.6108484038612687,-0.006548442021750089,-1.8107502341977693,2.612658392651497,-0.8684147722757416,-1.2854500053020956,-0.5142786588291175,-0.6115892541119763,0.806280269019112,-0.7607906765483747,-0.5407721977410063,-0.7778858692283848,-4.759473377348911,-1.9524162288337052,-4.839689185232658,4.915520930294505,-8.274957117969493,-2.6484402418865898,-0.19783457753450762,1.5989001696834322,0.9530372988330669,1.1349499320466876,-0.43119273866666674,4.9009018753541795,Alt
1.9032920443846137,-0.5689466312471013,-1.5067685049751276,-0.2661201806393052,-2.8158332613435846,-1.2333279427226103,-0.5332832713159439,0.9102714813367925,-2.5880737304682953,1.1111542204430762,-0.5269289409934288,-0.4478484527443811,-5.254676317862561,-1.0319180238472612,-2.47334394277118,6.035837263978962,-6.536313854925083,-1.4226791528205354,1.8657854382959798,2.0355956034252216,-1.0710017150597082,-4.850932632860506,0.2342358303157681,-0.7419724772865379,Alt
0.2646943643833879,-0.5455982333944931,-3.8008436207485943,0.3873645573955997,-2.6832074018801677,-2.6726244752628645,-0.7526497821958849,1.4551585856301301,-0.587030029296443,-1.914502252708111,-1.4946656745464963,-1.2373608453667089,-7.6496536906663835,-0.6484335778697243,-3.4003863834703907,4.219547850733932,-8.272649464326605,0.7472102161256657,-1.018150983715465,2.8669091863159366,-2.1984316047214634,0.9271220800478304,-0.3884325507667654,-1.3019703949105974,Alt
-0.47919431798635514,-1.9656435026583172,-3.9208594236067142,-1.7339494784257,-3.481945078854494,-0.7364018499446843,-1.820568419145784,-0.0878761154798724,1.9643786400156955,0.3473072905390424,0.9755165388699538,-1.7945136133249093,-4.08548868750691,-0.779021809021188,-4.307720516981078,4.711085319415453,-8.939710413039393,-3.624330609489448,1.3340663893341862,-0.5015071571313996,0.3777232025290118,-1.8578545995513096,-0.4241339952286438,4.513691944243817,Alt
0.47156954666030515,-1.759715920040516,-3.626518818712441,0.9519341704768891,-2.371119347758224,0.5136788490266326,-0.31826069885896136,1.097058115687048,0.12933824634166058,-1.0206111675969254,-0.32140992674709423,-3.2451949976574497,-7.4982939737590755,-0.3119175281092268,-7.199465857319808,6.928100155170132,-7.469980287853787,-1.2054257569458855,-0.7000971944472134,-0.19919924802461253,-1.6412851059852187,-0.9769947308845985,-1.1296103401010384,0.6664502085696427,Alt
1.787499832912431,-1.9953720373007058,-3.3523210305601765,-1.441957177002621,-0.7663318163845361,-4.05585333997584,-0.42672232499596596,0.5510835499480606,-1.660362775292981,-0.5764481480800399,2.0351517944332898,3.193101414469652,-6.48562793603989,-0.2072577355845695,-2.9308449701503037,5.489593244250521,-8.765001938763646,-1.577075285898104,-1.1819971489539327,1.4814774910078512,-1.9557709303630304,-1.0481267659458453,-1.207122088678176,3.146676751184941,Alt
0.9707191833215916,-1.7908018939376489,-5.324239362759386,0.16433319319632744,-1.163521326954367,1.4411551364541992,-1.8117447368116966,-1.109640630799987,-0.7738396968233019,0.9675343482247101,-1.2557537463437427,-0.34163874699464714,-5.90476677969707,-3.1563525303628452,-5.6390519616307415,4.9722628432744,-7.359210282407588,-3.7331720628000085,-2.2609113407739017,0.4848268228248003,0.019854721415072163,-0.1786689894317277,3.258670550868672,0.29304377850212404,Alt
-0.430737678907974,0.23467325495271685,-2.0770605402462365,-0.29313438222213506,-2.031216357753692,-0.24561434729344,-1.3527854950136717,-1.0159761214453056,-0.9553916965670055,-0.133913096363095,-1.849917073107747,4.04283614629054,-4.937030211850299,-2.049474938440035,-4.003528810250316,5.152534407947911,-10.250071020341977,1.8740001480314845,-0.4132639785006873,0.599262348434138,-0.3506992679089649,0.6594306533607153,-2.6768507294114414,0.0155659997178077,Alt
2.4426165398641615,-0.9225665778337039,-4.096720709752788,0.9318445765291585,-1.1152039916443641,-3.9189757604809756,1.1073502118544507,0.6891367604524703,1.9431336001578075,-0.5262218105263443,-0.760685317924441,0.5827832970258555,-7.256939051287503,-2.277800698534861,-7.56892651643318,3.51162934357653,-9.308396367551921,-3.528409359754562,-0.7343048595583603,1.0412539007266304,-0.33755373137404376,-0.21627147187790996,-2.029067645042616,0.09615687526576266,Alt
2.290843675707947,0.3850805041196723,-3.531252026035304,0.6022500930025672,-0.2860574398821427,2.3114817491079407,0.010924825117069048,0.02669380484852013,-2.710496086016576,-0.5594796738429508,0.270853867198241,-1.1438491586532678,-6.7032321321654535,0.7959095920201236,-7.406422429010945,4.5240269422574,-8.55798919953898,-2.7800696264754947,0.7795414075204476,-0.7953990431563653,-0.7107396615829771,-1.492153661184112,-1.5308751003902898,1.3795281645492423,Alt
0.6992220765537809,-0.7420236181090878,-5.370885881380389,0.9353717215696662,-3.7607599970618253,-0.4085531928286059,-1.340839862954022,0.6689123057367112,0.20664460195183665,-0.5069452511195323,-1.8887381114013522,-0.4658116515831239,-5.96598698846492,-1.3035472227069818,-3.134962219513966,7.757511918149913,-8.224188806870245,-0.36401235395709364,-0.4869748455755065,0.18279059611204218,-4.660484888136693,0.10205387464160509,0.02002830277537271,1.4283586370552257,Alt
0.501979885187211,-3.104421890484277,-2.5671968171128015,1.4605755334223147,-2.2489528703650308,-0.6137643523750285,0.4248162847611807,-0.13104329878197518,0.7902961834528242,-2.8393438478356856,-0.5333080952505043,-0.6423277261995395,-8.736305467700845,-0.6569866469714611,-6.231688028602662,5.50031693651016,-9.483509130693534,0.5717974417161145,-0.47367105951781596,0.1329726452030826,-0.43676231805397947,-0.18152030475315684,0.10649899043444577,0.04184914650272731,Alt
-2.1655728038946904,-0.15953490858271935,-4.3286457143925645,1.094332552465275,-1.8149706219293193,-0.5097410584871795,-1.4957266712846797,-0.11706365193526835,-0.6636811545527053,-0.20056713252683522,0.27370703981117117,0.34560059698515033,-5.9768485535499565,-1.4568054678385352,-5.871856562963501,4.794299422458259,-9.713870827515066,1.8273473325708096,0.0021206714060788556,-1.2418703273581713,-4.233205791213948,-0.9478101495250115,-1.392550725324,-0.0871448726043127,Alt
0.1821582763116112,-2.386322298822371,-2.710859075623489,1.2501693637898796,-2.168728233372292,-3.1509285209270956,2.3183458598803837,0.28691926484921737,0.14882760026381447,-1.564140702260481,-1.0623121257802381,-1.9259145165346467,-5.222507655907805,-0.04951994151110739,-4.596373418608948,6.8512676850746,-6.591698412312482,-2.1169282602158432,-1.3637623160521741,2.3172700463206155,0.8089364985821135,-0.4080812374476679,-2.973454999828661,0.8977195962075939,Alt
-0.15014710715490764,0.6219583524827039,-4.2237427133409255,-0.5887901773583337,-1.549181545068052,-2.62400323458661,-0.31961812570730874,0.3127144065612697,0.6746578993305548,0.6314255251648078,1.0467825958110666,0.553217922573765,-5.599202044318986,0.0548691455962782,-9.986292537360782,6.19506767314374,-8.921245717872722,-2.3569601421092443,-0.5441236193212227,0.07215716028015606,-1.7045767954825237,-2.0633760268957175,-1.5034560644916724,2.102459238458664,Alt
-0.30761036730496016,-0.14976110391055508,-4.455673931967169,4.902567696756833,-2.12583037805382,-2.6126197912979023,-0.5968126168304932,-0.14230813778175389,-0.35203600577051475,0.8385739260713407,-2.070908968964659,1.30176998086705,-7.1421003415209725,-1.0673482657729494,-7.925244980755508,4.92800928770037,-9.480115382682001,2.322081793738107,1.1870525101882095,-0.47788694521513264,2.476877658482067,-2.2588517855820456,-1.0051304162486048,1.3545561689150531,Alt
3.9487248057366173,-1.3774534462005343,-1.8120613301130106,0.8292187736821006,-1.8468765703437953,0.20663343113739074,-0.6306135559740067,-3.09113522711732,-2.588510753234118,-1.4733260928191996,0.05841098063854133,1.277244425640447,-6.230286766087062,-0.5386149820870614,-7.394158588115488,6.862533968826213,-8.715319625371038,-0.4001496957627637,-0.4364769274681173,-0.7473449806453374,-1.6042770603916665,-1.2117026590199842,-1.945718518977685,1.8948500048613823,Alt
1.4416178141456726,0.6691982139009238,-5.932638186907468,0.6117520896254689,-2.7402262791426324,-3.1988977901402222,-1.9575367671019386,2.157105538070226,1.4470893134903235,-0.8178044169153154,1.7975967247040785,1.3694448783500661,-7.508884401899934,2.154191161695209,-4.2913004028868045,5.376515987344433,-7.465226850552654,-1.8652864697481277,1.3050163925654559,0.07745258148348455,0.4248002537521529,-1.7001181691026588,-0.5887952473496938,-1.7936342077464928,Alt
0.472791741142089,-0.6406208820752969,-2.6990264577731864,1.0321592217353697,-3.1124406180407505,-1.5955680599984134,0.9975311173346393,0.6815340308277484,0.13787422007612804,-0.6899314285898797,-2.1352539429819046,-1.923066190831264,-5.05350071447063,-0.1734565972374824,-4.586959615715557,5.850678680281813,-8.231110766656641,-2.5115708096183766,-1.3262958629487116,1.8353701807084235,2.0515666001269324,-0.6598916409867144,-0.18780051929581987,-0.3703135859280451,Alt
0.5071413052240246,-0.008856138143060521,-4.735776912913138,0.4838804027849761,-3.4090454615256363,-2.580643914822076,-0.8046406577032572,0.6108105929963301,-0.787407453027356,-2.206901066223338,0.25686897298513145,-1.9561400925298358,-7.435041943304441,-1.5682526562720156,-3.7948224904327503,7.23217190779603,-6.958621417429498,-0.771574941229062,0.48198434310156557,2.346728194983484,-1.0966300457565126,-0.19875990557770962,-0.718570647640874,2.6197458860654024,Alt
-0.04467088656224405,-0.670756653990681,-6.050017436721873,1.8374091289398535,-2.0291793301271355,-0.4884931740043612,0.29667157930379506,-1.8205494774178135,-3.5764418105729305,0.1685291556795221,-0.05588780274572969,-3.020273984330231,-5.058656914758728,-2.9444524700457464,-1.9562727685983532,6.472262278837299,-6.999074172628269,0.08384520158773512,0.4898580784862716,0.3641495963396011,-2.308806283251215,-0.8370406619110113,-1.4969395189931447,3.0264353391904137,Alt
-0.1094312862900324,-3.324467098929781,-3.645135287047083,-2.36625563864051,-2.2234341267723607,-3.189690291598424,-0.5775368251638673,-0.7398699213781299,-4.853016904252286,-0.5237782742598611,-0.29235994033496127,-0.1629271466693467,-7.192866015128175,-2.7200630977854274,-7.44759182946342,2.9602263393488073,-10.857536772991068,2.3382864896339015,0.7560573414591403,0.9921117622756981,1.9466640961941835,0.006081759975053558,-1.6242698260690105,4.630651018100252,Alt
-1.2642021627991085,0.599033508369827,0.6458028023149609,-1.6311327605097432,-1.7158031812301147,-3.1921065381075664,0.06740903123310549,-8.574200160514494,3.02244095000583,1.1989746862213906,-2.919684635766828,-0.5256447521910559,-1.3943982828410526,-0.6965260515168978,2.021259000614691,-5.6205996365440285,-0.469812061154272,0.562043163731687,13.369464349410222,-22.469804267020223,-0.7251044065720293,4.0536872127758485,-1.3059508963881399,1.5679216965901333,B
1.5582434882940674,-0.8948579951066306,1.5472260813997991,-0.953755465339313,-3.8144540557175333,-3.8164908839432883,0.2461872854098024,-7.929402482391282,1.4346583378999753,2.8717783457899486,-2.7888218637875184,0.39921221564861753,1.334787265138658,-1.5501018555238986,2.8337681973146687,-9.258743975160463,-1.7025261523214965,2.1165476411160853,12.91688506515652,-21.353423349371823,1.2200974292329079,-0.24703706877686926,-0.8226930261671015,3.9020728273699774,B
0.4673851876233357,2.1196671083545366,1.9171172178799338,-1.6436201426649575,0.24925844494532612,-0.565365406709077,-0.9206905035158064,-7.021526613537873,-2.7980485519473746,2.2211458758877356,-0.05176453437661621,1.539125645150591,-0.9084272825494111,-0.0005540369645586907,-0.3637041739204392,-6.808653972470481,-1.9501281611238142,0.7284907850728928,14.47172622668593,-20.594192465527527,-1.5314787967728307,0.46101779050533054,-2.2178968090211555,-0.6059140232822529,B
1.6638558642353019,-0.3350389506169609,3.595352799221814,-0.6228061428847838,0.8431564759125649,-1.7979290986897922,0.4689474665994675,-6.721389795364075,2.5971351666347573,1.6136791669751531,0.48484043062620685,-1.2936974048176353,1.0012547574278017,0.4008481939670645,0.7332942496602186,-7.62584857712838,-2.5490437169138147,2.4958544308767614,15.158604482814859,-22.177404939124997,1.7621302423957559,0.9336866583501333,-2.2298412026796797,0.2089996547791202,B
2.7571656378142393,3.6912055524539293,0.22005491451807302,0.5562897648875236,-1.2704210569635848,0.663466496394733,1.350486072882826,-8.791256959665219,0.2218046654063528,2.960014036912284,-2.56524757323146,-0.9410972795436692,-0.007478876312660532,-1.0592412177037502,0.17088977934599825,-8.909603856255139,-2.663613354160617,-2.215365708846889,15.25145524992459,-20.67699879296761,-1.1558872804938574,2.283822537521523,-2.096809321338654,-1.5430354119895355,B
1.4227688750526681,-0.1782516511004466,3.7074846826618,-1.669277503035289,-0.12091900441487269,0.08879710809407015,0.2775448795611055,-7.277950411835718,-0.619387133015266,2.2081147630096964,-1.9214008283661315,-0.5843412677188553,-1.9102387286573048,-0.45354043054355486,1.8644572262315933,-8.29114321398854,-1.776643490061872,-0.0025468899130487443,12.104305453632861,-21.51794814234941,-0.8917614254492605,-0.28151620483391326,-0.10228570763760558,1.4196552607339186,B
1.137021882069746,1.5119294049556515,0.34073105700781525,-2.577285115306836,-1.48829242689078,-0.5669003718444401,-0.46851851187841387,-7.1810289726433325,-0.8576555683942502,3.7525033088098354,-1.5399561925002558,-4.2835449660627205,-0.33462486964464233,-3.7730883098618904,3.0556195841660383,-7.239377730667421,-0.6400399611803778,-1.9321975754952518,14.310188191495982,-21.950300379274083,1.0293380966537597,1.5566281406869464,-1.3252280012448807,-0.534956428630835,B
1.514667355636277,-1.830966566721251,4.7462272866370085,-1.0658815835807047,-0.5576134784409419,-2.398436270458717,-1.205622658634077,-6.987044387748654,0.375772668623199,2.058792822859502,-3.0912664875016276,-1.3633410313112222,-0.3074751893473717,1.6301699283652624,1.0401233379662358,-6.73195738154633,-0.7028915140141692,-3.1822678349692524,12.656386800791992,-22.231977052300195,-1.0853672885803576,2.580429804461133,-0.2718343291820702,-0.8601728134494806,B
2.2816377251392623,2.225820949044175,0.2910133377010311,-0.7927600544373803,-1.350514924062736,-1.546290953760888,-0.32449144990896617,-9.507316980146499,0.6887342435401251,2.371417016284056,0.7523969585708983,1.6979121944382314,-0.5875208773378233,-2.675713042522375,-0.021178798761354756,-6.775531246099099,-2.0181392214674077,0.16389935054229454,16.697427540654104,-18.345551871735537,-1.3328454595362018,0.5945921977462589,-1.0237353740708244,1.3105922304737305,B
1.2681549486526933,0.7374950224770714,6.5293557609459185,-2.7574206402809978,0.19876560677192856,1.7806092833096727,-0.058971027633714534,-6.0783606177975855,-0.8265710261413233,3.6758068628786873,-1.3610386882802459,-2.292573750352858,0.9777722405478357,-1.5336760245620056,3.585826103935915,-8.168156745841706,1.4773323703957715,-2.1779217728139315,15.395617651495044,-21.433649795325067,0.6872557373052359,1.5492978840134057,-2.4471732123878667,0.8173956343022155,B
1.4398733147664302,0.1782190383602591,4.613730346680143,-2.8157926648861746,-0.9219645835914889,2.8160638046614395,1.3762779479906202,-8.212570809066904,0.3908814658606161,1.6199243200656923,0.3364708840207413,2.357546580043447,-2.4912319391175686,-0.0369349428754191,2.147404500694222,-6.225214867881078,-0.04940325126801781,-1.5351423146514094,14.880323320155895,-19.682791547127934,0.7816442313221614,0.582917052670382,-1.1250003069708185,-1.9505955965200883,B
2.301591208617225,0.9344633823919118,1.4499880464998114,-1.5362454559879524,-1.72693988782828,-0.7254585502240047,-0.2207809412387629,-7.421572362287321,-1.9288078403382087,0.7734082019513409,-0.3267882165696392,-0.023022919390939478,-4.52499095354068,-0.9058474386222883,0.20571066739915977,-9.246662552743054,-2.348681186037197,-0.44865478018448357,15.958965698397662,-19.4136053943202,-1.1482243856709715,0.929750128974824,1.3728719273909604,2.4559928586111255,B
-0.16967345362917285,0.20740451759234746,2.3579785979262624,-1.0984616252503088,-2.943906059438177,-1.2843622814881996,0.1424769211122987,-6.347954200986607,-0.5247742726593287,1.290738430316722,-1.0875116378304028,0.9898667113712918,0.013020733725142009,1.4532920133151563,1.275987402454689,-6.190599448743541,-3.210401613813559,-1.6897573457600288,14.332315001215989,-20.61401061528406,-3.000563716836041,1.4985280815574171,-1.358215162596423,-0.6538797021920573,B
-0.08999230570424288,0.5103909438325279,0.7761108724330938,-2.458100232914134,-1.760199794856021,0.8143542679320603,2.0562326833387505,-6.894467146515609,-1.802883254383005,2.4517793724785975,-0.6197297631176184,-3.5380491672699463,-1.4108256051597152,-0.8594220757807136,-4.042533895224551,-7.397522785963616,-1.1699938616858958,0.7164417547861603,17.96923760967355,-18.388853643080708,1.151766831894804,1.4343212099378277,-2.088936801133528,-3.1194289467922545,B
-0.24067316530022254,1.8974498249060536,-0.19736824746757975,-2.744524698870322,0.09478012153965665,-2.392518401132577,-0.2921837374921239,-8.290079367797603,0.5056363972802274,2.2993345934148124,-2.39895753858778,-0.22429355534961815,-2.0955314654184747,0.9437000450722195,1.1296930649705814,-9.546798663212819,-4.2252443488624465,1.5788813824551085,16.2589665269292,-19.33175013822664,-1.1055081168467495,2.0857685958379903,-2.242739215419178,2.4575162795405276,B
0.815301555098074,1.4037394027407966,-2.3966061365459836,-0.23362078546732334,-2.747074916374004,0.39868565955578106,1.7729294727005218,-5.256412430845529,-2.3089992255987113,2.1536799444139234,-1.349502808998409,0.14056985846536918,-0.061911160982845104,-0.8727257306542526,1.8112323053287582,-8.147658347531248,-0.8154240683989542,-4.365115216146762,14.141590812182656,-19.81555109015413,1.0151057200718014,0.1340038478386063,-2.1542304299469777,1.9805342387899714,B
1.1921349020561252,0.40206512388492743,2.354689355358744,-2.795294404664304,-2.0648120089574036,0.08266520145508593,-0.6464824227472201,-7.593426414248398,1.4484584695812828,2.8913263459357665,-2.564298490360642,0.9517536808900786,-0.9563429733900648,-1.5228161821321322,-1.7453969135538614,-6.607612877720719,0.34398914071354625,-0.40156820084877154,16.03349118630608,-18.102836452156126,-2.405740934207472,0.08635715702116897,-1.9522413121563176,0.7917740699463138,B
-0.006916719324863152,1.3032869103850344,3.846549751109592,-4.1767885314804545,-0.3867100145163249,-1.4525534093515375,-0.10974015356350098,-9.29704981739198,-0.8885457371495704,1.1518701381080163,0.05873420294130938,-4.2395219096871415,-0.39598149612936595,-1.1249429224626084,0.05416308096675948,-7.922725658813853,-0.4182288478659757,-1.2438645146567637,14.227790361171515,-20.356093796259643,-1.693752939077001,1.3202934944533453,0.49785064103498655,2.8046413303571285,B
1.336699417597174,0.5501647209732796,1.1409755014277607,-2.7587784343047446,-0.2634473622874225,0.15668924654494276,0.7826579765211008,-7.977453693372951,2.295349791652427,2.2994732067402595,-2.0895943727798567,2.53669252421588,0.13424338942280656,-0.552771470427956,0.035326996540561595,-8.294264875696904,-0.8997251633862504,0.7718553522038292,15.39969011355106,-21.849848719117844,-1.3076582390275462,2.0132799474104317,-1.0979868510663664,0.27470159774077274,B
1.8733085804930738,2.3675403489289915,1.7570360604545385,-2.7124891819329235,-1.4398348764277102,-2.8489243307670336,-0.06847321593544908,-6.7731111939031905,-1.4248878919501635,0.5359866397219832,0.42117841515141663,-1.318657193420563,-2.425667808567539,-0.6553952640860459,-0.025334574841338053,-8.343677194828466,-1.5332510290359949,-0.7037977239681368,14.680504402626816,-19.66107028805827,-2.0757054785813693,0.9934164942401367,-1.667716658648203,3.5917384707080373,B
1.1907783611863465,-0.8344507287217539,2.3404561778629613,0.6758837278201213,-0.33227582422358637,0.8631975274414572,0.7617530251773905,-8.038403483257383,1.8021512622406703,2.024312785774434,-0.07090275663520629,1.1808390594075036,0.8422988148682578,1.773653728088206,-0.1716346568107383,-8.510644274370812,-0.5188177128440543,0.7449177759788768,17.41892023203937,-18.544416693778004,-0.6950990266406052,-0.34355310058585786,-3.1233258654563087,1.7777299081109277,B
1.9219080722165813,-0.23119270639290318,1.7099439299574897,1.19239754537859,1.044871591420872,-3.3789236348005147,0.05492045186063077,-10.274153541806925,-1.0641864958192855,0.2529553038308876,-2.952261459972334,0.040050534900615276,-1.0863880952173304,-0.8465268800484367,3.5135573305161074,-9.342092990754537,-1.1204474412735124,-0.9757983293484926,15.594215116768524,-19.07274446996624,-1.407738413262166,-0.0392092547523859,-0.9596596728017204,1.7188185543566874,B
1.819422173823284,-1.5650390099842735,1.6378918727689324,-1.5604075965709683,-0.27308903897011305,-2.2041753426801733,-0.04444619975639341,-8.96447021760585,-0.2251705316737116,1.7872998380359846,-0.9537999877932464,-1.8087913713405896,-1.5339485669721569,-1.1108249384676299,-0.6900203238780023,-7.840463655877542,-0.574203492315462,-1.2366367369771183,13.46625066719239,-21.374599945620687,-2.637015486358564,1.018935952441268,-2.2994801963011042,-2.3316710801614704,B
1.0043947107647568,2.660888786476676,1.5594886794979175,-1.5452036597481538,-2.393322027560714,0.8196129851885985,1.2879067163915279,-8.46668463383358,-0.16363789747367719,2.6116884991400724,0.3558824388319408,-0.010548355309026647,-0.010054863701299155,-1.6292419896189756,4.153923773442443,-9.100328473363106,-1.9831180704382803,-3.884615893333205,14.287247052654536,-20.74270005239076,-3.233580201299503,-0.5044128498059379,0.2935515428087001,-0.1297964999508281,B
-0.9724849925325998,0.9492596637113105,0.47826110508475494,-2.268732381069924,-2.856213674416267,-1.386631546503338,-2.0966634918408196,-8.30935592720445,1.5507314353706079,2.5682494332154846,-1.027780990669953,0.1493275196202717,-0.7477032813165465,-1.7485627235653354,0.17592531782520382,-6.11240871512306,-2.2019387717957386,-3.9595112221829254,14.751771117214822,-19.538898570203102,1.3644172379857764,0.5073068909796916,0.247804471115316,1.1509352535753692,B
-0.46030504045489806,0.2917031581088969,0.5100186082663072,-5.151719473377199,-3.3170725467738293,1.1570939841987524,0.8772734363947654,-5.747679238988582,-1.3600521510883254,2.15354477294656,0.23492846210157836,-2.1445305485093513,-1.696437920341964,0.7810753786942399,1.9202966888570927,-7.869920530673177,-1.5234779541566184,-1.8437172017501666,15.531092972440547,-21.025459547085973,-0.4147727840642119,-0.7765839497146843,0.7554967304766222,3.2030139563380544,B
-0.11904383870853508,-2.293862594518203,1.954134543026612,-1.5143902026561449,-2.045129966218383,-3.883946551982717,2.6586762280200107,-7.336456558434975,-0.3841749019013605,2.70996948608132,2.076199882403472,0.5599559221231516,0.2046951931911849,-0.23010166358075423,1.1697672295898656,-7.08693503674133,0.6509090222666885,2.210931550591795,13.552313905483032,-20.178401193057738,-4.109813967605021,0.6964020005999387,-1.9876707220982581,-1.2073053210498301,B
0.36340093137954455,2.5824272414990816,0.2669266003919688,-1.8397754767233323,0.36382770244847507,-4.048855866444683,-2.619695109400282,-5.1089932099082205,1.3041358438212,3.412594412065843,-1.585565513921864,-0.21268469624862973,-1.2123680132700372,-0.29729574350201204,1.2670078329375656,-7.784536306769709,-0.11944855675312738,-0.8803197640115741,13.855165559121502,-21.898174747104534,2.198173021135858,-0.2569456810583688,-0.6019684007738277,-0.252885712912132,B
3.1578814752497237,2.5036941376520097,1.4856856037679336,-1.9145702391060127,-1.8550816241652797,-1.7416407376798588,0.6211194593156737,-8.20862924981472,2.623194333728577,1.6465316056472474,-1.7403168522764645,-3.3468647703966212,0.8789499014597197,1.603834963837464,-1.5789550366979483,-6.957975380979612,-1.2595906402447952,-0.8761513942523038,14.583717211434326,-18.34364942524762,-1.8264750462867596,-0.47644862634987106,-1.8292531524242719,0.7906730343923414,B
-0.21759103628346566,2.879440880392488,-2.150666300087096,-3.761675097918726,0.7299334164438278,-2.2019928249164877,-2.0540390099891206,-7.316230363802987,-0.5352922871442161,1.3763944298240318,-0.8591844623275335,1.9948725608038558,-0.30733853687988244,-0.048744389460544824,0.6940964228431881,-6.722862166288309,-1.9204014715823234,-1.8117415462160125,12.953400396856352,-20.051748990710465,2.3341740695044564,-2.385996516715288,-1.464639533961929,-0.4243593170022564,B
-0.6745965134292078,-0.5087050054990356,-2.7822266227062187,-1.1440226395552031,-7.30108741449601,-1.3375915836656986,1.683157572236552,-0.20326252905408637,-2.4574129771232833,0.10914007713360974,0.07804237855907559,0.771353756452072,-4.961321100709995,0.6314036875591924,-2.203367334978111,2.08328722264212,-87.13003722578401,11.718812446422248,1.1400109432790515,0.08101408282678335,-1.9977358575185917,-1.5017298490773783,2.134092312359826,2.2144764669432675,C
-0.9072693782482588,-2.913727758242551,-4.196775774510854,-1.0769656919592592,-8.855119932701655,0.06534097607692502,2.8675466685462547,-2.166022784617411,-1.7776156966951362,0.3750685682340773,1.8430230433948793,-0.37010134929067817,-4.538336434619254,-0.7031218013848957,-0.5144044520860689,1.3598928718739032,-88.8386794241654,8.282412349649746,-0.06487595491707765,-0.05391810462901958,-3.136335374098053,-1.12720471502098,-1.2123332438057872,-0.485410245178457,C
-0.8745491490432755,0.1751864209121175,-0.7117514543485868,1.3176052964844018,-9.476019806322938,-0.3168222313785236,2.108587456307818,-3.5233563381560202,-0.10770343266091231,-1.9508144392470186,-0.7927706097221972,-2.676659259226028,-5.729783158384635,0.9604528903185283,-0.8065546957848255,2.781296492667181,-91.7239740389314,9.050457462639372,4.249287059766736,-1.1326968505305643,0.7050064437664787,-0.11711420209367418,-1.620251305627491,-1.8620699043095215,C
-1.8866838218727366,-1.7138634249408953,-2.289460835314003,0.3942567773188017,-9.59031371518006,-0.1525634246406753,0.7367322079385668,-1.032403488228482,-0.4918375233089023,-1.24669661681569,-0.051188158682862195,-1.7285821152073595,-5.581548897169654,1.9615846367746244,-3.5962401134088964,3.7229705309630177,-88.93872446175862,8.529665160028742,2.8224541512399277,-0.8217001519525411,-1.4736490097386081,1.480487085195783,1.4610598814262232,0.5726043336623547,C
-1.2646846526137097,0.6957746796165691,0.7446211683183037,-1.5455623583902707,-8.678914833587214,1.2593615192401444,0.029492273338786568,-2.178374173678179,-1.2644944085163843,0.16886934340818271,0.4476819452481209,-0.09043229792609964,-6.492408404734675,1.126470241425885,-2.1278125502637977,-0.4417353168677991,-88.22822769220308,10.689045655954544,1.3185178928634649,0.596579739255759,-4.696960517710181,0.756007689532197,1.2972136833917176,0.9604496656052675,C
-1.2489443762597716,0.9980823931607778,1.3552030349667348,-2.874247500941891,-6.36172338425348,2.0146983394024005,3.069537667065748,-0.8621759679460581,-0.3994251046154318,-1.1543886621396737,1.4371428584445312,1.2402375919123756,-3.4120466871998474,1.1889144294705076,-2.4915724153125325,3.739938625456489,-90.86849811177699,10.61765589925568,3.4299206133191475,-0.6786235478602691,0.7919501124598582,-3.41630073257371,-1.5107049722109451,3.9630076462420334,C
1.1505136260291806,2.8039195835277675,-3.1924202118606217,-0.5861048780761564,-7.017375709223472,0.05308080833799522,-0.8893764995153131,-3.2624488309975277,-0.1593914828058587,-1.4309039703644473,-0.8344454282185438,1.8979168916595768,-3.720191635477363,0.4816754907807379,-4.722357167239181,3.0261830808544232,-88.01293195753864,9.991957143378556,-0.8922515015407626,0.022098765930053332,-4.593811794090641,-2.280779856202763,-1.4555918141359712,-0.17727014381040362,C
-1.0559075623943386,2.9212046631008435,-2.8299699237525715,-1.4995427516058015,-7.515164469033266,0.1901778658358353,2.244877074333896,-2.549912776066975,-0.7480772495178485,-1.3303160927197766,0.9499446924819495,-0.8919900200609732,-1.3219539772830728,0.8346167190345497,-4.12644039157459,3.649531199563114,-89.13460673944152,11.225829915181066,3.051730766917842,1.3875748581003222,-4.599509550206278,-0.6243991864233891,0.6734581308495535,-0.22172406420060042,C
-0.4077170614531269,-0.6479810186414197,-2.3374235591279557,1.0261579858425023,-5.352307537648926,0.08921351036707392,1.8890851649952323,-1.5885574199972723,-2.0645135752125157,0.3699097304539336,0.0871407871157146,1.2853604962799068,-5.228471468688468,1.6447515100678558,-2.3608313269976975,1.730074543292666,-88.38365844712787,11.724947667187223,1.7990607601873947,-0.19116045894003264,-1.0638973593037235,-1.1456666242503815,-2.8066762859636896,0.891473559350004,C
0.15522143886062167,-1.221103226090995,-0.3103204423027819,-1.5647028004228787,-7.668954779854175,1.3336015072650866,0.3102164324781027,-1.792855372088269,2.0952590923055254,-0.8438004537728219,2.1474996268843256,3.0691411629937306,-3.8188779987321197,1.1044807211069738,-0.8685262583731514,1.2560473860312982,-90.71483358239946,9.472917875402743,2.486210337953924,-2.3818357853262597,-1.564760799631813,-0.20657181152058968,1.5469889304045807,-1.8966746561035848,C
-0.7422025185152847,-1.5212389895322727,0.32697750647406565,1.4323120315343658,-7.282490582358719,-0.25439909148701645,2.335148564364057,-2.073172155596268,-1.172284372458705,1.1884624087649698,1.3430678117153718,-1.6278403585437218,-4.736254928658241,-2.0198633477395873,-3.6643433064589885,1.4736489843652905,-88.5846976604206,8.959574568390906,0.16304238687924766,-1.265592037977541,-2.343098483676272,0.9260987057924126,-1.617536615155828,-1.4488051973224856,C
0.4003826075761481,-1.5274833972141304,-0.7656331521974948,0.9327644339167875,-8.373343649471963,0.2593845247989748,-0.8050778417916309,-0.18901083387859785,0.19736972114992568,0.24393677897052157,0.6557840584453913,-1.9870166490644579,-4.5095571846943585,1.6150236709388466,-4.187104918052228,-0.929880421875886,-86.44804572458429,11.975045737702999,1.0531332239695175,0.2045429698548702,-2.8971826470141195,-0.7186079995685333,-0.38400784964571244,-0.3805103373111365,C
0.8741355433395483,-0.36617105711531545,-1.3054732014232968,1.776838265466381,-7.967327019187053,-2.2234682418335296,-0.10299633475180148,0.23411197603638811,-1.4112209356657104,-1.100497677833168,-0.2879332559856209,-2.2745611964431873,-2.145803506014346,0.38352970292458366,-0.637917458926438,2.4921562971226905,-88.42220924950543,11.371469215635386,3.1019566263397955,-2.3902536311774014,-0.8374450263798963,-0.8023634305927274,-1.3631484290764746,1.5909732643927441,C
-0.3388946201794738,-0.3311484433450335,-0.4927539719797096,0.3472896480645602,-10.66108574638588,-1.6150749964644433,2.510261631138744,0.016646862737474066,0.49608836951671265,0.3017644134798658,-0.05987703791168997,-1.0030234087770395,-7.5781107674856685,2.0600007019734363,-0.12150789480028834,0.021567530187496686,-90.58777504402299,9.16258893181356,4.510463634266639,-1.1153212531593226,-5.126428953972891,-1.4045356089733687,0.36259985917737936,1.9674432726559985,C
-1.807142516261706,-0.8525511946386932,2.8413737389755056,0.14258260852923854,-7.061089474777759,-0.11949093144573908,1.0959177795227966,-2.8938973747704893,-2.133726282455882,-0.8451588450297152,0.13763941120100753,-2.08731561085915,-5.14484767061154,0.3930330942422344,-1.879017676995943,0.8445988080813933,-87.00107807749785,10.408069540861618,4.364128514043955,-2.127038656795605,-0.3127068975796874,-4.294445254847965,-1.4604784724031532,0.9773171038741566,C
-0.6907543696756875,0.8074941481626983,0.29960550354883253,0.556202662334087,-7.796152073096835,0.3480841003699311,0.38270503613474904,-0.8692356365776277,1.784493954482116,-0.2852033551245441,-0.732366808309024,-4.5007492001903415,-4.172091458282097,-0.4809047870203713,-1.6063587756950142,1.5370427213297333,-87.69949444303934,9.253038890718415,2.5597848373689835,0.09431895287988823,-0.1173549318610867,-1.1322278911192853,-1.4443255321104544,1.3056153221999693,C
-0.6778511786141621,-0.5860805823026238,-3.466392142316977,0.7486910159425122,-6.239685992073078,3.5170789866733116,2.3781803024489605,0.05927092981093551,-0.9583171812026876,-0.306244886924695,2.54591605456568,0.05980676103882843,-2.611002682233078,1.5605884933127356,-0.9859193998996716,-0.3220063343652768,-83.26614479223774,8.495502319336595,1.9167534158629493,1.2248137256744656,-3.820945318023064,-2.0147167114671376,0.45802932711653455,0.49529585148798105,C
-0.3426971656492128,-1.4183430480784511,-2.0159254305045238,-0.6025303569121547,-8.909277835345904,1.951194159184638,0.37333851142976915,-1.2228545104154591,0.08019912319315381,0.8332129986794143,1.531346438032216,5.59426381327836,-3.231094130020125,0.24968425194933985,0.2098434622238301,2.3988984086049214,-87.03908740690099,6.73164002017262,4.3125450487439565,-0.4823345267868291,-2.312217014502039,0.1135191805741087,-3.210252808031342,-1.5543677370919795,C
0.5153546418751489,0.3766343832512273,-3.1236546907031766,-1.7751089389853973,-6.281221713933917,2.6745675584616606,1.9209856986109672,-4.822584643886387,1.222750320918351,0.11552245921149051,-0.24842793349904468,0.4456935549089849,-6.630459322968562,1.8627606440756566,-0.4051219714405079,3.0386715642661173,-86.92573869026873,13.615174833962897,2.7362556966031306,1.5093407612107512,-2.40092225170514,1.530170216763267,0.4429597746561029,3.717508478087609,C
-1.3298454263958774,3.4226526006541307,-1.8989782875021888,-1.4483691228807345,-8.472442897607209,1.1715406013597658,2.2850579038653622,-2.4882864901860557,0.883722481154166,0.9472403862034966,-0.45802078205673524,1.1114616146870162,-6.224581057449569,0.845475353189272,-2.6621760060577344,0.5198939724399523,-84.72962936732812,8.064282422648887,1.0805536631934167,0.6525073576363241,-1.9793392814527806,1.3254652451045814,-0.8759520996921282,-3.2687408535636564,C
-0.08586560555755796,1.885865235998631,-2.0636788120178835,0.8230799359627099,-7.291042215339189,-3.326157461865023,1.707999076608636,-1.9524926575538473,-1.5446000131455548,-1.2568779264423355,-0.62213970505411,1.329370461857195,-6.189965589981085,2.8243899851666256,-4.440930883346709,-1.0699702440150247,-84.26632598172732,7.823161933174617,2.0979747711113106,-0.06369182162033837,-1.4975246372131323,0.5669127214527592,-2.2106130949683944,-0.734854134813645,C
-0.4912082392493744,-0.9929131603931476,-0.5669927172073699,-0.06456625842626806,-5.702941889008173,0.9137692793768792,1.5578634789815462,-1.9508653663879443,-0.14121311432802486,2.0961995641787112,2.2916624012939906,0.04601334046293459,-4.851641187297076,-0.2250217194707389,-1.5443809162670163,-1.0331833421181216,-83.8399468012334,9.239673986651326,3.081730545630876,-2.122561534760635,-0.880807936447809,0.4330664833725564,-0.024143263458540787,0.698529306265641,C
-0.013647413987769141,-0.4476190552495754,-1.6677107778691607,0.5460213975862303,-7.196836467760704,0.4448823507322004,2.8676824713373863,-0.7047093660521284,-0.446946580152769,0.2218104853566203,-0.621326087088903,2.6232538278162565,-6.1320004192373005,0.28552177581104843,1.7963180439812163,3.5460922482520445,-84.7452416528213,11.825027427156158,2.015576264152749,-0.7531495518747704,-2.0715313659939056,-0.330508322253948,0.19617413868634515,-0.9218812090147139,C
-3.6827454938936057,1.2258652128472114,-2.458316611173018,2.1546194594024257,-7.049415272156523,1.2024182316711745,0.5766870299264948,-2.68688306824032,1.5996505303710933,1.9024882669579313,-0.9376125314292381,1.3832455038361218,-3.7934933391591414,-0.5618100419539971,0.593325360466963,-0.8621427147982388,-86.37867922462738,10.010571098500861,3.472680761518582,-1.8381707719482137,-0.16838283569836676,-3.259919721025092,-2.084639660174929,0.21036929804660076,C
-1.1396691728828614,-0.43472311578077744,-0.07444549643355458,-0.09253089269587633,-6.7779212033375416,-1.7718792012067297,0.4968678700627338,-1.5130806553355853,-0.39219917732299336,1.877104460082002,-2.194762496189071,-0.06283054320675774,-2.9517287768889275,0.2939378437716229,0.3305169810304278,-1.2963961519613036,-83.59573766012784,8.471409257570087,0.8831782301475997,-1.509665662394255,-5.1967278108203345,0.7070035740779872,-4.11228829597016,-0.5931586720732298,C
0.23218467194533332,-0.3972570112431241,-1.7226856954578693,-0.4650188092539054,-6.648694366869847,-1.040844840347006,1.952750178125128,-0.3964284833677709,-0.34795360499543904,0.8960628461191433,1.1087695751618867,-0.8405178576157368,-5.792629871213393,0.2670600184790928,1.7220714000862927,0.5648263007461267,-86.20546779981274,9.575637778718658,-1.8187219603180047,-0.35052545442178484,-2.2901073191365526,-0.20290600827585337,-0.6210211149879115,-0.8666947120902364,C
-1.7077706674432989,1.259666074585598,1.2662945865963593,-1.2300873502154133,-6.397015623895811,0.5565752781661786,0.8624336193239106,-1.1295972243091796,-0.4699407329295582,0.1433491257198014,2.0693114927815657,-0.6854671017740657,-2.414581772748477,-0.6757004248846954,-0.05515469843612664,3.8576314088639876,-85.01442650414407,8.135233803313895,4.759829735147534,1.0803784817658197,0.09748892860989145,-0.4667972611646647,0.8079832745721518,0.09342121604186104,C
0.3995615880625678,-1.5593838050937323,-3.2130000789862834,-0.2637058215250079,-7.305027744759741,-0.3711317000578447,2.78609876203054,-1.4821289543050966,-0.2912332752620159,1.5066508749708163,0.7957352413674812,3.098484270053291,-3.827292357846403,0.727376689444931,-3.849402783975961,3.4809339876821923,-86.9754214179271,11.57186254717169,1.7837213334304138,0.15621799134143544,-0.7896996540047212,-3.2645352388959594,1.1637757801730402,1.6724366941156177,C
-0.4616111044218769,-0.8552660681586517,2.1328982756606365,-1.1896342774129067,-7.497920518418198,-0.013498135251154508,-0.23317735948443552,-0.6734870528141812,-2.770367399051281,-1.3403612884244538,0.09582582748174673,0.48204518258677354,-3.5673398575592046,2.2186881588897975,1.7566771737358522,3.442788720420012,-85.39424538162746,9.596217397284818,0.9919113961129611,1.1815113329306257,-0.22029000481597905,-1.153132670337726,-2.640658161560239,0.6459726788971238,C
-0.4331083492783705,-0.7730036668421503,1.3201668668035609,-0.33863813049879354,-7.390406952595185,3.4437088462869383,2.8342888863567,-1.3269738034902616,-0.6398881819362146,-0.10208079791167535,2.856100888903569,1.3149180273001093,-4.0029537883779085,0.5581006409658897,-4.050671652400695,4.150165383489934,-83.92777444748026,10.854405774423583,1.2191514070606289,-0.6824259000060522,-0.7281666331566612,0.20962787866385213,-1.9503880630423112,-0.6152843580973695,C
0.9274831421446947,-1.9599720063026258,-1.8893443161628056,-0.8111726968343476,-7.302724703275771,0.972460602773765,2.8011666175655883,-3.555795805642248,-2.28417518084035,0.5618545639246122,-1.050146998341006,-1.1626779276984394,-4.784175093569189,3.0468780708831815,-3.162390540489298,2.3276310501788657,-84.97410935884395,8.411627034321725,2.386300930972606,0.5253120804870122,-2.812210966221926,0.15125648236174527,-0.017763025206022576,2.0648952620154546,C
0.5220592629269163,-16.49575722384408,1.6419199936814834,0.5148141856473103,-3.579038198618207,0.934007595425328,0.22564893713796774,-0.9466183156840486,-2.995596608985636,1.2507500149827209,1.6158705331100691,-0.7693451115529228,45.984908203401176,10.934343618332697,9.947724610480293,-2.12283801483575,-0.893834807382774,-1.4276549724037295,-0.8463505471345805,0.5319425561138189,0.6675463938998973,-0.5904025539898115,1.6560519667406766,-0.9019415636703343,CapsLock
2.439349473219295,-17.05761248930179,-1.0993610652038797,0.2741334772583741,2.2040422208618224,-2.3972697461153416,1.9391783831443385,0.07107529280276026,-0.6458961231347189,-1.1711048033700422,-1.5842204948876883,-2.3571276684233453,43.472373929813415,9.263302687217895,8.72677494211382,0.92765994124602,-0.6499012324128159,-2.62976623645568,-0.8577530949795076,0.3184108134137347,-3.5931839179814915,1.2706827042524296,0.2984500380297277,0.031249299062949376,CapsLock
0.10694716537227578,-17.245486065323632,0.4310380052942264,0.899247952698488,-4.405862597435714,-0.43236833032062805,0.4588616175446676,1.271482170829671,-3.9384125501532594,-0.6254032007967325,0.04948989854329966,-1.1990291317205788,42.891243694046466,7.481764945120972,9.117471085354737,0.22435622181606618,-2.5590370215504663,1.2693861481685644,-1.8906492300594309,3.2943865542866604,1.4231140705649636,0.3393247155237731,1.328765592549317,1.0723897285295152,CapsLock
1.352695182972525,-19.66462602792995,-3.988902925931086,0.23802537225913056,-3.0550554972518853,-0.8307255456151097,0.7562822869018317,-0.19457941005271095,-3.7520366188837784,-1.1193854140198738,-1.2141768947966511,0.8766953362517711,46.337308528296006,9.771808288367232,12.389393781153387,1.8263027306465602,-1.005958681684632,0.7282227683785436,-0.13368056267091788,-0.06955003653810365,1.7391432558643487,0.947878129846984,0.4024324162687378,1.020050259275763,CapsLock
1.8986728833225186,-17.61824578682933,-6.199318174888219,0.8241802202456796,0.042144894698765256,1.4502009404390606,-0.24403448422137952,-2.0416858327186844,-2.6127796901507736,-0.972508815644467,-0.33196133795715355,0.0381206756183019,45.505856518499456,7.154616145138419,11.580402998842885,-0.14012310549365736,0.2373443255534653,-0.8836502541929008,0.32636449062989925,-0.25620438202028595,3.6663816995065304,-1.2700857318169838,2.428586008339593,3.1240288953140407,CapsLock
-0.4460896374459935,-18.25421889901333,1.7192250236412292,2.0754915785292525,-4.161791955732554,1.8879889656176374,-0.481590952906668,0.38329245975521076,-5.872439180261438,1.4712031720192797,-1.6074332833271114,-2.2443390632727187,43.18784984937295,10.739277057561559,11.027413629454713,2.8889261041701246,-0.15727125514771956,-0.2868612005305522,-0.13761717231022175,-0.9684639766916092,-2.046792034718237,1.3673352815102362,-0.44462733935866083,-1.9122054951518521,CapsLock
-0.4281580194675598,-18.08847247858025,0.8528441267060884,0.3635904169556454,-2.661252360762944,-1.4391203651940714,0.8947439539583701,-1.1338116485460432,-3.265193616771569,-2.162054874264733,-0.919738343666296,-0.12196661294046862,44.07481795974661,11.691809567758021,10.656198803380107,1.937885931161695,-0.7613458213286322,0.7466241223095267,-1.5326855765640204,1.1448375516176696,0.7770521361757687,0.9960674846529116,0.755237596192643,4.528066108531675,CapsLock
-0.2903839136187685,-18.792047090710124,2.0385360223421003,0.31010678708166495,-1.5587191532191014,1.9893858145464947,-1.2029484319913442,-1.4551263402881034,-1.7573413472580341,-0.9726435210628424,-0.29883510068341934,-1.7110730527294322,44.449477129491726,7.802532374524553,8.796195997419943,-0.20229569399739944,0.954085992735628,-1.268003325724976,0.07061786151043847,-0.3839403450390506,0.8878597776669039,1.6130361970928107,1.52872194965083,-1.539019123059461,CapsLock
-2.3873998330236645,-16.9568884932041,-1.1613329039694236,1.1334102997239555,-0.6122965866713912,1.499919212100167,-0.8732199876459452,-1.5209605859267583,-2.6456309101910733,2.379891098436836,-0.1641734287730685,-0.8622048268032358,41.33341553480048,9.96918429102849,10.625756511153725,-0.8162764593616885,1.7214610584658487,0.48031359531927365,2.5293965570096475,0.07325560322080094,1.2724406953704488,-2.014656820374867,3.1278146731002607,-3.4717355686371434,CapsLock
0.17876329820688852,-16.883449544136976,-4.18075202603535,0.17734679526755315,-2.0495765563140367,-1.1029490259777504,-0.18226975784150046,-0.3231341003144337,-1.890278154605653,-0.8229152448834398,1.0060940957735625,-2.935520477432476,43.58083646803635,11.473800592552102,12.753829783168328,2.417479489494731,-0.6965974076903478,-2.7169316201873244,-1.079427212331062,1.1117154362882928,3.5711148515939612,1.115795935514356,0.38410706629701963,0.4701298535383671,CapsLock
1.4120167012620755,-17.7444903102359,0.3101484054639059,1.5976627785522197,-3.778308124249236,-0.17240117883409312,-1.5734009268499616,-1.8802813033024677,-2.4191698500683856,1.1279008517719475,-0.2650349358608821,-2.593650470715886,41.923504074441865,9.480904325252347,7.633501043950275,0.9075690527177542,0.2453511438156113,2.974550136653079,-1.4310110953490387,1.465472060397886,-1.520523663412348,-1.3695885542096562,0.8324775657137309,1.6459581088939785,CapsLock
1.102921413507545,-17.014173558660858,-3.4275973093710945,0.12779901123037973,-1.1225597724746308,-1.4198465951767503,-2.2298716339493287,0.4834742257646383,-2.8041914084589052,-3.38798308504537,-2.144854089521459,0.5295789021631663,41.89731098903465,9.488914471449512,11.389209129092421,-0.7272269431412539,-0.6398537133676712,-2.693717989407446,-0.8734998476882581,-0.31932594637619616,-0.10444321962876302,-0.43565222368191314,0.7094895095481206,1.2723438831180829,CapsLock
1.148804191761542,-18.23765767650539,-2.5723825042858266,1.8539536942010812,-2.549395245996948,1.3643488896578333,-3.177111417234224,-2.0545816636584675,-2.1254927056078827,-0.49047148629433224,-0.17517305482917322,-0.3278322295446401,42.55662901368291,8.527013648192941,12.541176062951308,1.9210529563523693,-0.04053138311718385,2.5264679662097933,0.8538758249412695,-0.3900484866317697,1.3734008805638496,0.12878217305323858,0.47573662625839575,1.4359436758746824,CapsLock
0.9021532128792273,-18.774942958243397,0.009903242983341443,1.7415551651483412,-1.0242876197508508,0.017254715449666946,-1.5018624197206902,-0.5908241046891192,-3.52142503004751,0.6124703012182593,-0.07336229916421644,-3.859718348437866,44.665454158731166,8.726560672742899,10.44201268647538,0.6577958580465406,0.5042164588343496,-1.5121892161644155,-1.5662145112326549,0.8293632615034738,2.1710161458707375,-0.8956967979879309,3.085327451818273,2.5219846318453847,CapsLock
-0.9137289771174437,-16.94792935734592,-2.4455834309155193,1.6503336811323805,0.42996984476593525,-0.42228877472280146,-0.6936271036814743,1.7403534678460915,-1.8839321278010175,1.8521090448993434,0.6644233508905586,0.14215396712000938,41.56106332825533,7.199410574727601,7.252212489616284,-0.9875897529568078,-1.1615258888484448,-0.6985884567876042,-0.23101120409379305,1.4487740913496197,-1.3376575850398922,-0.45275587283856567,-0.8496950455746344,3.7538844215089284,CapsLock
1.1308916300083638,-17.973087678933677,-1.764911718307701,2.5983882787367065,-5.64658900969539,1.22922680277469,1.9721647370012834,-0.6403718369430749,0.5667340115513753,-0.35947588690148535,0.12862636983851417,-1.9725462536007967,44.40481713950041,10.325790290314849,11.688814195728412,1.2349897025267538,1.2614144231876026,-2.6422556588697717,-0.5523234292284656,1.0276872941100663,-1.9250248542884378,1.1911357542703271,0.31406124988413353,5.260198936497602,CapsLock
2.310389299625342,-16.575305023934057,-0.9896349059226281,2.677528450806136,-1.2479945858230508,-0.16407479595972063,0.11447243373211524,-1.3611859023153272,-2.8055054594699413,-0.7483901764191287,-0.6596538997324899,-1.5189966588079642,45.02355139740129,8.704162282469191,10.905209039611009,-0.4936066594189157,0.051505738409588275,0.16253339147840506,-0.04205211691184019,-0.4066095132265417,-1.1530352131419477,-0.8454708539867184,1.7867761944388292,1.840222295563251,CapsLock
2.016090231778577,-17.990598892676445,-1.0538082082062488,1.1638173724557674,-2.2656842864027453,-0.6877201192858706,0.5272779258495115,-0.3319544260709506,0.2627487748786166,-1.5283894908092819,-0.9115971928249564,-2.2977768891618666,44.58536059542692,9.213211952658405,12.50503714693565,-0.26107325889627475,0.8437232312511185,-0.6085804642201538,-1.7930472039960392,1.6909454349847266,-0.3733764631861618,0.2764744469138378,1.2682230190088575,-1.2039393465199737,CapsLock
3.244735370065996,-16.595802418513088,-2.2916180237641015,-0.3162281912549929,-3.614734181676397,3.0861643734760946,1.6773232031289442,-1.833581026793894,-1.533306973141805,0.7396651951717459,0.24482824872711717,-1.6777726305097644,44.44622305808778,9.3117635932337,10.965439691742688,0.003768197107042681,-0.2742894999644534,-0.3129213066267198,-1.4922328748745919,0.8130725502257263,3.294069925300164,0.5391441612416941,-0.3987460386525328,1.3816237124626696,CapsLock
1.4960418814400782,-18.45946767917758,-2.593632239155795,1.4316458727805639,-1.1334282281802075,1.7675418292435552,-1.2963420726497796,0.38858670720551913,-1.9724088836250644,2.419257904259986,0.2528389610874626,-2.654533480958719,42.68803361766692,11.063440527247245,14.598724150921441,0.8319590636378038,-0.9222072483250656,2.626560513182028,-2.724811856714293,0.6014423909598747,1.1620579248494778,2.2890543656846205,1.3187204072012833,0.39611124913898266,CapsLock
-0.033276949645539844,-17.91865326640465,-6.199976305102496,1.113726679322859,-1.9758686236216931,0.11187019948886245,0.05270772423572456,2.219810705124246,-2.3909332192532133,-0.27449837877082217,-1.1966661846457214,-1.7055842246485895,43.35522633741559,10.748779199177484,11.210720044719153,0.27159604151103167,-0.6919802638263093,-0.9543838691532756,0.6867715871819939,-0.598962250031903,-4.584836462788417,1.3525390685069283,1.604060729290154,-0.1958661352642821,CapsLock
0.39989053468968905,-16.605847755219155,-3.050028613059908,-0.20029843664394775,-2.151788625035749,0.6523687103415341,-1.7783783369107509,-0.8044900142620577,-2.3418631354279,0.41617950225426625,-0.5036763899447863,-0.994038748209789,39.80789574173454,7.4109043197288,9.993935321514982,1.0807819878763283,-1.6571340917524822,-0.6716559346050417,-0.3852191500426123,0.24701153550660138,-1.5214004154804002,0.159733252685065,0.5650564681524912,0.7088412218747635,CapsLock
1.3526949206042218,-17.5695127371173,-5.675016295557782,2.2379804175190543,-0.791746491445565,-1.0939729362931416,-0.4515909745585258,-0.2665252909253297,-0.46062219403933113,-0.7052220644712506,-0.1683840812582389,-2.787688827307022,42.692103129805474,8.841401557404673,8.989576196179144,-2.9958249179616416,-0.09809000724666816,-1.6959291467445041,-0.8630470369088385,1.1122579035005202,-1.4005095452350815,1.4087375925332424,0.5417068960613989,0.9339832874149465,CapsLock
-2.2044111457932445,-17.808562681412365,2.3495286473067267,1.2979350305616748,-2.889172768709784,1.1788620003408141,0.731576504058979,-2.4869352952779025,1.955216677567023,-0.7130961278163568,0.8669568069938691,-2.8939029518916186,43.93730645696718,8.54262452173031,11.908031846543281,2.259062392774169,-1.3157351052122692,-0.7016556805220375,0.6996681206474911,1.8637527262831526,0.09988773563492259,0.21701770192149183,1.179174624758204,1.0360363057000654,CapsLock
0.2433701572327891,-17.5620464377237,-2.4729569804329685,0.11938329884792154,-2.0296270912140244,-0.32044932424918215,-0.20779009333670206,0.5855557869610664,-0.08875481652944472,-1.5116926402785822,-0.23639341549446158,-2.257700100859381,43.044229307424956,9.250270355708075,6.658496376555945,-0.5113898580560345,-2.410665293145314,-3.0480682218381503,-1.1196079571753899,1.1141592038531627,-0.19445162646206882,0.11290110157416677,0.8884044107982163,-0.12271654997198311,CapsLock
0.1801194800463577,-17.432816370846016,-1.7653511438149962,1.9165321492328076,-3.686278984242847,-1.5155599111145648,-1.652948430588884,-1.8183836181091237,-2.934718045195325,-0.9446794425997851,-1.4562140025145993,-0.2877607714617625,45.53843878339535,11.109321558680627,8.172244614545548,-0.5413896298646392,1.2728184554848667,-0.23670632036936468,0.1743281827901093,0.019906920420254437,-0.9425692028195272,0.14656529401553087,1.435055776328653,2.382477017088263,CapsLock
2.3469055565187773,-16.93584799361616,-2.6619581414818185,0.6326420818345326,-3.691160553945565,-1.2074201687768777,-0.7301430012748202,-0.2763016177909492,-2.9228934088653773,0.4627405785609042,-1.1324563993568972,-4.133036484661659,41.98052317264606,9.664163272564373,10.792631682383558,-0.7565481148284547,-0.004556972037420337,-1.6893587259830838,0.7896682231782641,-0.4626722236735503,-2.714535065111022,1.9927190089852331,1.0153270596466655,3.3025152731509593,CapsLock
0.3445045687986976,-17.317974315883443,-3.7212785136360935,1.584225050015604,-0.3678085031642695,-2.142128790807419,-3.764894287635852,0.021390894272457217,-3.5194619074337083,-0.23635327721495258,-0.4785645796144138,-3.3489976475222534,48.40649412874939,7.588052260109883,7.855348619556537,0.47616644929216534,-1.193970134199816,-2.65802382911869,1.128627332799617,0.5973700894318483,2.266285120347561,-1.7868732409584567,1.6555085881437464,0.9508436831657718,CapsLock
2.789430213617152,-18.433811543372524,-2.6369874162626843,1.541872944965533,-1.4136070197614572,-0.2781831413712439,-0.8808216881870647,0.4056902907701101,-0.10080056030773221,0.4607046314775616,0.5525635986325881,-1.7555195715712557,42.55567917132484,10.921449202800922,11.145017963668863,0.5979303414875048,-1.0469584955411904,1.3410053252488865,0.4565455365073454,0.8514894170287874,0.12375621012057536,-0.8255161346158744,1.773065599398521,2.8040639919098,CapsLock
0.08495965079009693,-18.56548570404937,1.0466668993923918,4.092414020935266,-2.310484505356044,-0.9888512305344648,-0.036477811887784206,-1.7199654781292395,-1.632296910350135,1.247357799754532,-1.0534510569855797,-0.16576972181167093,43.59468592496154,12.480905740660411,9.087248050189658,-1.8784938334469956,-0.3594010644971206,-0.2910219201819473,-0.8405133042831494,-0.052854656650865195,-3.659987531704587,0.9694603820387258,1.919264365770303,0.4482299147392723,CapsLock
1.2795705834295177,-1.8821403497042257,-1.1467354277869504,0.11420664715647888,-1.190266409895969,-1.118225226354184,-3.193170232773916,1.7051465884935624,3.650652442622004,2.840162930311763,0.10333951150857956,0.9674632038104392,13.187154644305679,-15.99434473063613,-5.260171209964881,-1.3769343875523035,-1.2306271505914879,-1.0852853136704539,-0.017715045083132708,-1.4565418213717862,3.015563384872223,0.8331525860265074,-3.7775637958232267,0.15476744003694876,Ctrl
0.17391658758765516,1.0854163212916514,-1.2409063770410853,1.1586410763424482,-2.1235362040666246,-3.848764318681333,-3.9990978276902336,-2.26951941663674,1.970449126507333,0.40378229022142875,0.4399856545285843,-2.559600889179535,14.016835888892615,-14.643394788163825,-6.85715008020145,0.22528139920467538,-1.617368257134018,-0.727645286317852,1.6835971848846434,-2.1451838209055865,3.3532686949860704,-1.0477520406040597,-0.37236138418884934,-2.9809324371195203,Ctrl
0.03789628966978853,-1.8526833384382346,-0.5000105853184209,0.7595450146013718,0.42755615952398784,-0.19839410317473494,-1.0471520707143354,0.11989398027631637,4.518349268572933,-0.1602452526523166,4.1175008415116,-0.8675687664596126,13.79231008510655,-13.664932420480305,-10.255450182055597,-1.528156557868563,-0.1681349387879152,0.08288482472744363,-1.475633964780208,1.4339117830718209,1.8349081876596642,-2.186802454400329,-1.291501090899743,0.15586830988456768,Ctrl
-0.44929684986823304,-0.6226832439823953,-1.7308169619180376,0.015653484154498187,-1.6543837310657068,0.685721538837754,-1.6217675324273868,0.644689636782573,-0.5531445516866142,-2.0108800493472643,-0.9899650008950971,-2.1338538851495628,15.007922187632346,-12.47267024562369,-6.972350457790867,-3.314039129680161,-0.56030717999883,2.4012689175849005,0.32300886604691925,-0.021971695291369997,3.5823521678809698,0.10188573576645155,-2.3199178858967286,-2.339459656037434,Ctrl
-0.5744539256379539,0.11442082852368118,0.7610199035372602,1.185519167455496,-0.9209504123881516,0.9288159494535648,-1.6544823646340427,-0.46205536938168734,-0.40464957921597033,0.16215134246972696,-3.216348938540932,-0.8318712368092633,14.862809142790042,-13.845747479399947,-5.059783236265787,-2.0984280835320632,0.5232193484761467,0.7059569147037337,-0.2955883855344723,2.0859015844010003,5.503677271502681,-1.8663044945211382,-2.4830849504426453,-1.505935778863261,Ctrl
0.9467236855620058,0.3074525407169775,0.5805619244471814,1.9067401522812304,-1.4396397914976546,-0.4447811533373738,-3.995839978295767,-2.8741342544212785,-1.6448787620849998,0.516994464857099,-0.12933304951553737,-0.5817657923628872,13.82543195878091,-14.101765335221096,-3.9809691189722685,-1.5125468857019229,-2.0980477441293885,-3.6187194056440717,2.350384557663631,-0.4103435175967576,4.5674335462481395,0.4151881685559715,-3.4054825259936905,-3.2141739783648404,Ctrl
0.8943206679397235,-1.7787014112041106,0.005014651752105692,0.6026228442298844,-1.0208557388517079,-0.36484487293580514,-0.09013852925429067,-0.11454154395218552,-0.5191897276446298,-1.435992881533167,2.0693559926578473,-0.6437488439217987,14.629731761258995,-11.89113161630759,-11.46085046773328,1.994196401259444,0.9020878657692606,0.9407269585386757,0.29748832212425214,-1.0168559756730673,2.797218371085478,0.04107195623758031,-0.7995544312074685,-0.916590721992975,Ctrl
1.2469930549722221,-0.3225475484796242,-0.2634817899811992,3.378098445495233,0.8945243472272182,-2.261202123580915,-3.582355809946417,1.3546441945898096,-0.18871423892147732,-0.2699289289792972,0.2090829749471368,0.18277987960937025,15.350819366316784,-14.289774164053114,-7.085134947901508,-0.5544459289965573,-0.7118014090005147,3.295460331567824,0.5540493580399932,-1.6552746100100677,-0.21431459452719537,-1.5455356082829326,-0.553854551289291,-1.2580256668015863,Ctrl
1.2631518640299646,-2.1484751716555626,-2.8131374798938396,-0.24117811045938709,-1.0450246112533819,-1.6175427649305902,-2.070817322947863,-0.5596546440299335,-2.223487790206491,1.3795282620392015,0.9844675102403642,-1.6813857449487841,16.82611287361229,-12.801041298775644,-7.104405044762359,-0.624084691319581,0.5708706410958087,2.146127492775804,1.200746777840905,0.36612771275046896,0.993274671460199,1.0960934165851697,-4.129826536152592,-1.995195662692197,Ctrl
0.7800212493478966,-0.6310995514943074,4.938750992028872,0.613754096328833,0.4909499793415648,-1.6469006750868402,-2.27864534127335,0.5123380074476813,-1.1551845620267045,-0.13513341125204192,0.2081312545842593,-0.05747123172756119,13.145070752173837,-13.672398842859053,-4.4084663958652754,1.9658246386773612,0.23381052229544252,-1.344580608937008,0.14409483389188793,0.07413736873313326,4.052328864050708,1.112790757330366,-1.607789862032817,0.6011044192772488,Ctrl
-0.043821057350157844,-0.03232122280370986,-3.819463014351925,0.8073281852755514,1.1339842385680754,-3.201400236517543,0.49044977202028406,1.954643214160825,-1.4626659808261593,0.0021072134994071234,0.03912837295158056,-1.1697918546507253,14.399912994246478,-16.566923882324787,-4.520593998559036,-0.002771687710499293,-1.9924356443653437,-0.19809355501837445,-0.497715112056099,0.4752679966716755,1.825280209364962,0.5624748071869803,-2.134623423028202,-0.024590193942117367,Ctrl
-0.8990234206535206,-0.07467420150683357,0.5328176015452186,1.298731355900017,-2.3177783517971307,0.8661780265711059,-2.9663377111648632,-1.4649489605245662,1.7584474606065896,-0.694816732000902,-0.3690608465275318,-1.8140997601672098,15.91782864918406,-14.014208073335539,-8.097383267639543,-0.10743270922359471,-0.9990435699875206,1.4549486470638158,-0.06373313979754158,0.3536404030917879,5.0266837417815395,0.32057340602968054,-2.8288317528632945,1.3327986502674776,Ctrl
-1.397761442849287,0.4922036020367443,-0.41175383223406925,1.351400028349488,-0.7956542123652071,-1.323858246539487,-2.257740281859138,-0.3193846697917593,0.9728859482162306,-1.0402912271766382,-0.8452608225553604,-0.9910892577015034,12.254032107806097,-15.448778510115275,-7.960281736071408,-0.4215508313071581,0.8127657661267449,2.562021516964478,0.5799772469016027,-1.8878100904920814,3.31822832892982,0.27686292007936686,-0.5681062188470918,-2.3574265004148174,Ctrl
0.43455062410487244,-2.2360317511353687,1.116025808205336,1.5301785498570553,0.8194576780565512,-2.1821377345290216,-0.5272426444815235,0.2682651149005153,0.306235060472261,0.26939295662590723,1.6321185543005754,-1.9144091338415592,13.809010063343777,-14.95357542806083,-7.944075963084572,-0.04240940263157711,-2.6299040842183956,0.25458472839682145,0.5411535926922753,2.206716754481974,0.3496217477381265,1.0155962583102465,-2.5368407667340165,-0.15095566914362735,Ctrl
-0.06418257879920475,-2.5698326508750884,0.2200850327440662,-0.2080553978968709,0.22176364701869034,-2.3468376238372457,-2.9618580383747486,0.7097111067963624,0.3859531885212846,-0.8273051760573509,0.7948301612540831,-2.542954199328676,13.600094387416704,-13.54343884878029,-6.645376150001368,-1.3436771611693317,-0.5619398290019433,0.27582800072082136,0.14110812357219515,-0.3730124689851664,1.9529537149149405,2.011704272861472,-0.8425870817019359,-0.2676863997095893,Ctrl
1.3797523770566613,-1.2978869445280856,-1.5531965928569775,-0.2653407343524776,-0.1976948579127793,-1.261009931883052,-1.2290525610425327,-1.0548604015507976,-1.2064321371910296,-0.9151329776538688,-1.1307364990789779,-0.7131710867898278,15.334395095755951,-14.082896313214192,-7.723747859074081,0.2740147919805409,0.12236101742590222,-2.691674203173079,0.31459241661661963,-1.1940073337467112,1.8916355322933782,1.9043293859560322,-1.8787405108282371,-2.3201930666267003,Ctrl
0.22820998275517468,0.6054163496321733,-1.7588484207080342,1.8244791504871785,-2.512308552323816,-1.0910555784469125,-1.9396860147827901,-2.087211644237641,1.0066133403524304,-0.5722363996547983,1.740033405562599,-1.7133626432802203,14.56484490000156,-13.370633815230285,-6.909939994431852,0.5722504616991486,-1.2333402668532187,-0.7090291770135195,1.6821040830310494,-1.5912023954778647,-0.9819201991563773,-1.020466712433766,-2.6047150434259834,-1.740056585389084,Ctrl
0.18097941844791876,0.3667737577468603,-0.6723611071828373,1.8326224451538593,-2.2756976218939826,-3.0069138376911724,-2.3523557364466012,-2.961827495592445,1.7604223759859678,-2.733051411624345,0.23066716037911306,-1.6805149583077537,14.508511894950857,-14.83995525342847,-5.17147809693995,1.0833357475591043,-0.7166888612771061,1.15118705866945,0.35667386975874393,-1.8081262774574043,0.7869749319505104,0.6000760744535754,-1.6867950663155398,-3.4362409215033267,Ctrl
0.2297014223673841,-3.2431358657908294,-0.7317129082999259,-0.1895941342316121,-0.4856064171428329,-1.282470307086328,-0.6652969179174963,1.2566351006277046,0.30842014668371576,-0.017711454089322842,2.237137107883342,-0.19346998782555147,15.154798554709402,-13.122489349572362,-7.00739220473298,-1.6924107213776054,-1.3430235841498757,-2.7420500526940828,0.7283484669681393,-0.8365867567794538,-0.1805858767405084,-0.49960746102305365,-4.089510039868827,0.0021342839725093654,Ctrl
-0.7665406900124481,-2.6548100311389478,-1.71767258532725,3.520496119779601,0.3685110531626492,1.4272709038511948,-3.7889620965757107,-1.9205159605555195,-1.6985354583873118,0.7811558259300426,-1.431819914529001,-0.5447580505641554,12.65326075875791,-17.37448018656599,-6.1780193533914485,-1.195306325161674,-2.411079481858309,-1.7709830642625661,1.9468101293641915,-1.1577626004454942,4.155487391960094,-0.3872092668351428,-2.2068417112599548,-0.5072789665665596,Ctrl
0.39775943283120796,-2.74888244474529,-4.520052100271812,0.532984444389399,0.35194268715935095,-1.7785232657171832,-1.3079213305630821,0.14229002994841267,-0.24214910971471681,-1.7615131302914762,-1.2045848402484012,-2.066839410151374,14.984847584443713,-13.845882298741401,-4.233261444781817,-0.6166180928778857,-3.3657860380835416,-0.01785276166077665,0.7204747384878658,0.8476202446434229,0.25873294329807095,0.22229249848938082,-1.1905055688364854,1.0949641720876002,Ctrl
0.8409745604913041,-1.0303303585699823,1.0809823213469372,2.6433020888797927,1.5816741545660875,-1.3155386023881874,-2.8026272187200676,-3.8702456245252392,0.47903652443221745,-0.4216938219716866,-0.22598386269163484,-0.05089865678417027,15.506251412369892,-14.441675250368426,-5.674750824112266,-0.6821831589781269,-2.9189091186521807,-1.7974809664207783,2.2845475416227075,0.11160461411986944,3.247931239616321,-0.21725397439665528,-2.8911395197388146,-4.962045950358345,Ctrl
-0.0935113660721072,-1.7082489209574359,0.08275932816081877,2.5744782011281444,1.2048462759160543,0.26392193520723595,0.9282324416270784,1.230436215499708,0.986900890506206,-1.3455857369952895,0.047407888558893774,-1.292874715536982,15.537331950053726,-12.316968560887666,-7.801500655091786,1.9625674792673422,-0.2989960398952576,3.627259841298155,-1.3784387183555964,-2.339438085909748,1.5151609947244538,-0.25621415765677824,-2.9785600152338247,-0.23285454742239153,Ctrl
0.0233752527018396,-3.997479794639291,-0.41394264683742676,0.08176310260466835,-4.672445690863185,0.2205520102390892,-0.7618128569212388,0.6001617009086999,-3.84105163684643,-2.592824956004904,-0.22625516534208145,-2.505069705462006,15.306428000057252,-13.855656236674449,-9.476666886135035,-1.672455460009047,-0.28189374055452276,0.8077913111351904,0.34757915852407706,-1.9153658962334674,2.288254847462383,-1.0431377655304885,-2.340414775589352,-1.3839523793211583,Ctrl
-1.0522801295495583,-0.816122243694593,0.09195630435209523,2.786652025524745,-1.4570145948595155,1.1040231375721987,-2.3470616772498527,0.11011991806350352,1.5370337593463432,-0.6755404556756872,0.19700008533845903,2.275804445017002,14.225478867474521,-16.796471032535344,-8.89170014891431,-0.7814141263660304,-2.9357367321720176,1.42845463900386,1.5288464800114383,0.45992930955168276,2.2289037644059704,-0.9763489065730653,-4.212361374522658,-3.1986173874518045,Ctrl
1.9513810270142358,0.3941945920605502,0.07619572897561966,2.0730305425030053,-0.7200432808306232,-1.5323539812591207,-1.509912260442836,-0.7816034109540624,-2.4464336948303185,0.5930112836329471,1.8132006385765749,1.674418256527133,14.744572901384657,-15.862670118582201,-4.722960063674975,1.0860512596578715,1.0534493985415452,-0.893874506746954,2.9521496318972993,0.007213293429558121,1.1641042856074932,1.3002566011179297,-2.022091331240162,-2.315593142409682,Ctrl
0.5097542771556505,-1.0151266854909793,-0.29042265271448287,1.2558349021806947,-1.9166527917097937,-1.316857320793531,-1.6193240761551921,-1.2379801348520516,2.481603950328406,-1.6322820510518312,0.5567301111002507,-2.74882290911728,14.341407317148423,-14.593981933938977,-10.899097582234106,-1.3343102514345233,-1.26632908526787,0.9094100408084955,1.029434312777319,-0.1609769161447332,3.201716579247943,-2.9187474887899185,-2.6645775789976085,-0.44573487101371256,Ctrl
0.18382085353078992,-1.96073764579761,0.07969417575520765,1.9044328576686667,-1.639993602079926,-4.123404929320145,-1.8168353964635156,-0.20685300607834733,-0.4823971278673298,0.8541878978333131,0.5564609350141154,-3.154191268713248,14.182718078889252,-16.480316832184272,-5.744609620244887,-2.136030003267237,-2.9012573510077573,2.758684081479487,-1.8031903082040444,-1.8143689311444717,3.9428343621859767,-0.16960767367947938,-2.63308252698792,-0.9334566412873073,Ctrl
-0.44468661043367774,-1.3815067834541326,-1.3578421415436992,-0.07665238193160917,-0.997773375084364,-0.627648336418531,-0.6703195165519737,-2.009158022229201,0.1866626876905002,-0.289476293917609,-0.2175665346726703,-0.09075778985294392,14.505794932921901,-14.228959935736334,-8.539982133545607,-0.19064535888400513,-2.899629659384999,2.6029693680850414,1.5337328897191789,-2.0486684450174124,3.7693781649909965,-0.4993359546919649,-3.0036729371773134,0.036289971675842025,Ctrl
2.0747779980134453,-0.29295475883074035,2.105046301656671,1.0917185959620639,-2.3521199895940867,0.8052979161885787,-1.2522652320527365,-1.4263986034827667,1.5530341117484454,0.8020619031812117,0.14582705039430266,1.148368120427051,15.864892071063508,-14.090091032485617,-4.263478624990739,0.5254179584623557,-0.16216489959282399,0.6621529220655589,-0.16757886211686213,-1.5850937774794858,0.5574636053721065,-0.9747194508685695,-1.5271575391949455,0.7498092587851488,Ctrl
-3.8451038785221954,-1.2635945963757127,-0.33513851003465334,-0.20682183409824972,-21.545533473226783,-1.5294146966023163,2.1785865425491924,-1.0817555660750884,3.359512385442258,1.6449256818953586,-0.8408066801186749,3.7997770068145087,-5.838192794316768,2.8034761585219172,-4.133527237697535,33.244619260425615,31.63247880381624,5.939376194190686,0.9545053041553402,1.3549494188405333,2.7224185641885583,1.382465044530889,0.9355194588917044,3.1447043109054675,D
-1.8668632983734028,-2.0634136703872135,-0.7626347926898802,1.0409615885876065,-22.30557745720415,-0.6641259146982748,2.9995820690571664,-0.020624438255907762,1.4670921509347181,-0.3194631559621328,-2.741393860415968,-0.8781608002946086,-6.207965450787725,3.2230694413682315,-4.233396302097617,35.97448357078084,34.611712365198315,4.220190552310726,2.483555167150758,1.8516474030785588,1.3685241069539984,2.5812447176973023,-0.3696830563090998,0.7080615648646926,D
-1.0355536441030608,-0.16906965772544558,-1.5475488629227812,-1.5887222278992965,-21.386846182016768,0.9046040624563716,0.7445594431555715,0.7440383880750687,-1.6810931716844948,2.3049251323027846,0.15516581429153575,0.8764950498008375,-6.602038771409553,4.7613504704265,-4.491602050780841,31.88213048141803,31.931937096091247,3.478868978233379,2.1265410159702647,0.5129158530948956,0.7183055679533936,1.0230080578835015,0.20954545103060696,-2.1863054425678,D
-1.2367287365671586,-1.5253140795128441,-4.687200172665484,1.3651261422687213,-22.80811116186692,-0.43220218047355274,4.443247373715813,-1.5342011149827783,0.6675030197218348,0.41560511779793785,-0.28003432026201835,2.560202474327184,-8.123080227260942,2.6700379998393586,-5.220006956350403,33.650637373355856,32.030894955320434,8.750522677460992,2.067898829671634,0.5300197473588071,2.6085340879972136,1.9395694020820216,-0.4260194652435416,-1.1475664288959138,D
-2.9465892974719736,-2.4365811240732524,-4.835249533260082,-0.009581983333347921,-23.42670349231622,-1.1450607136854956,2.2533830145333313,-2.3298135295888187,2.351648599340365,0.05356791825109042,-0.2269584383730603,1.4360532657404974,-8.154569935242279,5.113747146330368,-4.288142738307386,37.42167814413148,34.04334268878958,7.184422266067429,1.3565861326192135,-0.052469804858574776,1.5327844602840628,1.9207005492336293,-1.7882354308252388,-0.2833745675059163,D
-0.750217837511002,0.1793919092815952,-0.6864167132480361,2.5829067293054138,-22.293224852963817,-2.1756958328172686,3.500079765575528,-2.29628397697374,0.014866715237587869,-0.8196895245857689,1.7204608516086068,1.5538781274309486,-8.932942679979448,6.4983630798479055,-4.203390397429587,37.75819408590239,33.53971910613086,7.623742080343845,2.241246906953741,-0.6838268856547671,1.791209604117114,0.2711073236940891,-1.4847053410455686,0.15988988539811544,D
-1.3772247480163742,-1.7099294936608493,-0.5495454305928433,0.6755298159499148,-21.89547997770751,-1.6965153388799195,2.8689939682268113,1.9119999850861689,-0.3749564319449519,-0.5270195430564897,-0.47021504784527224,0.5497428713152885,-5.701086774869452,4.9265538652515986,-4.40575386648004,33.41932514241176,31.79307057141648,6.4654249770226215,0.645274371116983,1.8242273867509624,2.947551709205868,3.009660307871364,0.9215382585483667,-0.16182973732173878,D
-0.9378160184976423,0.4992108509707809,-3.108833186222455,-0.4016181831188135,-23.205301114320264,-1.1831717556909211,4.10971778916776,0.20267972340275264,0.8556280362925008,-0.7831729673496994,-0.8587250830191806,0.37892455281456705,-7.93113405087874,5.5439288343197575,-8.600120349175938,36.56688181967017,34.90166905785509,5.321570333490001,0.9314282567986893,2.4798834401128147,-1.4833448116245904,-0.5337336030847268,-0.059231676472677464,2.0067567657891345,D
-1.2936104642431587,-2.6267620956309914,-1.811450710658562,1.1424986215996142,-22.103994989594185,-2.1820440138039316,3.539174794122668,-0.9169573162651261,2.516552776906849,0.5603101557391597,0.4118659416644448,1.6454276305330495,-6.833214314042465,5.881395420333483,-3.53542349781668,34.9562483130409,30.13274780038725,7.498250264025955,4.065410055583474,-0.005500835573883478,1.1403252295590391,1.3737773494117107,-0.047829542893509824,-1.9576572801402676,D
-1.265235786265805,-3.833549470826533,1.0540034185216314,2.170781408525613,-20.952177412352967,-0.27955063100904454,1.310351246834891,-0.08089912683851708,-3.602203796110018,-0.899236912999136,0.027430527906830093,0.6920982318038114,-8.158234764962458,5.485150615226189,-4.375302819437195,36.58968729308088,32.7325738916185,6.608874192458472,1.2297990902171776,2.1059009113572387,1.1330980042337728,2.095948735854293,0.38778159853572447,-2.874197365600537,D
-0.3110765717799495,0.08464068332355112,1.6433392510743374,0.27412963218161224,-20.876981354174575,1.4378760660444527,4.397907841364212,-2.3359203455310933,4.545197266177979,0.7160121477222958,1.0497369995113957,4.505627185114406,-6.9171028831795525,4.254880025803324,-4.152569764564078,35.31421215856576,32.57985633580864,4.784783643904348,2.4721522050400573,1.2992951951524816,0.6718744399132106,1.1982577531219931,-2.606922697179357,2.0512223408562704,D
0.013901416898988828,0.5323330144423755,1.7896335057052397,0.3554404222306289,-21.218248217553025,0.033614845518059155,2.4851024157828494,-0.5465056091587428,1.5619202914006678,2.152074345170206,2.682906306616019,2.1224178185102573,-7.53841844487971,3.495649483728286,-7.610003957066226,34.80081832936245,32.6406677195005,7.569211310892172,2.7625147555942924,1.7283894734794245,-2.4279124893942594,0.9042303814780865,-1.868326556865867,-3.298406808429661,D
-1.032970779902655,-2.0389792735873407,-3.0111535992509744,-0.6581793726581111,-20.726165305850145,0.8244453213381462,3.9738354245969347,0.3100552144457822,2.046796691066561,1.0484564483091106,0.461684189463881,0.9139518833079592,-6.445384033755744,3.685422566892967,-2.8961534506677253,37.22606734915357,33.127726139811216,2.6740186165516775,3.391428400238226,-0.6855908776191058,-0.731729257988718,-1.0628741687066352,-1.7890519417463935,-3.2736581296612712,D
-1.51501813103215,-1.6992055379810465,-3.338355118004472,1.3268439221963746,-20.82730392911799,4.173461716320219,1.4887222279218637,0.032179795761180685,-1.1935965962813953,-0.7398701637923182,-0.08917510820654684,-1.2452083060833274,-6.451900379025858,5.151213628777654,-6.682524217423975,37.317153348818245,32.69931036666978,3.5456537014375726,0.5465868651791759,3.813321515942235,-1.8085697303180268,0.1221934284193722,-2.0841632535769463,1.1924944239833621,D
-0.5357264895896492,-2.5496580209780735,0.3676393352531022,1.8626363877515644,-21.319923453076967,3.0098952029134693,2.400939552165821,-2.258137998555327,-0.44285058648927134,2.3448354513592307,-1.9581342986097354,1.5383320588683205,-7.488596703439015,2.866191600885955,-5.8476736679418195,38.228148956577336,33.7502599466595,8.162058570551721,4.417944269447901,2.896627302903582,-1.8267468007630328,-1.1919698003017416,1.7212187905981864,0.6548439074215935,D
-4.4402184285302155,-3.1011964801323533,0.009351120064707175,-1.3234736884623004,-22.813268632570043,-0.7118696852459152,3.5585865012089304,-1.8084076027161018,4.034266449665608,-1.3360698588098572,-0.48867943921700885,2.2969639489365363,-3.2347061679204216,5.135875103911772,-1.66337403669354,33.57760575442091,33.38673461126993,3.389505942228709,2.2485775623580935,3.671740673634986,-0.06704823158179352,0.8010631022044095,0.9386420009148253,-3.223285649501804,D
-1.3261903263976365,-1.019929479377307,0.4046517444460278,1.797342948809927,-27.06566576761844,-0.7539237916690809,3.3475005327813996,-0.4771406178196571,-0.659450436690804,-1.0501862962126438,2.4297382644028858,0.7948143238746752,-8.455930370210268,5.385512756002534,-7.073008477534245,34.99154239185055,33.576369129440224,9.907964768630393,0.7006589664787519,0.9865353676638051,1.2458897301864909,0.9544561079897704,0.721989311114811,1.3037550788989734,D
-0.04935964454932673,-1.8124181617013027,-1.3232891834650786,0.9938572476071101,-20.575894541745242,0.8469988058104718,3.9181793702641485,-0.7987261979464222,3.971624384125448,-0.47760872218611894,-0.006506745075540721,2.05474482664971,-7.181269957667865,3.0784990777754473,-4.2128094476894375,32.84498124434195,31.475556422859682,6.064649167713014,2.469301512843387,1.0907896216208712,-3.083834749937637,-0.890475685223123,1.3119458380652986,-2.7353489857663362,D
-3.2000317217110137,-1.9690697847022296,-0.467643210570202,-0.77831475678191,-20.633181725135728,-1.3062457512897936,3.7521612603168393,-1.6153780108838873,0.2089080269245187,3.1796783403768814,-0.7324782811508896,0.6682261946326093,-7.8017685182324215,5.234290685800509,-5.04195343100389,34.81900843013804,33.526825042724994,5.371937483429917,0.921247011901059,0.7652702082985172,0.20561094589629647,0.7615600340140602,1.5158365323857623,-2.0032207147237955,D
-1.3021631328880403,-1.524906872797343,1.5793938501976186,-0.31066776700266985,-21.738021288289758,2.413100211441815,2.0594010857942573,-1.0312613470157999,1.9326948634364953,-0.21127341519860465,-0.9662399192571343,3.2737278097167177,-6.991086924005145,3.674154831485062,-9.19165869471999,35.19665559572131,32.692251554187436,7.907136789451954,1.5192112477850976,3.410019548511258,2.7778284055965514,-0.24106428438067695,1.3437095069023428,-0.3646233799440779,D
-1.6180386808235312,-2.245721383424379,-2.711561871972606,0.2210508815022223,-22.35878624935981,2.327257246889701,1.7979529825238743,-0.709268654111554,0.9257098731137035,-0.7638974263462188,-0.6036577703556816,-0.5857915480939937,-7.014162424769609,4.14886080980957,-4.014383022394213,34.12683646467275,32.2064173996873,7.2989518092924754,1.3534644640064215,3.085584786531797,-1.5505770799450147,-0.8099788721696797,-1.8900469528818604,-4.841950117429974,D
-2.230392306919441,-1.181196432184315,-0.17899345736213945,1.4184734614444778,-22.482447342402793,-0.8597012249004479,6.2528852941731365,0.9124978634930869,0.7888327907377857,0.541441358126221,1.3827216269373253,3.3591333648549266,-8.20072333951262,4.132028038680922,-8.517561904561603,36.251542275726685,30.557100993437274,7.633159335452035,1.1455007311100722,1.1613763172272087,4.939613907620355,1.1454516997877562,1.7300433971009284,-1.210859167866488,D
-3.4356955025103275,-1.4855402642628803,-4.166192838504344,-1.3166862787446263,-23.339967453624922,0.6558093825125866,2.263699576214984,-1.8162836648935183,4.341525490601725,-1.733671356684411,-0.9005334193720387,1.2089525516568074,-8.021812629251201,6.198771200672105,-6.943133259906631,35.220818392764535,33.847185238523565,5.932586378279325,1.4942338425304378,3.2958572311748497,-1.4172113418228491,0.8083922161948891,0.2668304595258064,1.2971815925707801,D
-3.935650016129159,-1.7840470740002297,-3.977842433739056,0.8847168463106243,-22.649151366635692,0.7009261005113672,1.7785412763006683,-0.4653335739759825,-2.1723269214193124,-2.160051379518741,1.4102792761614182,-0.6843455948629753,-6.7128058562821025,7.418453799217652,-6.103693308557979,33.46099929932354,34.66967622410047,8.422891178459679,1.7961344006569036,3.9466255698917934,-1.5372239410257293,0.6664015649304318,-1.0552038256613798,1.1861456630246607,D
-2.161168870192739,-0.9763547573807049,-2.1316362520100256,0.7842643196484715,-22.62404172429615,1.8853028680453008,4.836505136659273,-2.2844721690737515,1.52951117578624,0.011350787892141057,0.6642187640847226,1.205011089066602,-7.152624929851271,3.9153769058297527,-9.841877924163555,34.5263387570156,32.029129644610066,5.210972476183031,1.9115189797932608,2.155043035999313,-0.641054214684118,-1.4460870151432914,-1.2410438351176936,0.4194130544539121,D
-2.0776818902895684,-0.8358570356288137,2.085729271798641,0.5100558296306303,-23.463356512147925,-1.021546077399762,3.4911205391506517,-0.5363271268959409,0.8037299257862287,-0.5135796120068861,-1.1292673762397953,1.084117153254624,-6.677786148278727,5.538227767530174,-4.612492423907213,36.49140666794792,35.09931446790088,6.187292161208518,1.8577633861697542,3.037121898944747,3.19328217574639,0.3047721651518174,-1.7008147627195171,-2.185427668644195,D
-0.09293584625146423,-2.594725886551518,-2.7358749364787514,0.04308806654977104,-24.31598817685557,0.2977376073782807,3.3852381816245014,-1.8703084639470262,-0.020384788270973786,3.42293615467203,0.8214132624144099,0.6991105084317724,-7.325024597444411,1.8881374472364243,-5.297315024258978,37.51832969926402,38.32682056865477,5.528521022607322,-0.45373018708377444,1.3314662253264942,-2.2505191655909016,0.5083930896052067,-1.1876932605034654,-0.518800974021076,D
-2.6930210192930986,-0.09101540719815371,-1.0786624313970492,-0.6089028532969962,-22.76303810747993,0.01587963093942335,2.7128852783792343,-0.4148333894896439,-0.2339170004722746,-2.540278201763371,-0.8699897839303503,1.6027218564415193,-7.7981008715049995,5.059042205741598,-4.506493248019979,37.251044778708575,32.642295576829525,6.361400329866569,1.0624234393366159,2.6137297472373007,0.08800854492238841,0.4690267084044706,0.26058624543766484,0.4572978244978003,D
-2.302480046199321,-1.0937756192743555,-0.23002315635113746,2.105894222760014,-23.455896220902503,2.1117538477009816,3.0631114781679827,-1.690713704243251,0.546831489390911,-0.8089659410708876,-1.7038815567227061,2.130956857811327,-7.146245858447315,3.7180019560939925,-4.914934962483699,35.0360673305008,30.628087586692374,2.4537062546403376,1.287899152798925,2.401694857222097,-0.7025967636448058,-1.2100240409470686,-2.1326260237887027,1.730812129370861,D
-1.9739686329012898,-2.7340018953786327,-1.4507502811478616,-0.38478478713929576,-23.81222390954258,-0.12253078712649312,3.198315102991497,-0.39868431567740004,0.3751328837543042,0.8311252947501799,0.9726358297353386,0.4240383157175529,-6.087693686921426,2.6253761214865605,-4.220258167111069,37.20842030931721,34.0070966022202,6.343009884934133,1.714415049626318,1.8574860371725208,-0.21005404455900134,1.5609713174812114,1.5852015996735815,-0.9936009112735746,D
-4.340503670118949,-1.2055792230211264,-4.54948675966682,2.8896984270880566,-44.245152992214685,10.215910345708096,-0.12173205076082727,0.6992746930011435,-1.631557612215829,1.3526471373960263,1.382130556684558,0.3985096673064277,-7.185117800613597,3.0627291586346104,-1.178833986583868,8.658290870217701,18.10031276264479,1.9495216230163237,1.789590768218627,2.7613474777016336,-0.012768889413678153,0.32896300965744274,-0.457075774870205,-1.889709835000133,E
-3.905438558587548,1.0133348987998017,-2.0215151760889967,2.2993360267051557,-44.204846396882715,8.378892606295665,2.746322247709112,-2.4057935862824706,-3.1278062976124374,0.6308822457845196,0.5242119770306317,0.48479818849915546,-5.355249984534339,1.996982768408408,0.26527573418991324,9.113177701095644,17.61827753569341,-0.32834691885648226,2.400858141143985,2.855011552077258,0.7530856414386449,0.6770181630683396,-0.04576376480851252,-1.0239840027125524,E
-2.518243817221901,-1.3254435097664223,-4.275075762733536,5.351869879813165,-44.22234755130336,8.745949612579295,1.3169104092121335,1.733390984030052,-2.9333235167071052,0.02490850926749033,1.2237161561436949,-4.777879586750089,-7.580409614943022,1.8744024015401592,-3.6132854048089484,8.74638992440753,17.589770527421393,-1.5436094639286466,0.8749302514193147,4.207047295479924,0.9799765989560001,-1.6386842079679838,1.7984905071000838,0.5062052007483544,E
-4.571404016003214,-0.9669367725957041,-0.9030597742843725,2.7110551564487793,-45.28579420381499,8.29392468151309,2.8515260074333115,0.8340697308705671,-4.661048308359113,-1.442646941586247,2.581726537091413,-2.221880604186765,-9.249686671468766,1.229607115801734,0.3686536572491832,9.183087353529423,18.433028766338936,-2.0475285837850947,-0.550951901638637,0.9301251506548169,2.078509739112576,-1.705335648066253,-0.12476788509582093,-1.9992090042591144,E
-2.318019354220837,-0.9594706438979435,-2.648962713472372,1.8600600935300875,-46.712891769478915,8.636002787732991,0.598268053582367,1.49013320080482,-1.8376471808933275,-1.260475745705918,0.962673087417528,-1.846285110956444,-6.463213953907427,2.7426388915049955,-0.6179642880810547,10.484490007357358,18.565381445147096,-2.8685819842994533,1.4359711625112546,-0.046570487458083676,4.617202796902177,-0.6194982139621246,3.0979922006185348,-1.0139080098003888,E
-4.270998905510282,-2.0087919241357253,-3.9275065637799003,4.095399393763415,-42.99560456951775,8.266986939581841,0.7741955186846203,0.1645638615531766,-0.7997833450796179,0.6007473042346589,-1.2474156234536906,-2.3040034621565724,-6.7030797428461995,5.279606349410081,0.10956574342526437,9.505485350250648,18.083209828096585,-5.047235532181958,0.4698622051601866,1.553471864312101,-1.2063498689809649,-1.7016704972900882,1.0441466474577368,3.927270007380116,E
-4.637387314464604,-4.099289794117098,-2.9917128140008344,1.1801044945349233,-46.39226056101592,10.405783011458652,1.940530445496985,-1.8895471185885526,-4.321808999730024,-0.37432248919034095,3.328056460004831,-2.9947512781474757,-5.232670277039148,3.3792897537025297,-3.67548536592318,9.8394219880255,18.86565125644077,-2.9669181825107103,0.5139802336887378,2.7693543028682086,2.15559440730226,-0.11642179697987842,1.0160466898233125,-1.9869421530324871,E
-3.464394224969965,-3.478656255328295,-4.183090396809803,1.237253658380908,-44.487191328921085,8.899030092818236,-1.8649900484548967,1.2422625130352856,-2.822296535301632,1.7327362853176282,-0.1997239537306541,-1.4603995046481373,-6.265973350559705,2.2500135816341924,-1.030787967733147,9.925485146915207,18.60868457666487,-4.7261719131120685,-1.5451607337709738,1.4037445547528336,-1.6507081768323815,0.13335233496763976,0.566861129415642,-2.3066920248862743,E
-2.5924952942174855,-0.5740859726899343,-1.719730712491355,3.84630376354918,-45.71584059605732,6.278422690827995,0.9670914588870163,-0.7177831141962372,-2.564738781130245,0.9148645770734092,1.5757038861440549,1.244525839137225,-5.511901090458252,2.884901314921059,0.8487027284101032,10.75096027522713,17.028728204373607,-3.7316756271427494,-1.2117666408831944,1.8781788886576862,-1.7181555871741807,-0.00918219201265913,-0.807980441546448,-0.23446741219714795,E
-6.857520409770018,-1.4402850893212713,-0.8371397894409256,4.756757111147998,-43.51443341810199,8.181784816552693,2.0746479998206935,-2.202852271723316,0.7247116097157686,-1.4142762923434162,-1.1828007690984634,0.42938492249413684,-7.134751824426729,2.7434527407685962,-4.197810948988433,9.631322779866899,17.36796212754777,-2.462760721749987,0.4239801881195042,1.4680894252036296,1.005389373365631,-0.9815341845205339,1.1074053959221999,-0.9120646928461156,E
-4.471908343147277,-1.4700136260134116,-0.6382810916273911,5.6325933756417825,-45.00506454923533,11.597167747256492,1.0046931665267538,1.5843409506678086,-3.7620334323515863,0.02762427337792417,-1.3387730453287077,-0.5775888550352306,-5.704525889401253,2.1157602825597195,-0.6873894031916734,11.384083144865428,16.913615996348113,-1.3686233832583525,0.008323690112394644,4.1443327127173575,1.174237637205465,-0.6192269527382805,-0.7058976030305502,0.9100481785569059,E
-3.666390613124804,-1.505850742513783,-3.7996152372899132,5.7137707134263565,-46.451037278396086,9.265648971627286,0.531480514449787,0.780314397889299,-2.4388127590537465,0.8791633501010523,1.5185567798179989,-1.2400855409090923,-8.03773855632275,2.3501941359162615,1.5913566088099174,9.20915089803151,17.98655760641688,-2.1811254269694587,0.8191386502986973,1.0303059638529817,2.0982113904311746,-1.7988649203614884,1.7817942227326,5.010032519310926,E
-1.943495497483866,-2.7278417576147014,-4.865942417763961,0.15901890557051956,-44.628099520999,9.67277246480461,0.10224987892760584,-2.936699883784968,-0.12656628970273687,-0.726041353803879,-0.10347724300086725,2.919911161535481,-5.270001422312731,3.0651731264279363,-2.533815753366639,12.047340802430035,16.41881773825284,-4.05952315193241,-0.26873442536778214,1.8408481921719897,1.4155796207762137,-2.2044753388969553,-0.4087501335315551,-0.8667417533488333,E
-1.632086314482251,-2.3315973703602424,-4.446550333443724,4.640422491151227,-43.339454186625744,11.937933542381643,0.6441503308337344,-0.46393582802366495,1.1009563954906412,-0.9226018950172445,3.1096434237792607,-0.728051148012753,-5.62036369772548,2.5903304956359463,-0.44429242412809344,10.711729838789857,18.412534030828283,-1.9375956230332463,0.8278258983560676,1.1948311710963395,4.972425528272311,1.4167005427434702,-0.4956267809284327,1.2190621045149328,E
-4.375532850999548,-0.05580543529717352,-3.9840140713803294,2.8811459103406705,-43.409227644010514,12.004514999183186,-1.0813248471037769,1.7397732452803893,-1.425265578049391,0.3944123417781782,0.7420875448509037,1.2806522167090293,-5.502263597859809,1.358566139808154,-1.5522407204463207,9.05643555163904,17.607145496489522,-2.8232464787405434,-0.1735762963273082,0.05225124404023518,1.3384917213135168,0.027742002737539906,2.6203000945355797,0.06906470058038394,E
-5.355072803342409,-0.26064707889599825,0.5782867496392328,1.1027286078680945,-45.919996234048654,9.873159748060743,3.204602920995071,-0.23968593904689328,0.14369122342122864,1.7334159228295647,0.8475633373689107,2.685791349247495,-7.787691827144357,1.3284298311812606,-0.6919891893199974,8.104173199683814,19.170813477391334,-5.33194492750863,1.3972834988072336,2.4236082461259514,-1.056548440371671,-3.126873960469055,0.2093059920230047,1.4619423397294895,E
-5.121456199680949,-4.261914211692876,-5.419591657282467,2.548701658084852,-44.23374919466801,8.548844971256074,0.16252146235096188,0.9885515064909782,0.24596294641327177,2.2483039267700633,-0.3592229710922652,-0.3511416590068279,-5.986880321934507,3.6032720373508553,-1.2331491445130496,10.683902121082149,19.770133487753498,-4.315763651437521,-2.3300473330053038,1.009264632281301,1.7699304607966724,-0.5437515482491904,-0.10359232451138212,-1.6387327477634699,E
-2.8756646703663478,1.3548733173527991,-1.3474200706114061,2.591869818363726,-46.747916862937245,10.413013219497373,-0.2634514912900787,-1.5086433619161426,-3.0126027439854965,1.4346374890082387,1.7855692939582752,2.241863518762841,-6.7338945704674416,3.917525424111581,0.5777987397488005,8.678245425608349,18.059999746193483,-3.4336108282439,0.036422886533472365,2.8187679718157312,-0.05876128238946876,-1.3809015765297374,2.6728342065596706,0.19893972488398504,E
-4.91729658473821,-2.718475184389921,-4.1381891522449905,2.358657355122908,-42.59665484370646,10.387823817188973,2.0823856892488903,1.407602525805686,1.5643755407554067,-0.9659061312437345,-0.40972276893057824,1.114870789955603,-7.380182210655022,1.9857160375949832,-3.158638420000898,11.3886980758598,16.51058122343207,-3.0652493819150664,1.4927131359049,1.5347399262995225,-0.7041660531845082,-0.24348144696948992,0.08116036849227726,-0.7793530251336733,E
-3.8579314166457266,-3.999244502974872,-1.0114727939393333,2.991235546405427,-45.20163177738863,9.943244567595514,0.757227351910406,1.9926677892345595,-2.6238723194238673,1.6770814920141532,-0.0022106254200764397,-4.826491382166864,-3.992487781921909,4.776936848429095,1.1299104180665154,10.259829073530508,17.895062952102336,-3.4526713618623717,1.9782785475718434,1.426280184370512,1.9267381729891326,-0.3621224778118517,-1.243183848799518,1.871036688481638,E
-2.657649633071401,-1.139877895902189,-0.24473753406766718,3.804222950792898,-46.082890780764615,9.984630214778065,-0.2569358135920199,-0.7323078519383728,-2.0297158694716018,-1.3598422988269476,0.07882906565916414,0.1913256913272221,-5.722447565001346,1.6020951497350637,-4.152476990021796,10.471594383550443,19.078639648161612,-5.093016428675185,-0.9634857178079308,0.534696345540894,3.0502283952123435,-0.035109367128875135,1.667359277095315,-0.7526393181290132,E
-1.9110487803467322,-2.6751720024374395,-5.956804184458292,0.9363044788480579,-44.544069217734375,9.334189104589996,1.7287658192313318,2.533756518333462,-0.005019112012519145,1.4696603661447512,-0.4638879488434213,2.6023491929003626,-5.244480386449453,3.1319600245273946,1.1483032381227076,11.010100778363949,19.84764567821415,-7.547832544386779,1.7904058326618078,-0.8210056222767435,1.938336703063726,-0.714792634713632,-0.5728681796664006,-1.587699320382626,E
-2.967563509980323,-0.06965157766471308,-4.058696964744968,2.0008286849491483,-43.27157848071687,10.261238808749056,0.8291730638402788,-0.061720072336612475,-1.615577227423728,-0.656810556955385,1.224257021528274,-0.8717178253583029,-5.670046632516716,4.99209448414809,0.37281608919909104,9.115077996853781,15.67343565541293,-2.729511806573896,-0.1223998868432723,-0.7619551028427054,2.8509375353513065,-2.168639306392002,0.8467710003746163,-2.4536430564632496,E
-2.748196640636479,-1.6849005765968919,-2.494126381591286,0.6596525664868125,-46.62357408176683,8.598558685993737,1.9618427297508267,-1.8731249055476837,3.2211398102778617,1.5979409091311823,-0.5819842926995022,1.1431243780495493,-7.734481999324203,4.203950304333539,0.8057871701345221,12.457566977039189,19.49280373993642,0.8823105098676933,0.9422604297275861,3.2908950456301795,1.1405084775352634,-1.512983746696861,0.5644178727785487,-1.2635735592382957,E
-2.685482989971888,-2.383181060027223,-2.6423909394427483,1.7893361861974668,-45.52959101584662,6.197824137554505,1.4498065589639593,-0.6865607871494603,-3.0671443948180013,0.47694458753499447,-2.7426635394207324,0.8244743541878279,-9.21438964015249,1.5659865476168946,-1.8746214008585298,9.21200160058482,19.324615539551104,-1.055004230481586,1.1895914137827752,5.128767353178887,3.293104349680675,-1.594973694399954,-1.2775284071701236,-1.0248502876655152,E
-1.4007760940486946,-0.9042217821481546,-2.820663666615019,4.003498662335787,-44.5732609244651,7.363158461075102,1.590439985820093,-0.6661992242738393,-1.7270537700389355,1.304049123220409,0.7901445141267516,0.04546796234313888,-5.201179795761732,2.680737529702945,-4.541215451339326,11.498517130787022,20.33932276136335,-0.6102074085075628,0.5367853086653191,0.13234004328815274,3.953405371757242,-0.9519421140920343,-0.40046982391486097,-1.0090913969698363,E
-4.344442288084167,-3.603678829036704,-3.0613456695844548,3.195128142896216,-45.33044677844913,7.638659584563868,0.8355531182623723,-0.3671515936530909,-1.3234199412069074,2.23608528917417,0.922224164177095,0.140519695852106,-5.950498659988625,2.997842238689536,-0.3744386544200893,9.191503619992343,18.57624263739291,-6.588807792283433,0.7181431368659901,1.7675457842384077,3.5578829771021674,-1.548684148589885,1.0740104796812062,-1.040405635781383,E
-3.1436323985108174,-1.252819065964605,-6.714786588657944,2.9894713680214906,-46.377869465410015,9.879512347882212,2.5435167306009197,-0.9533005210914212,-3.247817212134578,-0.22052031310751374,1.7132192830216582,1.1166158154522918,-8.96258357949958,4.259607448595247,-5.203485948104742,9.688471403441273,19.88443322394906,-3.4147809025687366,2.559410133154735,1.3772750988439668,0.4534933341882379,0.8619040045415431,1.2998936183464593,-2.146164123258359,E
-4.90697374466464,1.0374977634848621,-3.36883413090203,2.1703765021275956,-45.87710569742541,7.5547870337030645,2.509851771282423,0.06412007244651363,-1.8446587670783288,-1.7598865665762986,1.3397813687558937,1.5031684448799751,-6.119770993884629,5.292637938693751,-6.8711965552968195,9.968652720317579,21.314522437462756,-6.037792316419086,0.030993591895505546,1.507047820216556,3.5276621237368317,-0.4113982031635999,-0.9616451607957686,0.7650623133048384,E
-3.6579741826816985,0.6766832831294369,-3.6239717444660755,2.9187480510175945,-44.44429471639984,9.986606179630655,0.5366389680631718,-0.3162457877459701,-0.2987007029256574,2.3102030757024608,-1.550536867444066,3.079778613060796,-7.55583960899969,2.655896259083562,-3.8592333884946015,10.634083110343276,19.762532000926058,-3.177593038014834,1.2688665277472886,0.37980739500312666,2.106532525939201,-0.37786979668381804,1.3085796046193394,-1.1275748859934538,E
41.528742190261625,17.31706741624623,13.582638407297793,2.2662378439233564,-0.42032697168451705,3.7864902719356905,1.4596099427706717,2.1151623145744054,2.434757209881923,-1.4373409347188044,-0.9322872471877304,-0.33627154623809474,2.8545208372916306,4.042889719208006,-0.7174649845998715,0.07093846744859178,2.4743242610053073,0.35101019535727573,0.18119469137756283,2.5881134134009613,-0.5804119259927347,1.5641136405565916,0.2493195044056904,-2.9692920733830306,Esc
42.17136397887339,19.830144639493238,16.273771959952683,0.7040659976457775,0.1637841962577795,0.12626721467643165,0.31146517935922535,-0.42805144600873746,-0.06057716335050145,-0.12969204553102998,-2.5017878000944336,-2.3642616060690784,-0.16095334235171777,3.7507630921101622,-2.994680505536337,-0.13078119117432152,0.5334199906433241,1.3536149604078105,-2.2642804424579097,1.2508716666797284,-0.9205266610393892,-2.1583305053710333,0.04624095740696532,-1.788640494091453,Esc
40.646662181180915,17.655619977527188,11.331714401314684,3.0759671309112235,-1.139108732059924,2.069051119291487,0.4519628390251915,1.707786851149109,-1.3476737513472017,0.2761916641305504,-3.75649348636162,3.1312177325639254,1.850809734085317,3.076374151376683,-3.062792729580053,-1.767749389579464,3.3243719706127592,3.4589069570141646,-1.0903438540497206,0.2846283059790693,0.37904890987408635,-0.23588738820340183,3.699319380125985,-0.3760596570315897,Esc
39.61009849085727,19.566796227518914,17.860242399052254,1.7156501837682043,1.6257771349596624,2.740747625981612,2.1612842524537372,-0.8234825779153709,0.016723944893215048,-2.8461187740687564,-1.6099348473185273,-1.3478496115838539,1.4730303698230784,2.3189084332497174,-4.34856303191674,0.029806530430249722,5.576405062714542,1.1994406528392574,-0.3020635154344049,1.0340859975686953,-1.6362373035821633,-0.4708641541079004,3.457010237888113,-2.6648793696746793,Esc
39.639151100952546,19.342271529304618,14.229369518988278,-0.7795083129331459,1.5971418423886234,-0.39255423235943,-0.33224527832608697,-1.1506318025203086,1.5734083439759274,0.21266083971957528,-0.4586698039476289,-0.25808222457345664,1.1042037306562804,2.0734779607160974,-1.2218436908975718,-1.89426512415276,3.1261819805993127,0.16441749262111216,1.1500184755627814,5.022048000560289,-3.1964263358131575,0.9504035875139962,0.36646700704595503,-1.7076033438421518,Esc
40.15376403587635,18.74023491421772,15.314967182971259,2.9691343280221787,0.5218884774458843,-0.3800692011624278,-0.8597566169527253,-1.3819421196159283,-1.1076401571552879,-0.5369318403700447,1.755363048432315,0.3610307274734055,0.8935231444757505,3.934157411118001,-1.8598040506349207,-1.2497397014912082,2.996133641307921,1.1543208416560446,0.7441361191693865,5.099424228996355,-0.7440128786935247,-0.3815430590598723,1.1608576690536978,2.268200221273787,Esc
41.10928582570335,16.446660528380516,17.70650354003959,4.644247408767569,1.7054660710809912,3.8708070261689613,0.5423700498024413,-1.4363797345056355,2.2295493092261722,0.36266057044682043,-2.5871709020281344,1.4615347784402388,1.5510828595050725,2.870852710223396,-5.835390650960221,0.8563681328544206,3.733101406460122,2.753048300074852,0.21879648683301411,-0.018900900033642642,0.9432037911400357,1.2812176763613081,2.2985491081687996,-1.5733580642625498,Esc
40.95290693381452,18.35634402778149,16.530004367466404,2.534745080732037,-0.661553264635586,1.6023638590132805,-2.129123214434717,0.1135744891272168,0.2663907095107447,-1.6045795205922389,-2.126718631520305,0.9753372300098704,0.38597056862644763,3.431350574131031,-5.006900185701056,-0.5144006360084887,3.209802699300724,4.3734665759338895,-3.056497559008001,0.7938149048129333,-1.1443514442955802,1.3253352750891239,2.773661753935116,0.6125324027642023,Esc
40.84199928856748,18.588198945558027,13.513444148689928,-0.5834901595310811,0.6830194947942232,1.5920659577388392,0.8236370845402137,0.9284624136667503,1.721239662688788,-1.0691950377726585,-1.1540941833223144,1.9486027268636121,-0.40394088620863045,2.690038697324823,-1.5523224385113963,-1.7590615460150545,3.2040950974686666,3.501396042492104,0.02047052616450884,2.769877834820818,-3.864608046034789,-1.842991013885019,1.7294979093389031,-2.292780003335622,Esc
39.39915161464211,17.076660306230494,18.21633561326854,2.6672341703526286,1.4696656101965004,-0.10237150249162141,-0.5281276170700293,-0.771220742066248,-0.08949716697395615,0.9940191529564117,-1.1160876329520306,-2.6892609984793125,-2.058962781535314,2.216962468143052,1.87751270580776,-0.17842819959551548,1.6149115075851341,-0.24577833356840983,-2.863737678355207,2.195941185998876,1.2681988475684989,0.014158270788477978,1.892395535430353,-2.4066661642077634,Esc
39.10553430396706,19.963719487754595,17.889592935277847,3.250401620165718,0.8650549426873226,3.4801093915712613,0.8630036625171842,0.9560204081122947,2.2858316771914247,1.7180897097351249,-2.253914640539165,1.0600990990001833,0.7854699146388953,4.311396738527151,-0.33793396658870734,1.443880336433466,2.8719272916631837,3.555705538789084,0.6039095047480778,4.326213111428842,-3.0947978294677796,-2.576158104667776,2.3616720257928705,-1.63313818856426,Esc
40.13082513234394,16.462950192774144,15.404542654460897,2.01660014004937,1.7775464364302707,1.6236034029453776,-0.355050713007258,0.45579486802017755,-1.5596690651728977,0.8354652829408593,-3.885586694501967,-1.2061629312776745,-0.2653436480908624,2.787912554227489,-0.10338428452388371,-0.8920475767662737,4.964868327283426,3.929984743973307,-2.902832791427663,3.8770247961537905,-2.0094208862850564,0.020673690865017136,0.8498617368673536,-3.118209624553174,Esc
40.07028252428137,18.26525811137453,15.02019604547479,2.317143542811799,1.8245130996354533,-1.23572566879011,0.9360352105468808,0.8999563582059693,3.0008857084944225,-1.4006885949733672,-2.9627826206676673,-1.094035908556009,0.36574148794295525,1.7951977698555694,0.29651446892285094,1.2777256665811834,4.541609306784466,2.4037398201098767,-0.6331492366186318,3.7985644273026082,2.042600592566373,-0.21118095073433807,0.7545666567428384,-0.40846996020781035,Esc
40.58068744421206,17.76014452608797,16.826103088655657,4.452843596031158,-0.8187499447649316,0.43922517167231945,-2.3245983193578796,1.7027604127078746,1.1150350109813303,1.2671406855519507,-2.5169946816563993,1.8204758764765643,-0.7058417032511954,5.311712985561016,-3.0853515442718162,-0.18412918007973644,2.8381237436702236,0.7721534915429515,0.3077102309007316,1.669650975982691,0.2064710389570905,-1.6013620891311433,2.454385325712451,0.751817529187008,Esc
38.688516542460434,16.215348180654466,13.581550048276313,2.8946087658911566,1.4098065268395885,0.0044997856871304975,1.2363066879656701,-1.3017166817093937,1.2398657696068653,-1.4625889349198573,-0.00907349212818076,-1.4337083458527786,0.3552886650807636,3.041486901399878,-1.681314137730169,1.1395353927956933,3.685454132218382,3.518914927487458,-0.8006605250155445,1.3668006894212539,-2.108183557294012,-0.24593212821573474,2.131986645452713,-1.046214597951689,Esc
41.05485450765326,16.778832458719513,17.854331876038998,1.7411702461069254,2.2233319450822933,0.3936706852292673,-0.10514133814771842,3.0941624233882123,-0.39039871975251117,0.04867776827585146,-2.6870798187949845,-1.0287693036793826,1.356013243523961,4.3109895912274965,-2.6085742060453754,-1.1355770838121089,5.759121024982107,1.7292065595399322,-2.4779458324725603,1.7083392697158928,-0.5653014716922939,1.3801768508842969,1.7510831511485776,-0.9432810439712398,Esc
43.39715769827299,18.575438983432967,15.542081236412628,3.3090436355797195,2.695738199501136,2.492179659882879,2.1786597751708294,-0.09941156889652802,0.8710648977707933,-0.3026341181965506,-0.5564009255805331,-1.4448774756515945,1.4295877826394587,4.317234057327305,-1.7402252981603965,-0.40675375083135634,4.013553420123145,2.9210351120622704,-0.42762886737803285,1.28616709616837,-3.122401186014656,0.34239321347067175,4.511489293163322,-4.2548487802905015,Esc
36.91091714905596,18.28779161227031,17.282076414359153,2.459270466800106,5.013608381866504,3.1362648561233186,-0.4755935650281691,0.3193663526161572,1.1553306420793206,1.1596290702303094,-2.185632056603424,-0.3610182089130376,1.8423949054698028,3.080310604803252,-3.958730770887314,-0.3326367324208306,5.046585922862846,-0.3049088891485212,-1.3407962736932113,2.5177971159647683,-2.0904473208598233,0.2936604179279527,2.754521550105295,0.6885199571158296,Esc
38.80295388393472,17.26534833630081,15.634498267264917,3.73175887012043,0.2335630114797027,1.1529580265931259,1.302958528305088,0.4992292389327986,0.1809782499431094,0.2066870652281807,-3.1144113341460127,1.9113738223811083,1.164474331816649,5.590129079758427,-2.99358256316674,-0.26571381878751055,4.515003046510657,0.44737266575106105,-0.120706051442383,1.8360749979840847,-1.7275563368294797,-0.36891942834630953,3.4528018569602352,-0.2724694918113073,Esc
40.24973926444059,19.010099137663424,14.699566549310305,7.946691152166949,-0.06861315420889014,-0.7613576174078389,0.9517818648675087,0.7428980014159663,0.07936443622349998,0.2172758501148735,-1.4113364879214316,-1.0986289835789762,-0.8015421493325618,3.528409860257213,-2.4699457460976646,0.28216010888555587,4.697580961616012,3.224571864616337,-1.1785789962699234,2.926529396437033,0.1534712300716592,0.15139811533939707,2.555381683211664,-2.6309247389567645,Esc
39.832455903342236,17.670687519288286,17.946975013146584,2.3601754062013143,2.891072351791877,0.6253861266267222,-0.8970869768474916,1.1152502355789125,3.083669651774244,0.023429795692507582,-3.034865526846943,1.7363790973652726,0.12072065866018988,5.127776195888714,-0.7398150093453069,-1.922772125520396,4.088484292975608,0.945385239545601,-0.11310380512769314,2.078384416399132,0.3378757534119927,-1.223171034454694,3.5757883182026546,-3.672956640734867,Esc
39.86517058138594,18.35349288722844,16.312100325779113,3.966057293093513,3.991297684751089,0.40505951397295803,-0.16541276266131533,2.3288279479701828,4.285120051457909,-2.0024540679378333,-1.1517885733905473,0.07107261250416741,2.286965151687326,3.8341109235945794,-2.939711746698663,-1.1167078374112478,4.4175352183901,3.461313233527221,-1.3160909029584928,3.1666651209492045,0.3251632074561144,-1.4995524209138367,3.8388657977765774,0.19532297429623213,Esc
43.18634555509391,19.4039005571071,14.84870832873088,1.3794057577140961,2.636547741091249,2.506198330564814,-1.0253675190787446,1.6946150501646002,0.3553100392618944,0.74343099913456,-0.9413800217299411,0.5822283753275883,0.5249741738433329,3.3475950913235977,-2.100920452687035,-1.5633150491154169,4.189619104998343,1.9223637728459835,0.6206066383603854,3.2908723060298968,-0.5105465016078483,-0.8999592229920097,4.159092910697694,-0.20172977333521658,Esc
39.322182692307535,17.236570024946808,14.157753766504925,1.8480025035460343,2.4987706249112307,3.660120405517091,1.526533201841226,-0.03561001490277249,-0.22329387958183133,0.33442547241496356,2.0899801591550897,1.7631003163891705,1.231533934165725,5.247233547780411,-3.06739406230065,1.3403050882330305,3.9097094618855692,3.157773194464653,-1.0862717372151778,3.3173421278735162,-0.16540271824567299,3.3356067082332643,6.451173937491319,0.06764289572936377,Esc
37.68562093522414,17.641773392574933,16.512925846980693,0.17316123983106024,5.287409911004318,6.695305654120773,1.2285692572378109,0.8647991968212807,3.864849640859802,0.5812119369162616,-2.660341573447994,0.2228342086314683,0.2044750747332671,4.474699036680292,-1.222058142475987,-2.2229080789143936,4.1350469503966,1.7743168149928579,-0.8899821318544099,2.573179208470833,-2.2963186267138553,1.7594526673745037,4.907464715051589,0.5926050042206157,Esc
39.362498732898956,17.508877577957637,14.708108184676917,5.303432405773819,0.7541519924521936,1.2484465343084707,1.2937277663671258,3.1805004079134562,-1.750637491493194,0.21958352447106222,-1.084728998659216,-1.1770322597031964,1.4414002395558043,3.1954236482647076,-0.9478630884778454,0.2184951642066011,6.366449082594869,2.8373672637255254,1.1527332247220983,3.34150560101142,-0.014065302645406064,0.922439060263045,3.3340225062306956,-2.3630865379085435,Esc
38.59824544970468,19.690190301678424,12.250440981490044,1.7311241838963554,4.821118716416436,2.425824088394961,2.4834109829885653,-2.654027925655612,1.2516962608929703,0.8115761055235282,-0.7993880413628176,-2.321119030153511,0.6770103038940647,5.218861721332367,-2.3466526591438424,-2.2732698106032956,5.871517941850556,0.6039576686675332,-0.46020811158604147,4.200239324509468,-0.24949485758037326,1.05723528914654,2.4694553683873437,-3.1810661140539196,Esc
38.59118898472832,18.4001899958985,17.76584984523089,3.1252437296732865,1.6075895145464187,3.309718236311028,-0.7498017139240565,3.2671046686645013,1.1763552925494878,-0.6232675464335671,-1.8011970847292673,0.7834958076310841,2.371804433140568,4.1444286267726085,-0.9975861380041238,-0.6077953064517843,6.9205682375810795,0.9083820546703691,0.04232588651496627,1.5959401434300133,1.4409976049921625,0.4279140415106113,4.79520039775052,-1.3777831130906293,Esc
40.58611931074998,19.992633287748188,17.94521071048291,3.986825803040311,3.9955070115858007,2.1010372419406167,1.7640895778021877,1.092580052440269,1.3964556332416578,0.47723105693845014,-1.9186207576427137,2.52129554272193,1.583251176238349,2.659224518719938,-1.9914281602397068,0.5972279421430287,4.3903883550999865,4.991936394187235,-0.6655929192590193,2.9502845554267196,0.18084168640473308,-0.7264748833426893,4.7005850103733735,-3.025349412183914,Esc
39.831775775615824,19.463085864812662,18.697713731861256,3.738138511139809,3.994014798677483,2.5142934979061238,-0.19378372993942872,1.0415391682756194,1.6829168480235808,-1.439375746023508,-2.1356795452690847,0.503384044250879,0.2508995192857526,1.931486474015685,-4.144893493375719,0.6804405262113633,5.6683076859558525,4.347182959647796,1.7301993729950027,3.757434865407987,-2.2925970011571053,-1.5668833086522298,3.75592372234928,2.53363474187438,Esc
1.1049497169732945,1.2501420930931526,4.366419983739206,-4.216372068931747,-9.673995345310345,-3.738350586489446,3.0807123724486773,-7.1493764151321955,-0.28146941558651406,0.4654935812972596,0.5549681631231351,0.5732122498944818,-4.868015677473949,0.8241535036942267,-2.174087205152773,-34.97212543753395,38.39908036258788,7.448239661584125,5.18949548243188,1.2769677357394755,0.1289852537963725,0.3929378534378358,1.156998717019036,-2.2219069432040897,F
0.7221399235095305,1.6055267551797612,-3.668853365384166,-5.068046403427601,-7.910376413475262,-0.14120415955920862,1.5284498539240845,-7.912409630408973,-0.9251231402224107,-0.3724698094846204,-1.0534950379249892,2.441976693960953,-3.7053474993816167,-0.12322203637025098,-4.540426979306119,-36.46465966762379,37.64039059959211,10.067751772505687,5.367866740990614,2.1594571015372566,0.5919720989249981,-0.09602129415787886,-1.286033277554651,2.558301868836338,F
0.8547626069354237,-1.292934916715287,-0.7782081492147768,-4.127186293796299,-9.007615359759882,-1.69897782904809,4.055780378489508,-7.266799411411512,-1.3613728585216904,-0.6641900453178238,0.24044360489617134,0.5458374023443184,-3.869061781387245,-0.049647997825857715,-3.212603426695466,-35.75321118806201,37.08939786691835,7.606142554374344,6.600717037563481,3.52018032947403,-2.9962026571552656,1.505924284300761,-1.3144042064268717,0.20027707143992757,F
-2.0848330669148254,2.0624498552758337,3.1833564110670522,-5.197955093729135,-8.118068030724658,-2.9801563543945235,2.444332193876307,-5.847568669798449,-0.2656944513790904,-1.9057284184796046,1.942703466078484,2.696892730575314,-6.090821215047271,2.059583707645558,-1.6241658880306886,-34.86692413060831,35.70804137299865,7.714333997079677,5.497775893888921,3.707917683044897,-3.4867738302234557,-0.7633521749918515,-0.9958078645040587,2.941782938547931,F
0.5832701537530056,2.0662507984325442,2.084833461848234,-2.4288602312874588,-8.669063870391653,-0.6716312620408758,1.613291550417311,-5.821233242673912,-1.479203160902557,-1.2445060865996922,1.217138656132562,1.934101556976998,-5.1006840129871875,-0.2396930464661864,0.5877953179135602,-34.21533861469277,36.86514427716742,7.2833332746001815,5.670581036183691,2.559908409567612,0.5196934107445372,2.9810831517699725,-1.3107396597882826,-0.6159456864432968,F
-1.6181277170314843,-0.04433756407030354,-0.3774326713177629,-4.419448510079491,-8.472643734203132,0.6115171522602623,2.9403505278723534,-5.350871748842593,-2.3482094809411365,-2.187538322828395,-0.3967530697096606,3.9158815409808767,-1.6255743568388255,-0.15322224833622755,-1.889155901463937,-37.06384404392182,36.88821825895741,4.204565693161044,5.1984553501595805,3.331086276231474,-2.0503206798151155,0.5083222168107824,2.515550550227914,1.189969780141496,F
-1.149393528174869,0.4176081430210784,2.1093576361889177,-2.327457668943211,-7.063457501304015,-0.08075753687472798,1.900124235370062,-7.723724360815851,-1.7459463194415434,-0.7452299435299636,-0.04381287366805964,1.3011764871594664,-2.300240237689337,1.640940481194633,-0.9218111737966979,-35.13162780009162,35.236453721543086,8.202277869039563,6.068726532327709,1.1739357591173274,-0.9200338477219248,0.4917611833115956,0.32297200405768933,-2.360316587974012,F
0.15987713208738796,-2.31795752931506,1.5896616465025204,-2.6983169928504367,-8.307430072491456,-1.5964882851159814,2.286458926806108,-6.079152126122722,-1.459708725320354,-1.8557740912803453,1.5312596780764807,3.0915433719692373,-5.0690598895735945,-1.154625152449725,-6.436345909152749,-34.968866781588844,35.66636524266073,10.769876044502666,6.680264926547991,3.107510894775558,3.108768034922605,0.6663311305672721,1.2569092010913465,2.94835526493182,F
0.11861246431755035,-0.75076290852884,-1.4496803448012088,-3.6751516102235513,-9.215708207212913,0.13255776577130973,3.2551468202765994,-5.2172942794871915,0.3089715675600928,0.30218970202977147,2.6902595604250337,2.048425541528786,-4.904122363612913,0.4493572568592157,-2.1151621530104876,-35.739907236297995,36.56337646705356,9.11158180865175,4.571983924762215,4.548868606636603,-1.828469072022017,0.6497697000633949,1.223106170930592,-1.2668277687308205,F
-1.2313878809039807,2.4227213531220233,2.5570080864682154,-5.6085876561507035,-9.653762660514644,-2.194141165754445,2.4208482823016118,-6.689739322990675,-2.3930957567029623,-1.6134658845926637,1.767592580941681,0.6380307849182145,-4.636974854068228,-0.634444430390019,-3.8352249612242417,-35.11153609338845,36.58469023360212,9.958038096432858,5.258862027267586,4.156561335499092,2.233178507119362,0.44791493901740864,0.30858129509984167,-0.2013756556439148,F
-0.09219835321113123,0.9259791866578695,0.36257830396323243,-4.882887740329508,-8.988876627788784,-1.3501037481656795,2.555508713572297,-5.524221742103862,-1.00286430918095,1.110697989002169,1.2936979248596003,1.2593500612014168,-2.6006397417856135,0.7351034420238705,0.9084092376851913,-37.56800818126584,38.33025803178509,8.72109467629889,3.930038350791463,2.4589127217980433,-0.6340191838186229,0.9266929323361381,-0.9971659588704966,-1.5635858076960858,F
-0.1298016296667015,0.21765341943745087,-1.2484113106701216,-3.3158274061109267,-11.89684770872418,-5.792394179399821,2.362205590037763,-3.643312572358724,0.004116096600569108,0.3380275089730773,0.5928404499585724,1.6829069802130334,-3.6756230883018475,-2.2274310904800103,0.6734177549894298,-34.767555047013886,35.77360526879812,10.168277558616467,6.933704193736705,2.109909175959274,1.799338545165483,-1.2961577291358353,0.5616128850739557,2.728695040189905,F
-0.1937384690509134,2.842314071639106,1.3724081125393468,-3.9475924282161543,-7.5400640791816045,-0.03190886429268858,2.8557803146235274,-3.3836305876169774,-3.130492135025918,0.4680717677466859,2.2071377143684003,0.754110676347409,-4.453448891756466,0.9900350239612123,-0.22822884096120788,-35.615564006339625,35.25654481029983,5.287317323711136,3.4404005426605906,3.2805869547988067,-4.49199907480596,1.7740233899285798,-0.29711935397176603,1.3796235754787176,F
-1.0017033912351962,1.022087822661685,4.786470723010211,-3.2695385783615194,-8.071237080984417,0.024811106410425054,1.6002599773159032,-5.276617896723337,-2.7485508635503493,1.8277114214315517,-0.6417721590761971,0.956687602738441,-6.773628895755536,-0.6120460988039724,-4.6297846298558625,-32.722533399556255,37.0671350727344,8.424345557856384,5.299042967162038,1.2090942806746199,0.4885919940660983,-0.567063008925409,0.37319775818710355,-0.7142803932978268,F
2.448303154163966,1.2633095498969698,1.1748740985581207,-2.960035570239711,-8.242685083450112,0.9903909790596686,4.5456898832548065,-4.931821019513876,2.3137395455895557,-0.563737163077576,2.976550070093424,3.9425929004796103,-3.4874754942469224,0.9738819214144172,-1.9903384921383918,-34.67484217862115,37.291114901858066,6.013757449603759,4.491893647966396,3.861039796993353,-0.5337186201961686,2.36085577648052,2.287088531218089,1.8036132641275913,F
-0.792524987959041,0.814666968249629,-0.7284979419272304,-2.7679549128330763,-8.853542795863575,-3.1735347027666307,2.065327716069006,-5.855035713575859,-1.5459978817206093,1.6859900118453268,0.5351491779306627,2.9141544946184013,-4.460779034506942,-2.281593228991696,1.2272756463655128,-35.15511270245193,36.60355876884671,8.818113426519801,5.7737490732185,5.8476908076361696,-3.432239249526674,-0.8262029200074039,-1.2837266319584728,0.5975589080402415,F
0.041643472938687864,1.7313638812438477,1.170712716081482,-5.960308999454412,-9.069512824011554,-3.1645548846900624,1.7803956535402135,-6.182321590648286,-0.7012978874651026,0.012778952965454948,2.6993583418208402,2.680249824351847,-3.206617983442868,-0.3747605710956634,-1.5374328320528434,-34.169047946912926,35.679804396962,8.318563650554722,5.456509033962675,2.4659722178189014,0.4388862608487898,1.8080957377162932,0.6430628787771155,-0.20683866115871297,F
-1.1773583177941305,-2.0369621627848766,3.989301594316089,-2.514922739434681,-11.28000984903099,0.6235672044025478,0.8936988909115238,-5.835488859565345,-1.4960707924955159,-2.1565865803713464,-0.3948526531240475,-2.773180406664835,-4.964667705829584,-0.655620626181971,-0.033088703137821085,-34.34008836364771,36.406457055001624,7.447366223642177,4.835739881903937,3.977916079836362,-2.333715830806682,-0.7006372090334523,-0.23263900480647237,2.7321980162752197,F
-1.045009505466453,-0.8266453033496969,-2.085445869272803,-4.334198325316962,-9.026219648681035,-2.9889126070458474,2.9053277983180292,-3.836617885676219,-2.7746146704207604,0.4630501106228593,0.85456234837838,-0.820755294868377,-5.146158780887902,-0.9586072407027046,-0.018419331407699246,-37.53692060451621,37.812245010583524,7.4559071961836025,6.252934172410299,5.099049233415187,1.6123047874767735,0.352348922177228,0.42491607044628665,1.5018257625810065,F
-0.7190823234458321,0.17367149549911287,0.2589941594055176,-5.559857442864612,-8.386574746248868,-0.9721027241006936,2.566096956029763,-5.087251891813992,-2.7235854685507093,-0.8516559857674011,1.295872806324354,1.3863733352045529,-3.8738057181934664,1.4394916764342156,-1.4154425004634845,-36.805247038483344,36.72464452351744,9.495500757278421,5.090400276840061,3.535246761132342,-0.5251807684569485,-0.4271076384668646,1.9876314265049473,0.9731492643750812,F
-1.014331040326681,2.675617320791102,-0.35114709417376844,-2.7455571197925224,-7.824039091775262,-1.0275141121009597,0.19799736450269734,-3.112411439369481,-1.2006262245691346,0.09164768084366415,0.44107439356977807,1.3797996003169715,-1.9140362681395402,-0.014624640831499391,-1.421361253556654,-33.61683226372239,36.33736020408429,8.315284654160507,7.155920880140833,3.666107772482107,-2.653673525986619,1.740901088179612,-0.015852258604482472,4.250774908420226,F
-1.3497589934339658,-1.3507630162217614,2.94399260176624,-4.714153910503256,-9.242322738993153,-5.209841285946766,3.1126128970023474,-5.717115330485001,-2.3863119890717712,-0.24215360249645101,0.07211677737655009,1.128599941892844,-5.936477417544808,-1.311683222705895,-2.059542306476658,-35.71045216701067,34.35084459620725,8.78592505932346,7.802481837346079,3.815566306412123,1.5599733549788084,0.5266477739153856,-0.38589692888206173,1.508840635274396,F
-1.7310689376903952,1.1434453305777417,1.5541856109485934,-5.6482261926988855,-8.225575051148496,-3.0259261209474744,3.799355076994863,-3.4353469873491917,-5.782193303586837,0.11662503431509919,0.654605142032068,2.558483113423165,-5.054938094333522,-0.7757562346997133,-2.2233509996504495,-35.34298532069995,38.40993877925311,8.638529023460194,5.392979726800071,3.623755166860903,2.495331545731119,0.3252001256468944,1.6251881878193757,3.2619699436384053,F
-2.9331077052331693,-0.3156950333377394,0.4659470303225248,-2.37931199846237,-11.285850443982895,-0.2125961256755886,3.231798289675548,-5.751730176554901,0.04310286881849379,-0.6021529907639973,-1.1065687794408348,0.886383968025882,-5.551231630903828,0.2495384601576518,-2.0700554326255656,-34.84642495554954,39.46564290125272,8.72875679782561,4.93727813527385,4.133755066056253,0.5926229104440495,2.8431635592362454,2.2361847483088155,4.931654996708573,F
0.6686584063910459,0.47326423875346924,0.6394074806459003,-3.7084067773604517,-11.4556759055302,-1.04459166596655,3.241572075926908,-6.903407124377281,1.7250541379078754,-0.5568134944448886,-1.8064797261099272,2.3951083222131047,-2.9245325889071694,1.073655200664895,-2.877299753318084,-35.753890946401455,36.156003337325416,6.344678301643455,6.74990290176606,-0.42027279856394273,-2.421535367801141,0.142349578788469,0.9575869536940473,3.49695993497744,F
0.39594045840954095,0.3163411791669829,0.8914803008347008,-2.6394038301356915,-9.262682658614551,0.480772252700433,2.555916162617092,-7.472729377298123,1.5969322310922962,-2.7950042653492986,0.18519683230263695,0.1498762450073059,-5.258830604518948,2.9703077675660694,-0.27334812740781445,-35.74981943197838,36.58536598392027,10.124261655229816,5.0568710556376075,1.8515839530290492,-0.8722970368392566,1.1544753690694733,-0.5325052867215305,-2.2582654753113616,F
-1.5878599273547707,0.6334452581513538,2.1779162454048446,-3.706235061576578,-8.540512977566038,-2.1100522853104735,1.843382012122377,-5.607979955613132,-0.5495233386280916,-0.5110669612969971,3.6047896007689815,3.642779541016182,-3.206886165291195,1.1150586025877587,-2.201019589246755,-36.338686660904955,34.94745418993958,7.654763353167141,9.0988619804901,5.35710349201203,0.9393075967509503,-0.29299060866402726,-1.4549018266081362,0.638293937027754,F
2.6094283027472898,1.4103231152689886,1.0566065800874185,1.1623179826692365,0.34152462450907706,2.0267262294308352,-0.5771158017389295,-0.6275664272397705,0.5172425492925754,0.6387067080537534,1.9566885950421806,1.922714716709038,-0.6006864985817799,-0.16516823001353487,-1.0381034178578261,-0.7358806662581685,-0.3948542204289538,-6.6138227632957864,2.3870066513821477,0.5387775620682191,-0.3464704661644191,-1.2768816392302185,-0.18920062932483006,0.6814345797031365,F
-2.4930155338619215,2.177562917886287,0.04261237870343848,-4.9375938684801355,-11.652772372008997,-1.249148755103306,0.848630670272402,-6.884944956231777,-1.8142791261970501,0.4090214002100865,0.5652848306367559,1.4089359887590263,-4.5278379187953135,2.314923810864016,-1.018825615653725,-37.84751142966181,36.79306462987881,8.749343237968105,5.937866575629528,4.158189399961088,1.7585989592544706,2.094656562701708,0.2180391689664134,-2.4389360555927624,F
-1.1688131473596854,-1.166962018876064,-0.5530722976610605,-3.4519819019715925,-8.651690420297939,-2.2694816645966966,1.3963684842392512,-5.621144796932754,-1.4776676157950988,-0.8721531896115735,0.9171410588739661,1.697138362557098,-3.251815552310404,0.8996287700947363,-0.7614944648565256,-35.26397957096731,36.39165880519164,6.102675840352447,5.846237723372166,2.63171826627584,0.49954982070636333,0.7651543706834474,0.6349186071336561,1.0460805592263114,F
-0.8316098859281738,-0.12822898284882245,2.7006753161680876,-5.127368132302266,-7.320561192577713,-0.8610691972961035,1.2898073136871409,-6.098699076795242,-0.26241973573110045,0.43535961327194883,-1.3161665991877385,2.3248100177200968,-3.378059965246109,-0.2183810716170882,-2.7949624437698617,-34.55416044526966,35.657951822548824,8.630215869472579,6.374698765405231,2.738552063402736,-0.7222764064040916,2.6932998146990315,-0.40028762403106555,-0.7530408383186113,F
0.547792191863266,-1.011779179268836,-1.8256576137624734,-2.2898545417614145,-3.522901031908816,2.379572437960121,1.077135642401788,-15.426273016330128,-3.528836208153109,-0.7380732606222367,0.7284728962476663,2.004739074983661,-2.417522487174608,0.9334461136900813,3.1193682071466355,-17.445658026578904,11.745528068163026,-1.3045766435851078,15.353115400979004,9.733967886670357,1.3029777616617935,1.7252084682689812,-0.5692962780428985,-4.0642647009105985,G
-3.4048829983676683,-1.1522769169872205,-4.710825656527959,-2.6350580622471256,-1.8940778836214918,2.856346047794716,1.7725655919248897,-16.086954002967616,-1.6418908823965808,-2.3325539356766,0.2378854563438324,-4.984134685533206,-0.058925229724451356,2.158286952782632,-0.9315612395267863,-17.423531322151455,10.251638101569426,-3.2053117443787187,19.267369583475247,9.898629345924277,-1.7166589604022988,1.1258885476643954,0.20717297073308316,-0.8983356574557888,G
-1.4778130504215028,-1.174132178733795,-1.0880538263791095,0.016072979957172606,-0.803765101920817,2.431267447769983,1.3624751181586463,-17.545684377817366,-4.230743957242851,-0.4485269430858665,-1.5847842434847337,1.1412018639754251,1.3632942460691595,-1.599858540944851,0.6912669860016649,-19.22515957993744,11.98797614133008,-3.243416461926813,16.95139586836193,8.050711673512367,-0.47425062913112015,1.394530441560427,0.5146391376479471,-3.463539404406845,G
-2.3499879097921053,-0.2701954501549031,-2.8495020055982536,1.434625195671451,-0.5619971979066918,4.951569756832157,0.29102719757514883,-2.923738179340887,-0.3981656278717196,-3.0323272494492244,1.8877484862726135,0.3536610726063145,1.2933813192097148,1.2301875405981306,-1.1131100632329662,-1.5862461948999567,-1.0180459710718992,0.5492984260115463,0.09451744618138846,1.56948913933266,5.535242298523713,-1.0569173068222923,1.9619700854548938,-1.1832567978245265,G
-0.7246952034103629,-0.3889737435627844,-0.9255502913111968,-1.093384849030599,-4.502858798894806,0.877653365606136,1.1758236318654234,-15.120981696357887,-5.002520886727098,-0.9593407709457438,1.831955918531861,-2.704515152736576,-1.0221816375873232,0.8601417310896835,-1.714500283909615,-17.26742216560759,8.825213745393626,-0.6786564488471072,16.767323603427375,10.071025851288752,2.526116106543043,2.1716796247388075,0.849526211561809,-1.382988602167302,G
0.6794655438587824,-1.8569376304980412,-2.7016795521727204,-1.7110314556140196,-4.416388000764869,2.50594907071968,-1.0086108530306683,-13.746410599514718,-3.543288974122788,-1.6940014382616084,-1.444829539303612,-0.5705287064077424,-0.07887764992031521,1.110323617926639,-1.6744195462734979,-20.6905451170634,10.851505122258402,0.8197625748998121,15.691260449025553,9.741433273384686,-0.2639991532403201,2.1156160615947712,0.6019243477525009,-1.970586451741326,G
-0.25189625266273197,-0.9025031890836803,-2.6701445925609164,-2.6525703949389907,-2.902672324064497,-0.9481952992429115,2.2209366749816564,-15.25089031761516,0.425503225749992,-0.3825535006975329,2.6473920409601135,1.462265980164318,1.7800347256894895,-0.48510574644607374,0.24953487454979495,-20.57027406090112,9.061277817394114,-1.3812230738293465,16.36402043117346,11.504647053300218,0.9168719592898356,0.15462055748303527,0.11581637048519156,-3.691300927623388,G
0.05883853328890609,-0.3160778256865101,-3.4616316796207798,-2.042795987504732,-2.6143441791796818,2.1426154575267446,2.1223848425926892,-15.569351270581052,-0.8670585495611363,0.9726047191361857,-0.375013536824639,-2.18065071043776,-0.8375660734567703,-0.5210794981528508,-2.473128887469443,-19.54321462149658,10.4768426798137,-1.7649213845088525,17.80469892669277,9.91383256813863,0.01741840345334822,-0.04085426565310257,1.3545038702090295,-2.5632112506843328,G
0.5498336107069122,-1.0744941471691092,-4.449989679258408,-1.2258732585649028,-1.7754418895604545,1.0075144981976791,2.29328962051655,-15.745281421506377,-5.050254687278539,-1.303456823081369,-0.04989439399022899,1.0761610615592758,-0.087701206949788,2.6043501023513542,-1.5495834850461279,-19.448191745050515,10.800599454439862,-3.1991801691524984,18.410265591858877,11.394827062822813,1.6426523807583067,2.031860423437685,3.0164494583338666,-1.8501349793855866,G
-0.980169753131122,-0.9592452655043568,1.7213405060232958,-1.4987241237175226,-2.0911845686558195,2.1638538415146513,-0.1371176653895363,-15.4369991579361,0.14320993884388145,-0.4760822378994902,1.0599623970960863,-2.7408733258135385,-0.510419210166674,1.6989200654872292,-0.8605959395321747,-17.697332202272875,10.26073337551506,-1.5945353937618734,15.577641175421231,10.976729565927016,-2.51076699649542,-1.6360126760490843,1.4561772760591225,-1.6133885840500852,G
-0.0065930460247614064,-1.5082045579690262,-2.8111839964158776,-2.1520729377022576,-2.3697364557192486,1.3710638886194033,1.537995570597623,-16.35410271388301,-1.3953007039198724,-0.02431712741756087,-0.2022060245844841,1.8945857248440348,-2.5031784383509432,3.4457069200887886,1.2503888420006888,-18.242083506795773,10.596846151360836,1.895085453638103,16.881078932266025,12.017632013519645,0.22371899911235005,-0.06963231075504694,0.702920601685264,-3.977102134186225,G
-0.25243990743683753,-1.9077067985826033,-2.1265743562857438,0.9068421617049722,-1.5164293168705854,-1.485190834010325,2.023696968130958,-16.332248482406783,-2.3893546092860447,-0.657439001091916,1.6674352267853578,-0.22165874056537405,-1.7256201815370673,1.3740780595461004,0.16105682069303384,-19.657648835264347,10.915035332175137,0.799182321126068,16.52881655614529,11.407722113562059,0.3697977250738518,-0.5576417471768593,1.8863601964891643,-6.521061393633715,G
-0.7462767651591662,-1.4324579446866021,-4.40728329757718,-3.522706417722503,-2.418194365212628,-1.3360480051164245,2.4587648224469447,-16.535730096187336,-0.3269919798141814,-1.4572582672946908,-1.2542419060757481,-0.06901014619671741,0.344377393627326,3.0561146535744967,0.236173256991151,-17.0397760223114,11.125850375214583,-0.1648729982672421,17.021984538635106,11.059669314561617,1.6100172417417298,1.6194628161262798,-0.9221021760274652,-1.680184437194555,G
-2.9764555705492626,-1.3525032146516494,-2.329587504528888,-3.079494352176823,-2.3914510796321906,2.857449430854615,2.2028824121126984,-15.549125918289462,0.7371504458610048,-0.3862170910726519,-0.412070976706417,0.8155435956726365,-0.3733160767709194,0.8559341994066472,-2.083298670151123,-17.490861671344348,10.379240436260773,-1.0941077057846087,16.1709892375136,10.890663574495136,1.283490617157156,0.5613175122706195,-0.08250985772994568,-2.3551491141334964,G
-0.6109357388185117,0.9847819537836048,0.5310502327625954,-4.135873606548174,-2.873483213399197,3.076448874081507,2.8712989329175436,-15.21627505727946,-2.3825666437618906,-1.6075308334556837,-0.5622043702831832,-2.1670749174778052,-2.1950329653367646,1.8048026428223523,0.6912661022346924,-17.89728697826005,11.34141621806316,-2.7924852477193554,17.516102406635678,7.483560559855519,3.41483065091694,-0.4436142491818984,-0.743866919193735,-6.072314575194753,G
-3.946503023311948,-0.08395101072345734,-2.579469714962613,-5.328407909134526,-2.2475639576634876,1.0438678381740374,1.7931991293381984,-14.452156161899836,-2.361764481625926,-0.5465354467192611,-0.5885408192633292,0.37819488553054725,-2.8820482743900584,1.9583328085507574,0.4291151625694738,-17.058236657673568,8.494538442482508,-0.4090624790100037,17.521668150060446,11.26681927932141,0.5458779368686351,1.0334445101363272,2.3966302936262025,-1.4024843910177083,G
-0.5417068337836781,-0.4738153873018549,-2.182407963955086,-3.3767788400780603,-2.071769257835001,0.744925320587015,0.38265616062702623,-14.772249722442268,-2.9248231328207908,-0.003141515049904342,0.045664400816775697,-0.9205008401305008,1.1607581800915625,2.410774794772834,-0.7940246736685594,-15.810590104944716,10.802227077018358,-2.0036351832043806,17.180807560571314,11.10718047488136,-3.1294570384301323,2.0140773749719045,-2.0447263825704454,-2.5167803159682762,G
-1.3337868870527245,-2.960964740647465,-0.9551164390593954,-2.5473684873279865,-0.9788720377239883,-0.7081643563519151,3.4513439740493066,-15.063421442783067,2.412099242612271,-1.2906979691172324,-1.9217075164936261,-2.4679842308351567,1.4223430532046848,2.360820975049144,1.583706414823041,-18.679322774826836,9.56815404914434,-1.3996240134945879,16.421984562800606,11.546320767087863,-2.411343543971327,1.0524477646081891,0.5295709950720351,-1.667263460322772,G
-0.9530158335141437,0.41057377548995044,-3.283130636775752,-3.266281480193797,-1.988280676104182,-1.0158609171728017,1.1118869232338646,-15.704150975844755,0.7150370497212748,-0.22752995866447634,0.9734923446445123,-3.695290973093279,-3.16426323744858,-1.9663737911724297,0.7736115866273394,-18.613621132207832,8.54679570759933,-4.474002172961548,16.667277571596305,10.540302562593013,-1.656429412979378,0.7574715793662108,-1.6511966545828614,-1.6122939834243653,G
-1.8399864156735362,-0.1341773526193858,0.6460324579994676,-2.065466981913815,-3.222631482983445,-1.1363135494726748,0.28736202112313247,-15.84396884804326,-6.861206824668955,2.515230429463898,-1.1881308066254803,-3.964223553825434,-0.4392818379814969,0.5251192509578573,0.46306705913337964,-17.54434506646772,10.446162971876618,-3.0879232426289036,16.85664440848937,11.633741759701778,1.2648677138942048,-0.36759641200270465,-0.49395770553644525,-1.7062462003538599,G
-1.326327120544022,-4.199516873503186,0.7299112228467379,-4.149312073858724,-3.2481505579887084,-0.35119091023523197,0.6837421068740772,-14.477678219618639,-1.4055828630951055,0.04328366482430113,-0.7327064244890664,-0.9091124256526086,0.6481809471437998,0.6432190988118549,-2.169371579821302,-17.437377230199914,10.678834276294538,-1.4922609918511398,15.26935998894199,10.02718058397133,1.415102989231798,1.4157063749840475,0.4650915711003023,-2.0923507599285927,G
-1.7607137199854606,-1.1378878269022992,-2.2934540844390767,-2.5833384208852834,-0.2751623982567253,2.05063050586881,0.5803031612807388,-15.70672766748524,-1.5328335413863101,-1.6540918614313327,-0.8630206671670066,-4.267327260564969,0.6564605456042898,1.3670195025276541,0.19959193275468579,-16.368100940065837,11.456934213215675,-0.22969824439638842,16.214698263177088,10.207588982353585,-0.5005278657243366,1.0914075094370403,-0.527214422717762,-1.7688853660336576,G
-1.0681349873956378,-0.6185212812305051,-1.591095862754969,-2.661257655079112,-3.2714987975249414,1.8806889394360269,2.931298807300079,-15.769308104088196,-2.872917648383975,-0.5966251007355368,-0.6194898275662979,0.06655608882346087,-1.3478388978434737,1.416431403941253,-0.9665946735359512,-20.01954877475393,9.284850906579464,0.010776128570967103,18.528363920738396,9.519894443149695,0.9002285559474217,0.6928568113163749,0.2983958943225957,-4.202680808226432,G
-3.2894933289406367,-3.1772091475309994,-1.8690216009213714,-0.2620725192938238,-1.9535329750030428,0.030980416829265778,-1.7451719248494424,-13.418721282821224,-0.20850934693982026,-3.436580464289669,-0.6405324295530193,-1.5459765277012707,-1.3753951109461866,0.36602457079312956,-0.7824200400782502,-20.240001710848745,9.738516330080614,-1.351215097832494,14.118092674013827,11.55731753471018,-2.6239977336895777,0.8580592291647093,1.2664043862184542,-0.5279945731178941,G
-0.7043333643575806,-1.4784760561766186,1.6378975211445663,-1.9682731836932845,-1.2502297578702724,2.8316004622107585,1.0417060082816576,-15.558086459199046,-1.462975960433198,-1.7792512674460284,-2.4065944523188705,1.9749636954057337,-0.263223554654644,0.24235893808778286,0.47752460296823074,-16.440997581585655,10.831549760775601,-0.346426102719704,14.043296330516807,10.521434759217911,2.4334772777993976,0.040187148081301416,0.7724217138507754,-4.377227159594497,G
-0.1538813175533278,-1.9909194495106277,-4.165501059967596,-1.5663250402391071,-0.2343022886254289,0.42233828058778045,2.527452607496315,-15.611568059170736,0.7086793130043247,1.254686689074859,0.8443995783876517,0.07750286837659814,-1.5811873887008687,1.6433998567746073,-1.7751595077854745,-17.830906885690972,8.865531774460749,0.00945658163408325,14.98130572551204,11.604691794002989,3.1467725023646267,0.3655704233161572,2.710206279910153,-3.306073009645786,G
-3.628179717051353,-3.0463494735098693,-1.0199393100647853,-0.5132039688594574,-3.376296768396003,0.8857491957726324,4.89460181639371,-15.776770080014387,-2.341615423279677,-0.48857184673316567,-1.6417966305834852,0.374259056954827,0.7664147719989103,2.8465224540331704,-0.30432354156306474,-18.77285308278649,9.295578249556172,-1.1573976553656848,16.63850053281495,11.596817948147404,2.656210056495354,2.11167978768335,2.4097969508107866,-2.5870818241165807,G
-2.255506440728311,-4.61978836472544,-0.7818858233831065,-2.8236111223731086,-1.6550281430071436,-0.23358171530276195,3.219353005030065,-16.503561365188318,-2.791886574032617,0.17631669230060254,-0.3139273154144746,-0.38897872275742884,0.7183605230682701,1.380459226444387,0.9295473798524085,-17.435612930988448,9.393586169765257,1.3699111582213277,17.411984753362862,11.606457829678433,1.0660098998476428,3.2486931255220597,-0.013414781250972396,0.07294763294117956,G
0.1606394984729036,0.6074063375762201,-2.304621805734314,-3.4082711337681815,-1.8228154722191334,1.2440365548118848,-0.48055653324331526,-16.22310632738521,-2.49578721763595,-1.230970508350964,0.6861209741650214,0.6970655473393776,0.052116361453784066,0.6772918953874836,0.5708118128717388,-18.04620119804295,9.434308342705208,-0.4178238685568658,17.16261788954252,11.179399184283298,-0.35226021468855606,1.7425837791063898,0.08880368787684745,-2.434214027922053,G
0.0581559890121639,-1.4256705912022631,-2.664663386970176,-2.7021187382349723,-1.2038027448701314,2.443309325067787,0.800348414011685,-16.018264126739155,-8.302037825225739,0.1612487865466221,1.845532567641044,0.9533030365132618,0.05972007150751324,-0.10148719918773708,-0.7782546254148315,-18.913621753606485,10.293449158267464,-3.9081019900218052,19.227187979029463,9.004600938615951,-0.37372014800837405,-0.31126167739240174,0.1956359453159564,-5.816962427199144,G
-3.2328852652299247,-1.0613267279081255,-1.4353932459209773,-2.4264158051780953,-0.29810653534661924,0.8406325606270002,0.8676787137947617,-15.002204934789404,-2.7007732099295367,-1.968752198715471,-1.3196741896412334,1.4521922519049895,-0.393402208147279,1.6114998979526192,1.6978119432273502,-17.482309465296282,11.858473417670751,-1.0439579901366756,16.776011105222526,10.808131138866528,3.7098384446369437,0.3078791754537704,0.35676477396016537,-3.4992345313157216,G
-2.9462550794510776,-0.9457873778008877,1.926626413475276,-1.678421387547374,1.1489649950946728,2.7123237580869386,-3.310843634047667,-22.489737950666324,-5.329988771187857,-1.2903608118807384,-3.7436113096214285,1.016805972829161,1.7572103094727822,-1.3006633779947805,-0.6277891459050124,-4.464608610679747,2.6501778368369457,-3.125576174636251,34.01197821566229,33.44404068379848,7.05571899248406,3.3177835613959346,-1.8281262415544006,-2.7554566490202888,H
0.02795237490238378,-1.549045352149347,2.1331472604333612,-2.211634054468874,-2.2517626212974164,3.6352164157509606,-1.8237394968934728,-21.81901728841558,0.5807162428640709,1.4380096164203664,-2.3080964021297063,0.010048359176721533,-0.6309791806599492,0.47218622019505574,-1.1693854058032116,-6.411758065202207,4.100904597079818,1.6675571217261904,35.11464735933907,36.52250099741423,8.19103227682723,1.1876477119135913,1.456262739915232,0.27512605168323034,H
1.1721608013995137,-0.11936200376118444,0.6769883989019263,-2.658377949710456,-1.5027088871610204,2.061014705882826,-2.789033661420533,-22.169378624825868,-0.6765830370868002,2.9617648755242882,-1.3738883236158586,-0.48402449194389874,0.8926379035497973,-2.0312524411300004,0.5769596101930006,-6.118409222909321,1.3946553703758866,5.560142206391163,34.896774865716,35.59942464050053,5.440992203518817,1.206515480766548,1.9552677563974896,-3.6754951812600325,H
0.7759183161805367,-1.11126252274277,0.050853255466563496,-3.8028564982005406,-3.8531594702263305,-0.8478057303445894,-4.720707992334728,-21.871552332537618,-0.6150437470168413,0.9315393651212318,-3.7795891452982175,-0.6187088380005434,2.2118229654576567,0.7962142940194212,-2.4845131764126336,-5.567141859650164,1.167961713834245,3.272202836119277,34.6787665533353,34.70838518141008,3.3083324847333984,0.3697744398160978,2.347304194385771,1.4901568288679528,H
-2.841594492917011,-1.2661494238516982,2.1438726563609407,-3.2973368383900663,-2.8939800589034803,0.4184756323356851,-1.698309648477112,-22.82340614422455,2.6982751735502575,0.7892779255863545,-1.1194967336528237,-1.546634079048033,-1.4283535089971053,-1.2467726871265157,0.8964826577308145,-4.01189278097722,1.6197275078546909,2.096587320043568,35.46609658699577,34.49349796802676,6.31000741646244,2.1950234377072135,0.22137707450498567,0.8673147668628189,H
-2.419556051263271,-1.722800937892099,1.3202032503849068,-0.9916801325596083,-0.7463225384884709,1.850325599636335,-2.5497124605675134,-21.56367722317148,-6.0616857087143785,2.593893360604092,-2.3152918808884237,1.7640572366158835,-0.7376786452076658,1.986982495338232,-0.02771162297125329,-3.140400600519726,2.1403150112792844,-2.568864434012994,35.1671821410928,38.53019389888749,6.74100186971998,2.139502569621591,2.342142877915464,-1.1354781853165719,H
0.5167754983336863,1.0347557076868448,-0.7014258966916032,-0.6090101779576145,-1.5804901294280853,0.6050701026057936,-5.279305272305193,-23.28154844120118,-0.8456482104818406,1.6083734059744685,-1.9206776120287827,0.5542715059173702,-1.161885616251027,-2.1040122437627318,0.010166629291177287,-6.722616847802165,2.015290417701607,-1.0989074568936985,33.5029287387971,36.35811489371082,9.001353736014892,-0.2708142739549899,3.630109037373529,-2.0077728641556405,H
-4.237616768263479,3.0637602724737865,-0.6366088806424273,-0.42127290723992417,-3.2953790343966034,0.3957057630448162,-5.505051858913865,-20.68526419799292,0.17118575511312883,1.2968347442075512,-3.169680667653097,0.23978866425306933,1.3943609315342655,-0.8613881697848029,3.3114457991247264,-4.27279863797709,2.4917596940953217,-0.28289020244835683,30.906638557779516,33.73263655483919,7.750833390594551,2.4504979563580136,1.5964880977303721,-1.7624909369691864,H
1.4946939178048524,-0.40633034929,-1.9777864007039057,-1.4302783062275637,-2.0288627830267956,-0.08019529261480329,-4.1128345713712635,-23.124623698929724,-2.077557693964252,0.3172863615563344,-0.846920091724229,-0.6629616737878337,0.07313783395312612,-0.2007097861172582,-0.007786378609694111,-6.4934772280870945,4.123978344119195,1.589589653188341,35.251344634837395,34.820512542448796,0.3703852986474203,3.0526694132257717,2.2693833997908968,0.536611404350424,H
-0.10955962499599536,0.29588683963253287,2.7700098158897504,-2.4466123497044805,-0.7760603579702092,2.723281998993002,-4.827133279966571,-22.305669714466347,-0.9671999727132174,1.4909519010518935,-2.9747459089877566,0.6801961471080062,-0.5092150381790361,-2.236636515207344,2.046474703828096,-3.627051466169476,1.2798168539333972,-1.8522777298451842,32.70894647724295,35.20277689979554,7.574761574586034,1.195927703926543,3.5391573957211477,-3.5044542087186983,H
0.28464740680635714,1.3397782808882113,2.4730421860643332,-3.6975180451407255,-1.8656941028443725,-1.544244011373621,-1.9026083216764258,-21.492954268650095,-0.5714619665356508,-0.3713558830847248,0.6963856358590022,-0.5219123551721054,-2.6662296761218442,-0.3807092420482192,1.6257695627347175,-6.193341083095177,2.1954291221655353,-0.9039951652417813,32.930213328193446,36.34535277395156,3.5805573735997314,0.4711769918036879,1.0463088587421225,1.0188639275052083,H
-0.13752575407454515,1.677380125429842,-0.8715908904609933,-4.8223138328311705,-0.3200840219354859,-1.6425760116918013,-4.166047280442134,-23.52711750979921,-2.320216103669793,2.5291420056788567,-3.4407636329343347,-3.223990312256433,1.370064120054991,-0.6211163520639502,0.3638606647479605,-3.888906878993609,4.739183071499156,1.6075507530805453,35.230847600151755,38.22110347875571,7.878290925591784,-0.30963745262173603,1.6970762446478034,0.7871555010080442,H
1.0275933859981023,-1.7514435022567882,3.3424903343515666,-2.1043962619143883,-1.4752861781059323,1.806308398217027,-2.9055042700077136,-22.964312389253365,0.27717924175050257,0.8047525643742262,-4.06071914631454,3.273866939493473,0.9894252725313208,-1.6411163058042817,1.0567908604139689,-7.192435974535464,0.7430774596893741,1.0471176354599265,35.84387922740978,35.71141548025591,8.064015106339752,2.3812676738895178,1.029340995547031,-0.051189407831373046,H
-1.6006041795553188,-0.19049324133385898,0.07997887299870854,-0.23204296101712885,-1.500398499364053,-0.49652393682794127,-2.717495222256739,-20.605848608233117,-2.0258738693301552,2.683079249662619,-1.0639782993785616,1.1217185296111438,1.3982947302077093,-2.646726824453978,-4.753176622485171,-6.029087672168949,3.0525330343809287,-0.559500315393791,33.34790600113008,35.25272990134434,3.402503323516669,2.3314482972158856,0.9799272920773632,2.674535032523181,H
-1.704445983610924,1.6347556983011402,-1.0588510029646159,-1.6975642150603818,-3.8002223535602297,-2.2295045182582385,-2.8412961427259287,-22.19177649726737,2.574100749987281,2.5583273465256795,-0.5188194091247169,-1.2599592964546673,-1.2118387075574049,-1.8546473028259882,-1.8058112975240874,-3.863522295369364,1.1067418502878752,1.3646802116847994,31.504196236692614,34.65422260446715,3.1778005730129166,0.1580093921644803,1.7684788850120867,2.1226485214584727,H
-0.11241242476972957,-0.9079141078124858,-1.6755586727362584,-2.257515620995534,-3.389987752094953,2.2070895377460715,-4.874508862374612,-22.086030368719037,-1.7564995155847214,2.8439375558569324,-0.18786777713853553,-0.8964087460887527,0.04327351151516723,-1.4414336368335583,-1.5088468713540237,-5.0993594912706754,2.5756533587013166,0.5773539271295931,30.11130049240341,35.693227659614195,5.46859155549663,0.020225834151808897,2.1299722122953,-2.397821150973357,H
-2.6887436678100585,1.352810024469691,-1.428956563405393,-2.3677446022552573,-3.138722860621556,1.5474476401217316,-5.201522447602262,-22.461096347446784,-1.6130520400650994,1.8236666550443132,-1.2446536989517085,-0.27071719843610254,1.3839027508348636,-1.525461268083994,2.372129796093361,-1.7126173145415677,4.534479042295089,3.3059318300830682,30.590757151435618,35.160553358673866,6.0570596393573055,4.36384708035164,1.414318248213803,1.5705417867122264,H
-0.28114578509479315,0.6621312829531154,-1.0645382091120723,-1.635527005156888,-1.7114842512730206,-0.7155237943205179,-3.8803007149135484,-21.928158973935922,3.1599336893078203,4.149005320760573,-3.2820748641763657,-4.153887265027947,-0.25278962424471274,-1.0927005444003655,-0.16130976418838827,-5.548272979184063,2.752260198947198,3.853664028806975,33.41415011441352,34.685713817614044,6.986510372662963,1.700770080635536,3.5178462597602334,0.36119407301737283,H
-0.7120080599551102,2.275751172966556,0.6677846011343718,-2.4751193372632514,-4.470671478409997,1.1195138651994512,-4.333015573707655,-21.321370676999038,-3.6359941886793763,1.9026699468000814,-0.12284694233227356,-0.8848067637994745,-0.2814346520612503,0.4444933270071303,-2.0221846824399563,-5.708861915968214,2.2938463783783902,3.051885834431232,35.235463004099536,35.55666816718366,8.511437130475485,1.3551583461158145,3.0230494654039717,-0.3205715497732058,H
-0.9211887140752424,1.4001856450408887,5.228121498626251,-1.8099600444812012,-2.378812960663936,1.8584328359202118,-3.8451422627242007,-23.920239275764402,0.9830331208247003,1.803170093312083,-1.647551198001679,0.25182631604008066,2.2469823086420604,-1.4683114586738668,-2.26966423428172,-5.956463866082885,2.2836629525441197,1.7823167481579958,33.115100881965134,33.81082681550626,5.337403198242669,3.3891855389350027,0.5767598298363055,3.5626005052943697,H
-2.540374107395735,0.8893710895458508,4.149962307891656,-1.118468507516539,-1.4835669365106128,0.7627551192205715,-5.643513433219104,-22.09607850916285,-1.0572147868570028,0.6603174274842516,-1.6229797145104499,-0.4259942814748001,-1.2170005556687897,0.5518698916889306,-0.6468395714387611,-6.646870572189499,2.144794798424016,2.4347277749184286,33.20700165827156,38.05372275139342,5.214763325549313,3.5184158966617716,1.3187516859236865,3.215696644779257,H
-0.6139954309251721,1.6043484591887598,2.745042598120733,-0.16416985462595335,-0.31261580440508396,1.7769621979730914,-5.680572284409385,-21.0274763882326,0.9571865549222025,3.8997752544007156,0.47335176880409335,0.29694104556318734,-1.390075545505482,-1.8550538252747728,0.9115957357144566,-4.4263283411087215,5.404749632408397,1.812755864346741,33.74944477060608,34.75956098503045,4.096968401464892,0.9023076901673974,1.535402235350574,1.4014699298294886,H
-0.709148452413956,1.9908190819839624,2.023428226523208,-1.2863862510440498,-4.187234210398856,-0.6200405063538597,-4.926771269187685,-22.944894924250548,0.9287216360519892,1.931041956215516,-2.4069153994740304,1.1260882877683684,-2.428943906758491,-1.8565469046889618,-0.8233595125357169,-6.561893540464467,1.1856098359398857,0.3329426761132481,34.98772468114678,36.27395443504679,8.69956454978751,2.765565820685431,0.4477998081398198,1.2794820009815453,H
-0.8364862922223892,1.507289651760693,-0.6782101117298112,-3.2111377640807177,-3.947371348938134,0.39241884036556485,-4.133468163939096,-21.133902437374445,1.6969876907837147,0.5150683101465106,-0.8758316167083535,-5.080051848950461,2.2130460298975265,-0.9050988663202162,1.183156639410356,-4.640399692587266,5.402443691064036,5.741265054418534,34.79998770731954,34.07186883475913,5.773008733275219,0.2321275377231089,-0.47989238770072973,0.17460070745602252,H
-0.6340816037281343,0.9971538165672885,-4.624889688758913,0.6360567729137827,-1.690176243018641,-1.956410140783646,-3.409531466408562,-22.951281894321767,-2.508556538438995,0.3214947528408416,-1.482888882598445,-1.8696687470167035,-0.14053002266894055,-1.7931534024751343,2.617855540004257,-4.764879388593528,1.7788197852779604,-0.04199860861882598,35.51102875995229,33.69517236121027,3.8867188035789013,1.1573755793507488,0.5914204536542655,-1.2169515850354742,H
0.3590402174725682,-1.3929366801292224,0.6673508096415048,-3.5670653444869487,-3.66366130072862,4.072574212122163,-5.13582105915257,-21.876708491399143,-0.7933176341332455,4.175477572963366,0.08728791774530009,1.474094454252338,-0.6539222958943469,-2.507451012106422,0.8706431619640966,-5.614789644819666,4.097780798450543,2.623298762395507,37.16903768924376,35.95291275134923,6.798819313291517,0.04954707833551453,3.3446337336891077,-3.5539548803816388,H
-1.8693803197252237,0.22448410190499962,-0.14625003258845481,-2.281951380665049,-2.7350104593824653,2.0691150653549926,-4.0498481358424705,-21.899512634277755,4.5674831581638955,4.00348721375628,-1.4732532956225555,-0.4095636726477778,0.42146406216826904,-1.3223839776914303,-2.286312001223507,-4.732436972915934,3.3217162735194563,2.2625949635230995,34.86691050530367,34.14476870064749,7.07257748261236,3.5980998823071886,0.397981187501216,-0.3650261053709869,H
-2.6062150779486615,1.0081493666366228,2.1616183932900412,-1.2058881054357045,-3.3557852523600786,2.5226668695652847,-4.940074506046563,-22.63050835795036,2.1897514620824836,-0.2654735439524032,-3.7984574457922236,-1.4147977548999506,1.7072541525997167,-1.7693972250821162,0.14792789290123665,-4.645558299069037,4.063030736034477,1.6171867405133753,34.10089237399578,35.04041961435206,3.9517677256040997,-0.4147061185534042,-0.7642793254592419,-0.4287531329533749,H
0.11442096361491849,-0.14393215286354627,1.8655224614903432,-4.352359741763408,-2.7268673200654803,2.151678066892714,-2.905504238371401,-22.720782585317068,-1.277968921781678,0.04443491297941904,-1.4876441564778702,-2.368126131773579,2.0589753992414046,1.0337709862895608,0.6610490706090673,-4.2607173191261225,0.039500979048284535,1.7032570265003528,34.3870462277445,34.14286397569785,7.451458324312114,1.2310862876236968,1.592008179401489,-2.484549125291096,H
-1.8412793747573915,-1.3756969718005445,-0.359344227786039,-0.5583780981556714,-3.4841989403638536,-0.9590621597492373,-1.96885266107995,-22.117932533506206,-1.6272837538218141,1.7445269179539409,-2.5931624664723927,0.7204946504486429,-0.8083984375003581,-0.3165014003562945,-2.330766529203572,-5.489088634646407,4.099002040121036,2.9202638790084166,32.50478384851676,36.025669419370985,3.2073700348872194,0.7508148247905169,-0.4230141053349712,0.20482584156764005,H
-0.15435156912860748,1.2309013801279163,3.0803229582778613,0.030096564521514324,1.0587482413033058,2.206303167973715,-5.59126174802588,-0.8856487882453052,2.695706619194141,9.228913443863263,-11.594947137479124,0.9612748990301156,0.5575859236909082,0.6944885122032503,5.478000895919365,-2.275323101613381,-0.40820382124246635,-2.8503074067400007,-7.668592091694144,14.351269162415576,-0.8203861227590323,4.824592202924606,7.320887611492893,-4.4164290528443075,I
1.0361489716263463,0.31963431795581976,1.3845662825231102,0.34312851628773444,0.9225960411654341,2.161187830860797,-5.612981196759533,-0.5139741685964907,-1.7069416161442064,8.702759271820355,-11.189471993977492,-1.4289367742059085,1.4916642817844377,-0.2796301304743096,0.7280060880502788,-1.9841456885705284,2.9166384125448417,-0.013317312662934455,-8.078003681717963,13.579955678948636,-0.5810177289171747,6.406855120697827,4.839711198901853,-2.2795983682342467,I
0.5436600932812894,0.6564217592073258,0.15113826644733308,-0.011577339137929243,2.606529765271091,0.5309190055195927,-6.431125982497097,-2.1338394134662906,-0.4721941636024667,12.17597183931808,-10.045806407531813,-0.5025420242235441,-0.05571330544339048,0.3319089421061676,-0.41388261586126873,-4.7096660719652235,1.6729283201470366,0.3741067386131931,-8.486057954123668,12.520586637471254,-4.4917807677941255,6.258347730610822,8.784915920758309,1.3488683734053666,I
0.3804900598306631,-1.3347095936315732,-0.8258421448578019,1.2930841587808146,0.3209609065677341,1.7190198565872379,-6.423388435607608,-2.14496776570482,0.7986895536539009,12.064253389660749,-10.213588558421776,1.622674139653384,-1.2778386048194648,1.0428144435279307,3.6109773899274273,0.34933864866225406,-0.7319573093602116,-0.28137974196158666,-7.20569614251599,13.014977934686513,-7.437175154327292,5.676538344094226,8.651881657389126,0.05586954771069941,I
1.058546512655198,-0.6048000556225213,-1.6160041062018422,2.950007882648933,0.8229584960932925,-2.201815281103734,-4.970899726329364,-3.1618490404503063,-1.8657188858787208,11.491399420967099,-12.812320187115915,1.2906600954915461,-2.098431327992728,0.17933028960775488,2.683055269682029,-0.9454129095984385,2.621658761279292,-2.2324880962107727,-8.346917966575116,12.528460276193954,-3.2189281558207767,5.180655572744627,8.573964832841185,0.746163466510211,I
0.6523931608585372,-0.40199460105874857,1.1585553359644791,-0.7132509383120578,2.433722584443501,2.38413279648222,-5.719135020943271,-1.9652447631286805,0.7846683145243105,9.576423319959147,-11.02100999153825,-1.936141325384824,-1.0663479633592488,-2.037548078372936,0.05063488603877886,-4.840119104031608,4.325415861794568,-1.4145035488762119,-8.972709559410422,11.184571773339371,-2.648856399466524,4.047171313186681,7.4418357194582825,-0.4349209928895448,I
0.598773444680262,0.9811276276543173,-2.0139460338743334,0.2771550566383212,2.0936812020552225,-1.7467300031148056,-6.310583033355677,-2.3690880999675983,1.1852373223633208,11.94818881570825,-11.955082895132563,0.9463913795165126,-1.4313716980259414,-2.352345106098916,-1.2732573673018237,-2.1226074686871,0.13057565238594293,0.855030214336125,-6.997868122221661,13.273981165683296,-1.8602273595467977,4.278075881129581,9.161748508229152,-3.729625792627985,I
1.14882000815237,-0.6638498759291358,3.095645682356974,-0.23813833397231576,0.816987296954153,1.5635250630793962,-5.557868061474565,-3.6434790050112724,-1.403174089940535,10.521220797853928,-11.107478607868558,-2.0338171839644588,-3.1188361678320575,0.9078816415778945,1.2367533925610132,-1.8773132429857142,2.9450107015896663,-0.9438689158162674,-7.582528737754313,13.549819570550213,2.1642001527818024,5.166674420732292,7.814733051421044,-0.5954477345732698,I
1.729274935484682,0.2889556121588819,2.9000813363886664,2.822133758544851,2.945896612520812,-1.0890562821464869,-8.34786811295034,-2.722163760914839,2.329967917050112,11.454886015603066,-14.096483883957347,2.779237932162573,-1.5102410231372971,-1.4108068192425165,3.1114314528251157,-4.195729781483166,2.6454145416676056,-2.88511865620967,-7.1113523253358935,13.19104170703477,-6.355074528620264,4.521605826606688,5.7899356066675125,-1.1409997354217012,I
-1.1089151484290483,0.8991366497348372,-1.8223161908313728,-1.4078675236077203,-0.740430904889422,-1.879660900270835,-6.089316030265003,-0.695606439236883,3.463755432957896,9.45873221087578,-9.301781542195783,-1.287893448634975,-0.6130861866120654,-1.5043350972999079,2.7279583093985593,-3.3113409795287154,1.4983597503250223,-0.3746734420287794,-8.41899939606957,11.530045257016184,-1.7667142643297211,3.656221452877098,5.1731033326577744,-1.1946480911732351,I
-1.8486044739601653,0.6406751017041895,0.4524865358106922,-1.166102101736044,1.3480250547931405,0.19737587879626517,0.2580597213285669,1.254800259274873,-0.37101273287214553,-1.8842551223961266,-1.26843138046641,0.9411283262784309,0.28813361893710976,-3.3309415163755887,4.528613788311873,-3.1299830667487853,0.5469111319841886,1.9914462189140636,-2.0851983008751276,2.7078740224710174,-4.589888981745219,-0.7068115069358356,-0.2505151048201668,-3.5732578097376972,I
0.09474774805090647,2.593661583098903,1.855871087122182,-0.13361126529477474,-0.37052402631019277,1.610613382331337,-6.441849990877116,-1.8616683791495916,1.330217056482013,10.043120867837217,-10.252005466651383,-1.882933803644164,-2.3825471357115475,-3.026054837395101,2.464275773959514,-3.0376746149538505,1.7337423275220658,1.5924186939918172,-6.546917782744675,12.236333107098403,-5.204860463689897,5.549750694102414,8.900163607498271,-4.034922069980553,I
-0.9076072975956322,0.8711728433224977,-0.0030421170191630154,1.9238981129917363,-0.8893469647027814,3.7929967306151298,-6.848139631418109,-1.6190887075574096,3.4103222468453964,11.296604877454826,-8.174404471419308,-2.1652212079764013,-1.9401499758071452,-1.659086832659213,-1.813540156161082,-2.8024268381110815,0.7396681369421287,0.7113692262404925,-8.888547065665833,12.90488736652378,0.6465010621780038,6.379026990450463,6.749667185925944,-5.336678059711176,I
-0.7899142552720377,0.07094658697676154,-0.2770163397460692,-1.5007165128268696,-0.2897643512712875,1.3438649764260617,-5.083840923389175,-1.4165543124516944,0.25074696315618894,12.376195957097707,-10.90358834852708,0.4369911369225292,-1.183362424548676,-0.43207284511368016,4.56846551983233,-2.3163177647656,0.2287194517664375,-0.6203975564942539,-7.280492371226874,12.284252174205022,-2.848382810842395,4.829207593063536,8.621611264742512,-1.240423187945737,I
-0.026201740800331663,0.6323945421255566,1.1664430666276075,0.2498727767736284,-0.5526966237896431,-1.0621204734555931,-5.659406522840417,-2.811486709802182,-1.188995181260168,10.897509633888646,-9.535128555505338,1.9141695948817414,-1.961870730853434,-3.3195376704979154,-1.6374542551164382,-1.1039645011522694,-0.6919156231770103,0.09093275030539871,-8.795967945564943,12.796155072242641,-2.7106157751293836,5.221107426915346,7.197764884431066,-0.4259513381331317,I
0.9187272181442836,-0.15534301229408176,-1.7132428591625057,-0.7242469533515674,0.7279285529637036,1.0306797256129698,-5.321533195458944,-1.7175034091313819,-2.4246127023821487,10.36592832484196,-11.043951228767838,-0.3645692365131481,-3.098608978962204,-0.6981359518749457,3.3459861613145563,-3.0858645600884884,2.077585219715729,1.192738783340701,-6.180537910254291,14.976518018765887,-1.4158613187344145,6.591877904624539,4.953872991501626,-4.770777075857609,I
0.9556514439644275,1.0756072529656893,0.6351345723014674,0.06023290076613819,0.9054914771718927,0.7249561193134468,-5.587325084391783,-1.9152857754395427,-1.233448935944125,12.199320831437092,-11.164900855707714,0.9218669289986678,-1.70096372081386,-2.7727522209477513,-0.23408262889682874,-1.6931054216618477,0.4156446580155375,-0.380807143819311,-8.782121672444768,12.412536252259343,-3.503200058880452,5.313959436822373,6.2613844721869185,-3.1921909152064245,I
0.09909207029005529,3.422123080878254,-0.46820882861061364,-0.639811011405115,1.1761668739832203,1.774865284639759,-5.722257198488031,-0.8595868869974197,-0.32545797025193224,8.699908274102683,-10.132413347201464,1.923376679157684,-2.4024999563642666,-1.870579769842152,-1.4033465946243382,0.7630936478143937,1.8310721775247032,-1.2213458108336113,-8.760809350648092,11.731358168796362,-1.4217729740740879,5.886402436614695,5.677675321553252,2.7833519110361635,I
-0.5178759931334866,1.330946611368824,0.7317157474022338,-1.7595859049111908,0.8427692926325108,1.4936643613242495,-4.906420101320059,1.3566145085810888,2.3718055005660403,12.233120923763124,-12.315219274184614,-0.506048259199531,-1.3087904025119315,-2.9242441507744417,2.5277857815157176,-1.9954127507965609,1.5218422119695276,-1.7125723523441252,-7.6246102176510995,12.84746585745853,-0.19776025224865634,5.762194833816025,10.531294368001852,-3.312208596069354,I
-0.18625051645170743,0.9710823335075847,0.4586256230561503,1.006794891909692,0.9608748331885977,-0.8904177251612282,-4.282800163908792,-2.1476884285079905,-0.4524783720124219,8.794117190814262,-10.35951408890287,-1.647278529101925,-0.7435417353429727,-1.2373222344859514,0.06923967207882242,-0.994281653356822,1.5882226255945682,-0.17560103831516471,-7.564339014079241,13.266516358941047,-0.3153710490087178,7.066176117702973,5.986089639240944,-2.0531447372776483,I
-0.788277974539028,0.06497370534137142,3.400282061961377,-0.39886291172503263,-2.051343521325748,0.6139220125367615,-6.201171219126694,-1.8600398313775486,6.833800317272846,11.063119665085623,-10.522550880674117,-1.9770992845901674,-0.8748097144772373,0.1360267610852759,0.9513921362420774,-0.752652105478198,1.5466844181391082,1.1447836820167936,-7.658004160367531,15.341810356451035,-3.4153822065667327,5.157578090408919,8.067491957858849,-0.6324617732116167,I
0.8951095263447542,-1.1784652195009258,1.604006559760819,1.9707306921772485,1.3432726531564185,4.792089985705616,-5.500040006199592,-1.5100853177586941,-0.13448940584299862,11.649411389933618,-10.833815954424495,0.7948396228087518,-0.29490258457673235,-1.3034300474278382,0.04689983827120159,-1.2493499878758811,1.2811615760770962,2.7439506211782714,-10.028139666181904,12.263349034788561,-2.779824726363074,5.01884542535992,8.802425809282155,-0.6241452222447492,I
0.9818537398805347,-2.391496890019525,1.9605511855738769,1.9021794292742555,1.5046791020039336,1.0736160524122624,-7.563660033303719,-2.2049726153760787,2.9804065416436174,10.1905420703458,-10.272095505934828,-0.996397910553469,0.6775902513872722,-0.7236567150132416,1.1506843493713177,-1.4583992058249748,2.0864128227408685,2.2130771611421665,-8.322890956895936,13.484523614944038,-0.904709173831975,7.246990451657524,8.398715078915032,-0.3992274954259756,I
1.081083357452485,0.4016253117069399,1.8788623400386086,-1.8281389595136375,0.5703334872556525,0.8648947637917104,-6.098003844081031,-2.938409220562022,0.44215083803248945,8.687963321185364,-13.294902065363772,-0.8820745888269244,-1.5220501935452546,-1.2635212646069363,0.2532125304905435,-4.067585207425708,-0.3287922498606122,-1.3201185899271763,-8.386827249104094,12.125023078607953,-3.5899248571606677,2.753507521892658,7.236181502674668,-4.963713375039276,I
-1.922181263919697,0.5580054514364974,-2.8757244933801758,-0.7983639527749062,-0.48346991436341114,-3.1599604365140976,-6.335696134328868,-2.4194503615714495,-1.742200907849167,11.028641430056638,-9.334763338805686,1.2731465407156293,-1.4016412939013776,-0.40560281613717564,1.2387313735070506,-1.4604359917964942,0.7418391381175411,-0.18414399933220693,-8.932257008755384,11.49895915436224,-3.1164417603085894,4.625180670897997,8.017537989689927,-5.246892776419713,I
-0.7900514186673036,-0.807062495636192,-1.2412935675017138,0.6064777058734308,-1.008131348761367,-0.7401821184109849,-4.235017304203642,-0.9256925043307263,1.8444365632074664,8.818959804345184,-10.645673414411931,-0.8049935109405055,0.992927433341606,-1.2572770815887395,-1.968374223389219,-2.284824511359787,0.11550652800016792,0.2538636419379827,-6.022800144661602,12.016968095046025,-2.0652128271036645,5.489343247150529,6.615139577322026,-1.0735435426456093,I
-1.7504541567982415,3.0581864961488376,2.0139830184181164,-0.40646323170390986,0.25947091412393775,-1.5452365474092176,-5.188094290450703,-1.6557395041628524,0.5991817013844525,11.125020187999482,-9.173768877262773,-1.0062587614442577,-1.206710843600007,0.17322075677250126,-0.36285683858824314,-1.5855938753844967,3.056048895788649,-0.39504230979071053,-8.45334294898263,13.383121629119643,-4.505573221749842,3.104818534954738,5.645502164814971,-0.5010669458996517,I
-1.3935814324982516,2.028548408830877,-1.2069094260371003,-2.5170514987584056,1.731912574456942,-0.15041006400633705,-5.71085446721722,-1.51836133972472,0.33068064749232917,10.330496201459255,-10.086935734675848,-0.14446953102856241,-1.2532702697480431,-1.1702630256893798,1.6677563796933441,-2.3592139975431934,0.27500927375365336,0.30467563045783663,-6.747551340094521,13.187103503335322,0.4896926319248678,4.546176447044239,7.47102290378777,-2.0069366223083875,I
-1.402397587979351,2.767145789325521,1.8983559747070444,-0.6938401947712833,-1.786909949669905,1.112157406078211,-7.182619255693819,-1.7138362042874462,-2.381688416907764,11.820314874571537,-9.579112367103875,-1.4000204989743565,-1.1486115888365305,0.040868896139237165,-0.24152590762815862,-2.8958195356136756,-0.033133092267263464,-1.8919355651021874,-7.224972309233383,12.195748256355586,-4.752184583016117,4.024909575380455,6.565456739192811,-1.0240420976866744,I
0.23524602415295703,1.3256525521451046,0.7135418253769785,0.15593559078708097,1.0858975073348347,1.4726428040384576,-6.9977323870249215,-0.4733885928886252,-0.3475760337859697,10.469364762940714,-9.395039366847556,0.8042519067277567,-0.11815769716866953,-0.9846972256482758,-2.7454060588848392,-1.862110274509135,1.4732452058406125,-3.861445356135505,-6.947913493816671,12.095294455826192,-4.446231528717476,2.5739140049862073,8.08826237342818,-1.948900335941346,I
-1.8460261804921174,2.9034353487178906,0.8296082945953458,-1.6342917831214834,0.14259397536017104,0.6454566407359721,-7.075650946634417,-3.6016700748774326,-0.7533892043441597,11.996514888573728,-9.825489488696945,1.966510942140303,0.806545743778031,-0.8060552288762324,-0.01682525607094476,-3.133239975873238,1.208265604286936,-0.33678488835755616,-7.131035074915825,11.612172312879096,-5.520888627133729,6.956492710648746,7.020072716208233,1.0860690249625122,I
-0.10575003369399383,-1.1788724839061728,0.4069346178154092,-2.162753336082318,0.48752698030040165,0.5087958327077899,-4.2279585511641375,-1.73392986149193,-1.1287672080471225,12.50420616405384,-10.28580680522694,-1.5174104644632394,-1.165307838681855,-1.5504898582906605,0.10253526119788603,-2.5750514433848437,2.236142100062551,1.0937504203421895,-6.526420106810143,14.545248120200242,-3.4007017601318807,4.5882575946653645,8.959210992321346,-1.8503473938811226,I
-2.9857410885913964,0.8152072630543535,1.7270364134090528,-0.8758830904033914,-0.5589138012367698,-0.06888325438291076,-4.33811145254823,-12.955379749143049,-2.6361290073303962,5.457379474829885,-3.98441376091489,-0.9559878614601871,1.206991334940767,-1.8457411171752724,4.034642312443054,-0.8890962594149485,2.4577020396239107,-1.4260488529804434,-27.04270436538302,31.424114669040662,8.026562759054798,5.608792164453114,2.0971263560300883,-2.823964897880046,J
-1.6018026556648692,-1.428141169045316,4.3568356546950895,-2.2428523690065134,0.4160192534153566,-2.694089641587709,-5.2940391124093376,-10.944303470111265,1.9438993229244943,1.3301400093321334,-4.834595568350892,-4.38472503579203,0.5251354850662437,1.7510010243412424,-0.4998505599763803,-4.64493369213821,0.9059852394347558,3.6471865681787676,-28.857500692417304,29.143029353491627,10.01096744810144,5.7585209791779945,2.2127800232211285,-2.538822097708703,J
-2.3575085590072717,1.5119945544689561,1.2042665717358432,-0.78045324617284,-1.138827794140127,-3.4060691580788784,-6.5712790094878635,-11.398641136480421,2.3989984097722754,2.936566686777077,-5.917308685993561,-4.764697025902649,1.0899744710099526,-0.5133883486095314,0.29425725517495493,-2.598418385294302,1.8097867492401747,-0.18758585077989665,-29.978360514522272,29.886242803375424,7.965242643192937,6.006664958073635,2.5870348074383713,-0.23226451918594648,J
-0.9575554124654673,0.5898678895262044,-1.0994399745470105,-2.2826252968215357,-1.9541197244639648,0.238377001732772,-7.664582156459707,-12.11225959881429,0.1224520937548732,2.917968522084898,-5.975950352733889,0.08712911283112135,0.3040050035016293,1.023398834642876,4.499806234645064,-3.086290361430386,-0.35577883124008736,0.36233673675724276,-29.319989534346895,28.70117592431008,9.10647967943629,6.826981821673051,2.2302929427894895,-1.4451140214042084,J
0.5614542355081085,3.141089719125065,2.9952845994773156,1.4744340921806725,-0.7562893171357814,-0.0800583496088052,-7.031731449990284,-11.250136221631351,-0.2509594455904107,2.6945305905580526,-5.68083766692186,-2.2984911976804483,1.3671713223691881,0.8124484509775414,3.315863203368565,-2.653666994466036,-0.11890220455651956,-5.384782680044907,-30.143699891491845,30.078727470018507,6.619900619852672,6.314810458705537,0.035271036415764456,-2.296607090461748,J
-0.5621238801019217,1.153352121471824,-0.26327808059028257,0.5076464760205397,1.8303588419776702,0.8356068065527893,-7.379242847811618,-13.744344275289336,-0.7150283805186746,3.149010225805334,-5.489297360519856,-4.00913169674368,0.6797504195128568,0.6454806706355996,1.166118252992078,-3.671359280754622,0.10480753709629198,-3.865102377222172,-31.54093975121094,28.225926550127568,7.081337613896096,7.628023800189787,-0.29337235505103365,-1.1669752677807423,J
-2.063752980228287,0.5199584012883836,1.750906489722297,-1.5780995365333865,-2.635703677907088,-2.1969475506392655,-6.376211096985877,-11.619368288894862,-1.4427772824382146,3.004982277641581,-5.46147170896262,0.11362690451835533,2.543009326779213,0.3942141566212669,0.4909265031776613,-1.5693224533565058,1.104986154685946,-0.5213449480560826,-26.25360925997016,29.625743713931584,7.817629780627556,4.906167024431269,-0.8499349116673613,-4.213772827700154,J
-0.9477786299074751,0.8878317273536994,-0.7234028740097074,0.002940199424671164,-1.403392467102151,-0.03187728011823765,-6.454808383801434,-11.794074671128527,-0.950671613735949,3.3315886242207355,-7.088393612132734,1.4215240804409746,1.5018335190161736,-1.2555151137959655,-1.9687117489080492,-4.971674713065809,2.304173572385139,-1.2423060501576515,-29.304378658355223,30.838231741650944,5.852070759355286,9.359335940054756,-1.7545483823749066,-2.878058975978661,J
-1.1300884045911062,-0.036602714271030345,-0.6322981266345096,1.315609440799122,-0.3224435002257451,-3.2234294621388813,-4.26250067965371,-12.668553621456397,0.22231585555311995,3.997698038990258,-5.890702964265245,-0.8653207720582827,1.965675974849944,2.4568827627882044,0.3010504680656254,-2.2370610752710576,2.436526527370461,-2.1410997358636337,-31.551935284504665,30.363392725327756,12.471040016416623,7.560693136845352,2.473958315197848,-2.2061596723870025,J
-2.0967383671414836,1.2819041427940316,-1.3880860822163754,-3.029911396907039,-1.8558366627416376,-0.5592423509962714,-5.891867163169464,-11.226788962524125,-0.6272058608106477,2.7360676553304373,-4.350385238993056,-2.7194135797417403,0.010113890772743162,0.6443949560105935,0.29207200325714666,-3.9173313712556705,-0.49247775171872377,0.05091103836042521,-29.8931116019548,29.544570360002794,11.736724090714915,7.712321757113884,2.3356326282899715,-1.490006290210772,J
-2.9220769327434937,0.03670044187614696,1.012635817308194,-2.6416746045282054,-0.9703707352724109,0.6700347497177859,-5.632048168386294,-11.30755655003918,-2.2758732783109963,4.090547532232755,-4.77486847006719,-1.1646970535203423,0.9950935668942407,-0.22723402881182153,1.2637955200752913,-2.119639294171293,-0.6925665841079081,0.8936396523045005,-29.80596226605908,26.78470305347041,5.5712978830472935,5.695670230710228,0.5892520199600142,2.2823400889959657,J
-0.3485909774576612,2.932311417313199,3.139832061077584,-0.005883737348426621,1.6848389052995572,-1.1836183286634991,-8.103858197219811,-12.415517854302493,-0.2757055282933152,4.17892011747761,-7.522511698313252,-1.5442359425811105,-0.5217404953627351,2.200593870137176,-0.07694934081979454,-3.3014496196903025,0.07399048624878901,-0.8864200516778169,-31.758677378564002,28.717602680465532,9.631209440067948,7.192955481550918,1.127351448715146,-0.33541837970102506,J
-1.220082712579483,0.9185104178314325,-0.0033239370488331588,-0.49036272841243544,0.21130778123637128,-0.8612443041212714,-5.475532318859641,-11.885567033172492,0.03659797164476686,4.600277375027183,-5.759978626096256,-0.6901122582891617,-1.892918976520832,1.0911363345876381,1.7484515579712365,-2.8374669487034794,1.890552955869282,0.045876494118999744,-27.222297113902002,27.466288843491796,9.027192443019771,6.0862136548763885,0.7613783411916302,-3.355268973371494,J
-0.9963750698731815,1.4251167751502194,-1.596357864862739,-1.0833051518229837,0.44045430538085384,-2.8605324022106515,-7.141279001256493,-11.09158305586763,0.33925960157614554,4.149597506216871,-5.006039248643788,-1.7785681627363488,1.1188914643021803,1.4362047112237164,1.406579369454846,-2.059231974951352,0.14526350285478884,-3.4393603443813845,-29.966143290014966,31.91958953360337,7.085716872548176,6.526846318793076,2.6940017564869976,-0.729192987087572,J
-2.7928425014033564,-0.49420456239433297,4.709438956006522,0.14099506008776075,-0.6741680609935656,-1.3973625344663674,-3.972545840566529,-12.11769007065746,1.7389110935957888,1.9758872778017533,-7.765092267481293,2.438362078222781,0.6158138148792318,-0.8664651625964765,-1.7981074124845122,-2.460091959612477,0.2759804118577165,0.49242538410771886,-29.510034715385046,31.856197716070298,6.779988377912616,5.9233167882721816,0.40192144084961967,1.2714220871047246,J
-0.8579107282132554,-0.0898153786249325,2.2502344954137357,0.022622135144985123,1.941949721944411,-4.948086753879238,-7.089830985812613,-11.938099577891109,-1.8634860414526315,2.3686030633159376,-4.712827421300915,-0.1839935529194463,-0.2890707099192298,0.6229466532021988,3.8533021958300537,-4.615612406527923,0.9552558002733065,-0.5347104873306989,-30.48306646153951,28.571262884218,5.580943840476266,5.463407744463844,2.9649519979210908,-4.381965529773481,J
-0.6142498643973795,0.5101845977759473,1.6300168346564874,-2.6488700453125205,-0.8316294293299507,-3.729976545928821,-7.35955955232326,-13.451262637867984,0.14303444647509878,1.4194621296879362,-4.202694190668694,0.23671236147009722,-0.8374880904118527,1.487381978583116,2.4140028739001878,-3.705431411052807,-0.11849411135003152,-1.5730065680451162,-30.489446418058954,29.536694995172738,10.551024379264845,7.053679503497058,1.6247278621899426,-5.38347331907471,J
-0.42570217246526454,1.5471530030172944,-0.31080588058495096,-0.05000102882912927,-2.667063126922642,-1.9829832316259512,-5.130600263224489,-10.723033160041638,2.490762392070394,3.276611100209898,-6.82952278737929,-2.5043454081672394,0.3649548762392101,-0.27040193362680753,6.4460965123246865,-5.486290993185698,0.41811317354108724,-2.1678233300113448,-29.560803900110365,25.477329329961293,6.596243918026801,6.790466400215628,1.213686519571155,0.38357614757200054,J
-1.8943409282981065,-1.3853810685835373,0.8253934629971695,-0.5062441382085581,-1.2020814540401261,-1.909835551956121,-4.513903360667831,-12.460586973164709,-0.20628273307102063,5.726701814056106,-6.324277878981746,-3.5139627536406692,1.168306603893143,0.1805485163210534,0.7388342124979204,-1.5207252746168436,1.2954419823557828,1.0359932452591352,-30.983021103483658,29.76732753204793,9.384834210288602,9.442682763492478,2.130382286106439,-4.13384138039919,J
1.646340922773902,-0.6432543307720859,4.456923340949004,-0.839501998072933,-1.145743905874781,4.299816674694796,-5.039106944782183,-12.875837780706775,-2.2298801396568138,3.5056176922829465,-4.875720587130957,-1.167110455404611,1.096087169526129,0.6110005196274457,2.319176998087187,-1.2009062894243598,2.1357147045569036,0.11354600614708943,-31.948722516530385,28.42900306722403,11.423325299708154,8.027797452279458,2.616083847943628,-3.3890031318485967,J
-1.4265583907601354,0.08937013521021742,0.7732645788413492,-0.1827618181048365,-0.7363357646135,-3.356136683398802,-6.442048206209627,-10.873843974808523,-0.7307932918768643,2.4471985863734105,-6.03215269836187,-0.9943075553232461,1.262378087936753,-0.6834790161960527,3.6794159907695985,-2.9676491061940737,1.7261637520770705,0.1632648853980072,-30.433383233957297,29.190677000572535,7.530293581311639,7.094538698291451,0.22748745907068724,-1.7633320213070078,J
-4.164561889372635,0.6409085914247189,-0.32788307542023176,-0.27710461860770863,0.7477782479537041,-1.6023505428532872,-5.110781144825063,-11.759587805562717,2.313146055196114,2.2750726310765472,-6.055770569676554,-1.2676342806573189,1.2392949646821876,1.338874188039192,-0.5245930523759057,-0.6104089247069879,0.014534359202855285,1.4856047468233555,-31.34763668496159,29.618279079800047,9.694715663996874,5.156620362363888,1.9370797621784561,-0.4451470521946135,J
-0.6310833328733452,-0.6644308631279967,0.17188432816084287,-2.4520364995068604,-0.46945780399414616,-3.1167642849877666,-4.560871714945849,-12.00678467625437,2.253800716624994,4.804846146458537,-5.493233313375299,1.5877498762732216,-1.331878862890477,2.995933000521525,0.9779892870878371,-2.8659734771176915,1.4952571231619913,-3.1152382011581494,-30.444242996716525,29.166784871511638,7.641772250491101,5.955488691856523,0.23671859837887155,1.2219239838895533,J
-1.36886395650356,-1.0667837942391047,3.1074257624704273,0.9989143405412761,-1.1005435614266048,-4.071848927769167,-6.6927721871499335,-11.187419132560905,-1.660465077395429,2.415163114314815,-6.62821334852714,-2.585158854902602,0.7576702751053119,-0.30393155873838396,2.0508991505899985,-2.772173482144126,-0.2015724456923067,1.109359712489038,-28.247998469188865,29.63782524336763,5.20775501040697,6.605714805016255,1.4512425559205013,-0.24561983990503222,J
-0.7270542530736179,0.3065647201527296,-1.3099067857832551,-0.13416299956318767,-0.35475244637785863,-0.5384332291955616,-4.872817400838475,-13.209501762563036,3.3711625672772243,4.3196892819643224,-6.115363680602599,-2.6813037805336535,1.8933253839412316,-0.6285010917283032,0.3264489088796836,-1.4615397770394694,0.6370706102191832,4.521455030070683,-29.63573610896991,30.5995905568398,9.609533563813045,6.141733860136796,1.7897945907387225,-4.768072105441661,J
-1.2969179651600484,1.0843928014757451,1.8251554258877718,0.6253393284723359,0.8573286756969196,-3.841238885525115,-6.79091699503561,-10.891086710244053,-4.912466340077572,4.632175904632284,-3.734776091563049,1.7246243902013134,-0.1348649871966927,0.6211823816084561,2.2322298495612927,-2.531222227139793,-0.04207079083866461,-0.7874408577616236,-26.590668252539427,27.894976865190486,6.061877645225593,6.444719262930164,0.8117397397418245,-4.045789440309818,J
-1.3023468489844845,0.38475475769345047,2.2975387576008757,-1.7673307048401767,0.9955194224357911,-1.3268433987020671,-6.555939606168181,-12.651850356710753,0.27487248292163713,0.9947110965091142,-5.723054124098951,-4.249158662683271,0.46010822914058735,1.6113176297149963,1.0839876896790201,-1.4065625568235234,2.780237586388438,-1.2458132793714753,-29.700215612828053,29.655744246953518,8.795922309703485,7.137841864331385,0.9394792930638971,-2.668475627915882,J
-1.6193149538345892,-0.4342045615744312,-1.1392927279230207,-0.486291300294738,-0.8268831588266039,-2.3377682221695864,-4.890735897973672,-10.3966961448983,-3.8590523482788512,3.490411124872516,-6.423505383798272,0.32738121840588974,0.8449548569067815,1.0041235663643704,1.2548175800035324,-3.034435969771387,0.17566562511066763,-0.5732507086701162,-30.552161308823806,29.427963336099097,9.182248280521549,6.76005926189174,3.579884828869737,0.22369872605054297,J
-2.6581896671626737,-0.2577339313192115,-4.742802000847973,-0.7850688986800947,1.0286447759426096,-0.44316138247614845,-6.305758607332551,-11.28909435427596,-1.9916014304868668,3.9864296442093448,-4.813009560149567,-2.9966658874782865,-2.262147577760743,2.1704577755475896,3.8239595858894404,-4.076019929428533,1.3865258369275466,-0.26314367344315315,-30.51496688829841,30.958098650488168,7.639139453457062,7.2898785398320385,0.8555857665464686,-2.9043438902974117,J
1.3721289253058728,0.6958859685815858,1.1418565502603428,-2.7373756098683657,0.5202709182113949,-0.4589346896204347,-3.668744991455694,-10.159951544714488,5.585295492457533,3.20086476245735,-3.996625128146576,-0.4713350272194816,-0.28473011607201215,-2.512934910562713,2.479048537034771,-2.7348429064859303,1.5749417509193222,0.7646448322836363,-30.564378563376167,31.0605857088256,9.398412129812698,8.097842070773822,1.3946361423683697,-3.0374971376991198,J
-2.2341202641141535,2.952372055411897,-1.4339071945254318,1.5689115299551872,0.4916408067241491,-2.075830852525314,-2.0061177483640655,-3.666829436565706,-0.4919766845698632,-0.41110702852955683,-14.800269058158875,-0.8374205731001894,0.28071461397033204,0.47504542845307896,0.6289416724853254,-2.16655350145718,1.012294148855318,-2.199848933292742,-17.38725957682344,8.067134312418446,0.5204613904311373,17.634840731038402,9.113246017249082,-3.40346329550016,K
0.5553319909277548,1.7098833813138796,0.8818532151447585,-0.733622775392945,-0.29012144670485895,-1.60015029672428,-2.0355748159982507,-0.6028945028040198,4.870351560843403,2.5371745211226937,-14.27954665599188,0.6577259444160859,-0.733990840307996,0.7440947320170821,1.7152068290888565,-1.9466446758288143,-1.00462975383752,-1.2171673412749442,-18.362463305607168,5.956005324972338,-2.017581794841817,16.193618625623778,11.097318810372514,-4.340801704233513,K
-0.19140961549550184,0.5895665574958473,-0.18360864699644708,1.0728921268514,0.7444083229854641,-2.0215152527127316,-2.894443644724286,-2.32619421801013,0.8660768352530113,4.202106596036316,-11.037782646075982,0.9251325357710698,-0.799962649798772,2.153959925794055,-1.0598003791354813,-2.8940200536392027,-1.070466747439042,-0.6398708451900461,-19.093323032085785,8.687090806227673,-1.2153692842365444,16.984205858394738,9.158992274219798,-3.9811975600293295,K
0.7970986383356831,1.2063991515906238,-1.5920237655979577,4.0271471057735795,0.03837851904921763,2.7740218069504294,-2.9317738956045845,-4.066739140437505,-2.1128253273247424,2.21531954051585,-11.422759077115643,-5.685300885644381,-0.10887595060211197,1.5789364300206685,2.6711613471265423,0.38901174312258746,0.038176134480835344,-0.6363771486579708,-16.3857211696142,7.270166026672285,1.3496159789492026,13.970360002129489,10.87618701006187,-3.4003990820969534,K
-1.4139464050573451,-0.18771856070967263,-3.1084137211445295,1.4896342221082364,0.7695120827510777,-1.0322775459111995,-2.6756200696677688,-5.784342715164428,0.6008550815500371,1.650749350914694,-13.433166261699228,0.8478207947059673,-1.5734468789772222,1.3492531210093333,-0.21422661552549016,0.09783530533038487,0.13197613635881567,-1.0110919681043242,-17.62033657122096,8.13080144407543,4.101844038329546,15.54841337212627,9.78804238491162,-0.5047192112152743,K
-0.8971556473817941,-0.07002626026162118,-2.3386100499765803,0.44805071123899154,-0.02582438942789622,1.6319170772505345,-2.6034027626741025,-4.900222944303096,1.7845773920262218,3.80409780932132,-15.10529266578402,0.8042429635585222,0.47823114593614946,0.2894797630483552,0.288825943200834,-5.236056560671791,0.7686291285728828,2.3011368535250085,-17.701241410648187,8.00659185625328,2.1018962358160707,16.00710146079792,10.375553418189881,-0.09715040995678237,K
-0.20417143145982664,-0.8010217142838739,-0.5202117892299611,-0.799188027912777,0.4715527282987182,-0.2675073971290658,-3.4630861920059077,-3.9372349806568536,2.4967803910894872,2.084731599350434,-9.659138722968123,-2.386874626055487,1.9649249157104691,0.03006797970051167,3.843488476784046,-0.6479568833571818,-0.9690625245795559,-1.4836963796481086,-17.97762160701025,9.86116308566153,2.4374120132658845,17.242532766005745,9.532024401358527,-3.940464491899718,K
-0.24909885762110662,3.5041820208702914,-1.81738663479166,-1.326021561290446,0.5201446665764138,-1.564012733976881,-4.60525814786973,-2.1888190086678208,0.020502629759505453,-0.13296129798015954,-12.869138932862825,0.5162558422526331,-0.5474720978200196,2.1971269848164354,-3.1646568167150235,0.6518169931264524,1.5669585052078503,-1.1238733926483633,-17.043956339177026,7.294058652852115,3.6660247697793125,15.628504529236828,9.00967054465471,-2.3292507594866265,K
-0.06082474680113137,3.177032728434709,-0.637825209673224,0.7363771576341094,-0.3638308707539295,-1.3202684232266506,-4.174126851328911,-3.7182817556806924,2.793749677977871,1.091880828788483,-11.190632753122259,0.16168027686273945,0.023614775368287155,0.15006823723572893,2.2210954512519834,-3.1809881640128594,-1.511101040801094,3.8742411181425496,-18.54639990346579,7.219261794975083,1.6391375130361325,18.252893791026302,11.974243689351681,-2.9407010100345587,K
0.08890814844153283,0.19427241135722606,0.5942959636158207,1.6965138888120919,-1.4318782760141175,-0.0671128227953659,-1.010144957548886,-2.7593672949331847,2.773384069106612,1.3477629124569077,-15.558004145696003,1.1588101883976378,0.5379574156883677,1.2504300189817528,-0.002880787568415144,-1.7990880688283895,-1.143499896433326,-3.3141358824850613,-17.868888623311037,6.566592211140957,1.595997091302479,16.320540262973317,10.500714408771131,-4.033534018951798,K
1.7319845108788172,0.4604715320341234,-3.137542956597713,-2.0589173114484254,-0.13890137878735231,-2.2166445643908332,-1.6455747921402084,-3.019859749220359,1.8097672086004195,1.7856825843915658,-13.256831704532772,-2.3743887110915693,-1.535435523124022,0.3694338327123887,0.6659546616503462,-0.5031156175708915,1.3600735600676614,0.7291207822226511,-18.96653568944895,8.83926191787394,-1.7878437820360205,15.511897474263215,11.327815399032005,-2.7970362659293073,K
-1.8957120002301622,-1.6904335722642867,0.7355587948075026,-2.4527198299909685,1.0648982944397858,-2.5490937256959114,-2.4813665883163547,-5.167781474532347,-0.6338848037370326,3.7863155065339242,-12.975563766825076,0.23001427118009588,-1.5921772289710248,-0.25866517556298163,1.9769097265188975,-2.1426627325688656,-1.036392159163995,1.1064710223863585,-19.22920538392657,5.170438385700393,4.145654189718812,16.541401709992606,10.035508252174253,-3.8675349093470004,K
-1.393847113838433,2.864136816286952,-0.6323514608663459,-2.8082397728830557,2.5255398705940024,1.6783459130201095,-3.5568870134612656,-3.731443669522264,0.7620501996212852,-0.1553595363564142,-12.727963691263,0.7508067394970794,1.7759677634948332,0.7443667423715254,2.5202620866185725,-2.8575042662470196,0.9836509161904132,0.8561489169441074,-17.73287044073776,5.241569999591434,1.2245652175839723,15.690270633266145,11.043699819159372,-1.479065223658722,K
-2.1935377125463447,2.6739558251486826,-0.5935846913881164,0.7191362277068833,0.6092003450000902,-1.0051163490256272,-4.272135976226095,-2.2151542838949467,-0.7731712281926093,1.8197532647595693,-13.450272786550784,-3.4691922994064157,-2.2908674172797134,-1.771154287277767,0.8437816112402743,-1.1515762474095155,-1.0245847700988406,0.17087725250155472,-17.738164452574434,6.661209007021711,1.0445434051105167,14.474115007150381,11.562929497490288,-2.2891632831274364,K
-1.0542096405723669,2.5091593946828192,-3.7529387019225737,0.8328931238510222,0.2798769017556424,0.06647424371692523,-3.040506850175734,-1.6310317098352698,-0.45978075011885267,1.3293016660527357,-15.811177462893227,-1.7970947558366674,-2.1494199892624977,-0.05314458710675041,0.9587641402720237,-0.7750156599364715,-0.9343110122333087,-2.020694068597436,-17.500065207218217,8.089804233188744,-0.38359371906756223,19.139455158009433,9.974015028457472,-1.950583734157874,K
-1.4830410189395025,1.1607883154019054,-0.0771694656298223,0.36700977736244056,-2.490710919272715,1.0195794418132778,-0.7246697562711741,0.5969730150038686,1.8296958499412312,-1.5637301869801448,0.1645738495008402,-0.9304931381012693,-2.8737608924281517,2.7706558097046425,-1.7908421967790673,-1.3235684500992662,-2.1100121984695477,-0.23209270163090423,2.319483387355941,-2.7760304543334087,2.484061376511761,-0.7371063235873407,-0.4099237704038501,1.6042949909199251,K
-1.2336708824196307,-0.7607050250536741,1.6947981641955607,0.16854972749588626,0.542958503273951,-3.507679300851464,-3.811547625185689,-3.8910854566758246,-1.1660679511846865,2.475003796814903,-14.512760358577793,-0.00804595422471266,0.02348113323199641,0.851877984853985,-2.9178364721784646,-2.0750600450611287,-1.175125069320245,-2.309571971772016,-16.99725964345118,7.766729215734344,5.356962209020367,18.449047133156803,8.226278341854481,-5.031762342357524,K
-0.6537664176289013,2.250562162557892,0.6801459154505096,0.5079154320625321,-1.1985372557493292,-0.1943593584288692,-1.9427240998895998,-5.225744850124443,1.11617896557334,2.140930099211232,-14.229182336868007,-0.5084705490174883,-0.30408076912056003,-0.9132355212042498,2.917536024551623,-2.5729796299999848,-0.19177697891973366,2.9561775288997296,-18.470381850523175,7.648086206772945,2.215994970261818,17.521219482767272,10.117365123904307,-2.8988717394516357,K
-1.944034914319218,0.45857106220884386,-1.0565597989867115,2.029499065140172,-1.6524720072341097,-1.322888792287813,-3.9638553728744577,-3.6714459728399333,0.5084376640497226,2.7986220271599365,-13.067192477541596,0.17941991027618087,0.8516671545794168,1.4862220461056665,0.14516382277872708,0.5642601075322986,-0.4308259186202861,1.2407148106092336,-18.777440619124615,6.151344662489564,4.883694419896017,17.9287305077602,11.006639955822877,-0.5014307419438069,K
-0.6935309323966976,-0.7531032450576737,2.031186495820293,-1.9630797364939383,1.3605577558280402,-0.19545244008014606,-1.447384695027207,-1.6892728920503544,2.037084445591347,-0.6519203675558316,-13.061492097742757,1.820637365557559,-3.169687872839461,1.1180773850523948,-0.0988108197375368,-0.3012604060108899,1.4804825149469423,-0.2923156760370489,-17.87988395265439,4.04143276024746,1.991522082022982,18.292532607203874,9.707545361273077,1.2906825216307993,K
0.490716749924502,-0.26740180674505465,-2.919842733667508,1.1892275891885618,-1.5354597692709717,4.028482013133271,-3.0394209513966377,-6.083121473493918,3.969584865380625,1.0800710162685903,-13.177012371357051,-3.8870527603350524,0.5785424804684567,0.5237789075343144,0.5198755214230459,-2.9138391527547753,-1.4088852298786207,0.9700307694521939,-18.196580863383087,10.868674027801305,-0.45235313670940513,17.704884645280963,12.175146740391426,-5.767611769455584,K
1.2765581816933036,2.4141367211892213,-1.8802381531033348,0.10569810216557585,-0.3495761514382707,-1.4330502896540906,-3.144353081615809,-4.4488687095127375,2.792656043972329,0.768803329191698,-14.20420676473941,2.587597626975878,-0.2826299496476281,1.4290724127584937,1.3923908382093373,-0.9437483056530738,-0.7777941146088949,3.221614452241738,-17.716580943992298,8.791073004951514,3.7656650766231223,18.46601653603964,10.777226368347641,-3.5843590430345103,K
-0.33082403426402607,-1.0810670170018088,0.27171069115041746,1.4377796060552726,-1.487408005934924,-1.597957781346679,-3.801502447793937,-3.3076427341653982,1.1704954491528952,1.6147769352150192,-13.331085653314062,-0.8109103810576244,0.794655816953906,1.0112444647880565,0.109676408725079,-2.0813048874523403,-0.8329068031826807,0.525010630612428,-17.28083429882004,7.766049882017299,3.5265169893158372,16.717329672213758,10.551616755559081,-2.3329720812484993,K
-0.3519964671419302,0.924046180530916,-1.378278234144716,1.72786942992051,-0.7146044430284064,1.2574218738957939,-3.0075204832111617,-5.438731294796241,-1.0826232263897282,2.9093930475572733,-12.535339803704659,0.8092786677440245,-0.29498519138002166,0.6440493664634488,-1.561329986433634,-1.0357844156809506,-0.685212371687868,0.3460778676034124,-15.39992915306269,5.9235625778821515,3.833999402353186,17.776559409922776,10.351254866794392,-4.1119406368197815,K
1.4308992312328428,1.0838199814002512,-2.6340514971007565,-0.31308089298585173,1.087165355561126,0.4966019701379878,-2.4394209331646235,-4.333076263289939,-1.031381892829586,0.3097083797542126,-11.671178004200442,2.0591399439477414,-1.5667950964192414,1.6983930707561399,2.187594110135592,-2.7618028086667294,1.3815259399416675,0.9728728535514506,-18.304499370405644,5.387769214751145,-1.6669553145321743,19.366152404854397,10.575373129728334,-1.420156162175033,K
-1.9426729603767399,0.979973767976422,-1.5250046784408937,0.23479407552994758,0.34965375611966465,-1.8458744111897545,-5.090687921076357,-3.896375589086233,-0.07980168987245406,0.8760426476250913,-12.196518185438975,0.83380560385649,-1.309828402834512,2.0207917751813866,-1.735874874062688,-1.5022098668992285,-2.482637875655996,1.0436171013332114,-17.512689479827944,6.545416201768603,-2.307098578681291,17.357916594285406,10.993607948821236,-3.901259512093702,K
-0.5671545205789243,1.6597928377859303,0.4123062230456185,1.5875074921343924,-2.556002435330754,-3.254287845110582,-4.224488872761115,-4.230175394878415,0.27694899173280874,2.537311263347746,-13.8607690382741,-1.5988920064376657,-0.4707731801031514,-0.05083652610252187,0.6944229774998121,0.11222522027886583,-0.0882032738592784,0.4104693774750672,-18.23472550234219,8.159307244072338,-2.2858603603996244,16.606965871612594,10.125915638367161,-1.8745903800854649,K
-1.9884158686991213,0.874091438283754,1.204876615084629,-1.1829450400513224,0.34503477567744767,-1.8419291649722709,-3.5830861836127124,-2.956873055989149,0.9563005498139887,2.980523874343362,-14.71882264095018,-2.6343469972906632,0.5280509817543475,1.3853616540832192,-0.9840298724276977,-1.2694049376061116,-2.0470272865811125,-1.756795479752384,-16.32069854526612,6.793697468339232,0.40416900828142843,18.873120993705008,10.751708805412363,0.9647931206480962,K
-0.529964336136743,0.8583448574305731,-0.966985791236084,1.2706751766980773,1.2106932483513901,-0.8546559892882328,-4.460280734664189,-3.295700322078119,0.10502916817688401,3.434324151708111,-12.807509125722817,-1.0675851691745493,-1.7666129713794874,0.18685509597994354,1.6827862245038432,0.4631294761415532,0.42518643091838726,0.7968005956594197,-16.898028822350884,7.069940521102339,4.851282570127466,15.796694093246963,8.33243118962784,-1.1897649627265423,K
0.8617151083273029,1.0346797434474628,-1.1456975848852835,0.23506575447177624,-0.3191716126320898,-0.5254920383638364,-2.667068013898932,-5.013569952089114,-2.50068049117516,4.134098276751189,-13.84407081376196,-1.0761306434038715,-0.3617693069944039,1.770475210543772,0.686322673263021,-0.9114410717994943,-0.6573909594503391,-0.8980785823488873,-17.801286800367325,9.250301810562533,1.3009982733408378,19.37334720697897,7.772204797529156,-2.073886846343271,K
-1.4276576353051382,2.667032725025643,-0.3425976893907432,2.159409847483836,-0.5817050853059982,-3.624845010472143,-3.2772490000692507,-4.922756115943912,1.1588834692498153,1.6221081619609095,-12.811854994554125,-3.6253468249560683,-0.839058456766395,2.2504740934070924,3.7009067062452914,-4.206417723090475,1.2915244651555042,2.4371396141920627,-19.18087949489152,7.1133806641179405,0.3610259352469143,16.536650133435167,10.456865868754136,-3.0532725399235687,K
0.9141831971592183,2.3001177707705662,2.874684883024088,-1.1387407293536569,-0.8092439666338009,-1.9772996284859232,-0.8398724680087106,-1.86667902080859,0.18706078383553404,-2.850366761151399,-21.739038518707503,-2.324124436597913,0.6287243260169362,1.4991553172116738,-0.7881477525800733,-0.6101999819311743,1.6531342005667113,2.8714598598571115,-6.03996392658286,0.11958726301250522,-2.153056514135301,34.71264825149494,32.32468693646079,5.736817076808791,L
-0.5254163845980884,-0.39961089216476725,-2.027729457862506,-1.9809134780401507,-2.994896286080234,-3.2282588746768965,-4.141365786353942,-1.5679023890433257,0.5525827973660284,-3.694031460377886,-22.005372286007287,1.9690284407264471,-0.3760718358936117,-1.1283554785542123,0.6023215387272671,-0.2663533837849812,0.1569330590711786,-1.0844122192930286,-6.007113396985499,3.1198599396443853,0.06874673503392614,34.0897078427969,32.480662651096836,7.27838408954392,L
0.13514108179674622,-0.03933938771081985,-0.024716641032000553,-1.8562977406084258,-0.9344020504502737,-0.5885939770170694,-0.2968859935561925,-0.2654112985190693,1.4443648692692932,-4.3724932032105315,-22.46867557494602,-3.778531920557498,0.1480425881775318,0.06879337183067236,0.08743594788484188,-0.3943621805114077,2.3698743487744025,-0.9639615478510564,-3.2779274088484023,4.0307192815031385,0.8026256932053002,31.89645017694697,32.772245723534795,8.934498155137078,L
0.14138369405714002,0.018081423251875506,0.3147337498139109,-0.3305056541064033,-2.683361193903295,-1.2204261308897912,-1.6616824135035966,-0.9015197798097176,-2.002755790330241,-5.576158799322421,-22.069990620194943,0.981972699334392,-2.7132215051438493,0.9059432861881334,2.6889900797163477,-1.8805162862717992,-1.046322890337592,1.855947484910189,-5.376841859066648,4.021489081197359,1.9751721903949147,31.45513763386333,32.796952810020244,6.117445512452889,L
0.1844123192692564,1.5229684304085307,-1.6563014506244258,-3.0037632005097095,-1.243226380775809,-1.630179245063573,-2.312315915483162,0.7849993631351708,-0.572657973897492,-3.686701141564477,-20.83143721139521,-2.042041928113747,0.4833399370975826,-0.47459963464513066,1.5125021199365278,0.12188135970441749,0.3316390822744495,2.5127365827608514,-4.128244531018694,0.13574238510490488,-3.45087280880972,30.78237669890416,34.032517153226735,6.246873378288228,L
-2.7095770849171004,0.15654302255869829,1.354576367487482,0.48221019216674676,-2.782453592844604,-2.1768135290355985,-1.1845330581460054,-1.600478205202137,-2.7576726002407668,-2.997787362974613,-22.721028452601786,-1.2805627065798717,-0.061004465232940674,0.4142687300600869,-1.9190819715951761,1.7646870961253498,-0.10519160233562275,-0.7040097794333633,-6.105936953842374,3.4061488612940423,-0.6336039193955116,33.11124589283136,33.46944022600714,6.400838868292794,L
0.2902905019351465,-0.12906787899554933,1.9693109446491803,-2.471636289639818,-1.1866178475638662,-0.14335684576889207,-2.7215920021145665,0.8751341762626055,3.1228171392247646,-3.414665875948309,-22.31039256569744,-1.6020570239582526,1.6876823399053364,2.392504156052354,-1.8299515043917722,1.1751382550200162,0.843134653497259,0.576735617245447,-5.062452588819269,4.1162391256618776,-0.6638285840059552,32.52427634633638,34.14898826343688,7.443086519682083,L
0.6452730696316848,-1.3969412476471765,1.9044927134203817,1.2571865928269332,-2.925400165817223,0.0953575881342772,-2.473990180136398,-2.4543229229269627,-2.9390003717339823,-3.0865666985144173,-21.139718052652995,2.9786362580871923,0.9532942352982445,0.19843184347722342,1.6476273000041033,-0.14323114693764438,0.5024084207528006,1.6513890701230025,-2.6847150343295,2.8947924074200273,2.3222979316544183,32.21070191354907,32.20984878595306,6.37871693827833,L
0.7423266457946625,2.2781267874947617,0.014485328442617629,-2.005754662354178,-0.5564849566295607,0.8419467999908647,1.5312135876519841,0.041645967371039205,1.1375422158915285,-2.6269278284822875,-21.426685845422924,1.9823842033289338,0.8011201409384512,1.203635418507929,-2.371328037727494,0.10599906614133658,1.6796047335665492,1.5729882243580278,-4.643402844234824,3.425017866039866,-0.7996128056723819,30.053280149019926,33.553061379687605,4.788749654226763,L
-0.7822469780696792,0.6066788059850625,1.5094080319741465,-0.7567505399955223,-0.5620509209960574,0.9148720741795273,-2.9173386170637636,1.2086623341829466,-0.46163132390449846,-4.074801101960674,-22.092655790717743,0.6955091646641449,-2.4041291310585393,-1.416953458898142,-0.678420847620373,-0.7387521745155965,-0.017907752403658606,0.046525148141938644,-4.11942096190646,1.7174619208289812,-3.194419735731003,31.697853032729455,35.17686083749656,8.572045795700205,L
-0.15129103771954533,-0.18010860309072546,1.4384529229173495,-0.17059601306493732,-3.2058429551624954,-1.2762672505783144,-0.9792843122072323,1.9047725305338759,0.8916011090175857,-4.234982038748136,-22.17722614464435,0.8023845678828252,0.5307161296306333,-0.18939618596547803,-4.3022887973693855,3.7180812342371468,0.4072523751239032,-1.5815501675838846,-2.5151676141557466,1.438502907179199,-0.3097013094106842,30.716810628209416,31.65410249169841,6.992582800127877,L
1.1708796789934013,0.7424253634494904,1.8865331048849612,2.1558282360921908,-3.211957214079689,-0.20139020465779822,-3.2379721419627954,-1.0755443358272885,-2.175556867642115,-1.2376975404902453,-21.68840253790296,-2.863971086458264,-1.4418181881454473,0.09567174947754609,0.12662993583904836,-1.5169877472269775,1.1200590698796589,-1.8572716252248824,-6.022452811659733,4.265288302874836,-1.037884720883767,33.20735420427306,30.51830901809653,10.173847603224601,L
1.1848606514905669,-0.9826425867355875,2.2397953649422675,-0.7047578974936215,-1.3966191897849853,1.8769579188840453,-1.3155285961271943,0.33350222046425415,0.6771981377930274,-2.9106376315845353,-22.61664234475569,-3.2226965177364946,1.707774036251834,-0.2352795510960135,-3.567095953893329,-0.11540367088497305,-0.7347868315405606,-1.6369630469408207,-5.422452551880571,3.8979589858941353,1.5038806146826005,28.971382444494154,34.22093337101343,8.270916866251241,L
2.34129477881487,-1.7076652463448136,2.2649713726575555,1.3717572519292816,-3.5754858083599856,0.392768206152482,-1.2631303365737585,1.0874463205464053,-1.4438619462089832,-3.1746653159990856,-22.34148246578755,-2.8477615574618653,0.0737927406273684,1.3130466840235613,1.4091276490920563,-1.4850862590738743,0.8793796353579353,-1.593597126541738,-6.511276276860308,1.424791745975682,1.4854817739638975,31.970702344385458,32.915458538211084,5.0296493400476265,L
1.1085761514375463,0.6877194967501852,-2.0347441096141097,-0.7315010380810634,-2.113228319539644,-1.4409593240723666,-1.9510941769796282,-0.7204308325308659,-0.11406698566923978,-2.0262488089167903,-21.857950717563938,-1.0328735362602401,-0.29652466151756585,1.3707389088627338,-3.1976319254184205,3.2027864869061204,1.6622255389875988,-1.3082390738780418,-6.6721360053670935,1.8439762762425005,-3.601764308739064,33.94676446657509,31.972155979760927,5.897562826994431,L
-2.3848635496946144,-0.48390944235735484,0.6964613153893993,0.939268010411233,0.1443784560807444,-1.8218072929549294,-0.6711393979663711,-0.02581823454318055,-1.1390148710357835,-3.2608642591242614,-22.374465588047883,-3.2086743396044994,-2.0754845727431643,3.061598573158335,-2.7298404811663772,0.2022436779245993,0.3624548627069828,2.8250398617572046,-2.446886901320358,3.678726221283256,-2.7958350885307937,33.2680322634324,33.06953194444783,7.70391462590203,L
-0.6306101726000861,2.6588960713148246,3.8750978783754704,1.189856492193492,-1.2530012577112757,-0.23797089368673596,-2.223130410888081,-0.10808132147491278,0.4093522866370449,-3.8657516492609787,-23.4987201996544,-0.9958578681765857,-1.2517757148573025,0.8629116333837175,-0.7721566244957216,-0.1819186173176348,-0.6599888551459969,1.2576158436223182,-5.5554844798265,4.2920309394389164,-0.2457490869577441,31.97328197731285,33.47636264148589,9.809425023420431,L
0.8672133441075971,-0.5485248838317951,2.2772446588124353,-0.3548046680986374,-1.250011915940945,-1.3421831756172082,-2.8474290680345993,1.571781122958214,0.4597246839433069,-2.4867011381122524,-20.767090621741488,-2.107523315981382,0.22311614796879553,-0.1790796772537533,-0.21478482041800362,-0.12259851788833487,-1.301391556269266,-1.0443355690791805,-7.424307838526259,3.1785002876386983,-2.198169614213043,31.945860193451324,33.60722196815489,9.014658083817096,L
0.9597934023478274,-0.5345430411877201,3.463584935608253,-1.5181529290385924,-2.028654527207209,1.0981765838214415,-1.0232660549042967,0.33051751847042965,-2.910975044077361,-4.861453213859932,-23.07288186383181,0.5356355267699655,-0.7592825005305599,0.4135902455878835,0.703716233474097,0.7702070873484317,-0.41171211788108053,-0.4639780080108835,-7.216751547230865,3.959043950698117,-0.012070163916121146,31.622649165641377,33.236228021682436,7.538788125707583,L
0.754406732205041,0.17215383916149068,2.825624769194917,-2.7227694722172373,-0.7492475127487523,-0.3185588693742716,-0.9065239864560777,0.35535915847682986,-2.1324111985421723,-2.491045715815254,-22.702157569851124,0.23670303441457463,0.06985392933810886,-0.5013425577430439,-1.0399975873156109,-0.31970254816950927,2.4820014957757905,-0.3831655002778689,-2.9923168128690953,2.8839305247312836,1.2419531299717619,32.337760890356805,33.15369496465516,6.420107694738647,L
0.265452051775128,-0.21879640118838833,0.346276110974145,-1.0863414677409509,-0.06453447188334849,-2.033586608609994,0.434788314163427,1.1768982856023058,0.1073459975303308,-1.1920869175836728,-21.97957753094329,2.5040531199190355,-2.0434456450176413,-1.1935142051730594,0.028745176842278397,0.29414339440111803,3.3065254767924728,1.6546758270958435,-5.376841754637155,2.32329862168271,-5.334314882303829,35.957580904309296,33.996272675389406,6.4087220144148205,L
0.9056293685702599,-1.748932194275567,1.7492137247591586,-3.1853911455250454,-1.7293389771064085,0.9956765727743573,-1.1975647181730995,0.48906876480282335,0.9658392742731507,-3.025752449484351,-22.273334628696773,-0.21138606807585347,-2.0480684090871932,-0.8780384409631949,-0.4909497357531336,-0.3749519271851227,2.3237215244761273,0.12799539944103344,-3.4501899631034085,2.278366100052523,0.7240057560853188,31.400838880858515,33.00586533752748,9.82978930664126,L
0.5469838767760393,-0.03160185042280156,-2.463554968016979,-0.6731301941333214,-1.8912770394031782,1.3894550466413875,-2.7724969274102373,0.14712413501283095,-0.22553781141687068,-5.17271986527242,-20.849354965279417,2.0012203153729615,1.164245350833113,-0.5389438802450854,-2.1919647144985674,1.8955471097850705,1.4245338444086144,0.44927272441100286,-3.2039456119623537,2.7530711842534004,-1.7117599617102996,30.976764447242672,34.366723768001535,7.012951805978389,L
2.2165365995516026,-1.3156290006017362,0.044928532053745585,0.017956763979441348,-2.723955731560636,-2.262448283613537,-2.303492383832851,0.72662406928265,2.681523514277785,-2.8794164679340852,-20.779714998133414,-2.002838605370812,0.8771425626587757,-0.5044640917194698,0.5799713206577621,0.7942345121564358,-1.1941525243696844,1.4271348589733748,-4.222588563099162,1.1752896450958872,-1.5118092869541897,32.538258554726426,31.822833987827508,4.675732457226275,L
-0.5102114224674779,1.3521990791192473,-0.058009385526190727,0.09804834226021342,-0.8940892687495534,0.2083602858328959,-1.5868860420382411,1.3281188092121,-0.18086341878574785,-3.306203341177607,-21.736730616505184,-0.2941638802223565,2.191033901852961,-0.245052867630406,-0.4916106001214189,-2.332417838636104,3.864855353308144,1.6778955337736647,-6.662497717896208,1.3157875621676283,-2.985716536715529,31.70328070827871,34.86871662799298,10.651708329283338,L
2.744184682992426,1.6492126679825083,-0.4414871411115655,-1.1148494012065555,-0.5452101338248099,0.08002834627365019,-3.8820897800135006,0.03119358639236225,0.7137658464945957,-4.068963258423885,-21.23460122142157,-1.7831783530111807,-2.8723204660548163,-0.5219762828705328,-2.381840860081468,-0.7007431937861313,3.8419070321339746,0.6257961453403595,-5.3662535022545725,3.7263769063131207,-1.7989220589334423,33.88269334294273,32.84201919472842,6.98755540887538,L
1.3705644917894233,-2.814135885937201,2.914760539000156,-2.2300075927321217,-0.7891565786512729,-3.348711424123678,-1.6170217319635247,-0.44731043916618773,-0.10114297084845703,-3.6438062655072656,-21.900574660357677,0.09303420288711095,-1.141546485038134,-0.5601206939834569,2.077742929864826,-0.6183448577122022,-0.4318000306002432,1.4713694394491768,-5.416615908851451,3.392302863487984,-1.269594086383222,33.56341876510716,30.54070743598794,6.714232218609254,L
0.35708291667367575,1.6615656754846553,-0.7191850607241008,-1.1996905399513338,-1.730556531811601,1.5471354234796308,-3.4764788819977728,-0.6550024844901543,1.0604512508621724,-3.778059233169138,-24.428043794796366,-0.06902794581554872,1.9428865674046278,0.7334087440180923,-2.93833676824039,0.622107878499385,-0.34940359151829625,-1.6312691296878938,-5.867701865131501,1.1952429904852977,2.569779996708519,31.517172610183906,33.956091243554354,6.008160546212764,L
2.4507010006448127,0.12219909559277714,1.6576758763339967,0.3103548145552253,-1.2927703846379472,-0.7517564155952527,-0.6483338623079185,1.2406981825329524,-0.7167670870815073,-1.1144388548560968,-20.765327769007996,0.11625123064618492,-0.021094349857150974,1.9568929801009745,0.3357835522135133,-0.14146700134973855,1.0170238550800832,0.45562687082468756,-5.3696469162643226,4.047144884618859,-3.0643314750286095,32.40142610948685,36.57885130855543,8.036146297679807,L
0.43513380452804995,-1.3369412328026524,0.4167890051342056,-0.08398981907365055,-2.2529109477742395,-3.494561917265571,-2.1091032450878817,0.4221435916949474,-0.9407978985121304,-4.900683695175999,-22.174784738394322,0.7905687139871702,0.1545564616618833,0.3002416601397613,-0.3825464099170972,0.43246980627407794,1.2788786637666476,-0.9665840434764732,-3.378651757719279,1.561623783853932,1.3078722586658955,35.08092744880807,34.861794481787,6.242502543040075,L
-0.8274593530719585,0.25418281898239237,1.0813491890337446,0.07693096578596226,-1.4689775015028204,-0.7216281103068809,-2.5284950878755086,-3.4431529607301172,0.8369864341775042,0.8781439366406261,-6.468073195513881,-1.9888336065641283,0.02352752077925402,-1.9100035441816487,3.3845223239541724,-5.5688149406468455,1.6521230595793384,-1.1915251293608549,-20.939691196812856,-23.047151358902155,-1.1202302571977611,10.061949809493115,-2.093129012854263,-2.0747137997996106,M
-1.7968299231899891,0.9363095237442812,-0.10587651179338309,0.18742813579842732,1.4156368612570418,-1.9226493582742137,-2.879128611377472,-4.610436404681593,-5.3952199950063005,1.8483263088589723,-4.965087595944254,-2.41567253230113,-0.1067861143089317,-0.1804564423020949,0.5298007989258622,-3.9763710895383753,0.5842034484036844,0.978371558280628,-19.87625235898255,-25.9595957368186,1.7231105586959643,9.333804296433243,-3.112178016075603,-2.757355042331767,M
0.6688764662242193,1.171694187319659,0.7039983965157717,1.1418633375900527,-1.2323686700195253,-0.5512443013596453,-1.6168208699620168,-5.249260149511571,-0.3879058843409098,0.9571491547322211,-3.92920596658729,-1.099679691918368,-1.4672397242760553,1.6578240378540414,-1.955247134385104,-1.8887242081586706,0.28664557271432045,1.424047673152586,-19.629464997390897,-24.558826721467554,-0.32108577124080284,6.1467458830269095,-1.7215904380831546,1.280437567387878,M
-0.38547097681703235,-0.3386226047433948,0.4339682048267264,0.8048048206172922,1.1241875276173232,1.748747413325077,0.06643715563565511,-7.393510485895376,-3.2010159597263055,2.3614488018606465,-5.574726952738672,-0.8957895430477834,-2.022444683644892,0.0590010739150344,-0.8402997903257301,-0.2863714927570271,-0.42764988273501103,2.738290793026806,-20.331546428589885,-24.786744906188105,3.4519242893414344,8.79475538089816,-2.6259355129050874,-0.6415473787465089,M
0.6402307893912962,-0.03617921328113638,-1.7860772318425688,0.41005358859089824,-0.23626428719819614,-0.026728771364503245,-2.0843321019098293,-6.5429239408055935,0.35671078726011274,1.8408594273356726,-4.009837951108125,1.202930651911231,-1.3135765378100928,-2.8638938035230694,-1.8078571468019504,-3.4154657469184855,-1.0799149498570841,2.957512945529629,-20.498650519630033,-23.320680805189014,0.1559090565130532,8.422538014407735,-4.026973614584691,0.12408836454568473,M
-1.1797287147491602,-0.27645067485749597,-0.02090082643212554,0.018561457845308382,-3.1937778806388337,-0.3337688037988187,0.5547177161366799,-4.137766152498671,-0.42973744719444085,2.2984618807832504,-5.411694994068029,-2.989683017091636,-2.687602654228698,-0.35407567724160316,1.9787295352717251,-4.398407522003112,2.5488644105386697,2.0210440806399106,-19.925664058657336,-25.168329467221056,2.085558416444826,9.955795280491188,-2.5461149645497727,-0.02176864637772269,M
0.5010930311104289,1.2637303408778102,-0.781506444317813,0.26928371640019577,-1.942599101209396,1.0523083866176535,-1.2025221665989765,-4.324960672922543,-2.6850398280626564,1.6284172933588081,-4.851738613491449,-1.8725452842189725,-0.24905133056671502,0.9070102990613051,-2.3921586008195845,0.3512305201879471,2.3946562436481145,-1.3492029929867613,-20.51371834517397,-25.987422727835096,3.36126275110081,7.964935505724711,-3.3794622195143376,-0.7670407968920472,M
0.912807942247639,0.6561285232850317,0.30497984735177397,-1.9010311621757694,0.14192506208422628,2.306760528426878,-0.37283885370389847,-5.819668634889638,-2.661824871632348,-0.6145249608932346,-5.285855705434159,-0.7899995713725616,0.517511277142404,0.499362683740749,1.7111058410373516,-2.005331083617122,1.3366459317446697,0.663230614019767,-18.192451322583665,-25.205117365081904,3.60764251018594,8.406248104043797,-3.942811222680433,0.18169127368560112,M
-0.13963502440344655,-0.658577476551099,0.7298379475179786,0.5942618880465034,-1.7157601478546098,-2.5978424061213445,-0.6792189904127692,-4.0510250873827545,-2.2901767511837647,1.4349773402150277,-3.4638641586651886,-4.6214867799504304,0.7660635425685314,-1.7940758194728517,1.4918847103900816,-1.9356929288838884,-1.7340763461426434,4.820587946413411,-21.019646050992684,-24.116971207148325,-3.113172079922947,5.892220046790044,-0.7697335055941039,0.8540362996242266,M
-1.347101681532763,-0.3707945898053945,-2.6732723322384686,0.03864927390247885,2.3213356392282662,-0.5939461537352031,-0.6771827054708766,-4.236998904681627,0.7563956691004705,-1.156017398885929,-4.061556366933701,0.36787048395126476,-0.3904998632926322,-0.5853882520856146,0.7374159703324494,-3.10216295164642,0.41247932399576825,3.23476737983043,-18.852179933746555,-25.931632183092205,6.317821351479154,7.560546401356248,-3.713942753718328,-2.1958234852227747,M
-0.09103691356574473,-0.39414294949484774,-0.013015111862330286,-0.45302379086879796,-0.9793424309781926,3.0610193185941057,-0.6398525518998808,-5.807313213642146,2.7686090248078017,2.2299110804770237,-6.199429206123483,2.4000119562628583,-0.39457110153853137,-2.656746186269295,-3.2193428308818284,0.4290142238840815,1.5918514572766753,2.9829193126287237,-18.70665944482198,-26.088147727448458,1.366786432741435,8.991723604504458,-2.602179035169371,-0.04541123554980686,M
0.9976522363166964,0.3021013633751729,1.3601363514347895,-0.000988292573367744,0.3178502832469121,-0.42684175544792424,0.6983376219332058,-5.409713262359787,-0.1469988798248778,1.6189142886891972,-2.627260560739387,-2.1432372240432755,-0.7029872281867426,0.4251101848896539,1.2034650680063805,-1.1024799478108633,0.3940224032166384,1.9967435821953359,-18.877564556639733,-26.918781106664028,0.2176718567728244,6.60991235724412,-1.8100974629258388,1.4444720077866577,M
-0.23316126565413242,0.11762170508975422,2.5567844995010773,1.1800077659640493,-1.305808959408978,3.8192091594718818,-0.016775553143934196,-5.567179311899366,-2.1300796859529214,-0.08294128362724962,-4.298299337672205,-1.759097968882088,-1.0443921111097154,-1.1010895149609965,0.7411414899874558,-2.828905491548497,-0.05502640115710733,3.4833424989179775,-17.85471370497232,-26.361136004555803,2.538672535063995,6.1227185376198605,-3.988693282873811,1.0894606071927342,M
-0.3220754585098007,0.5659928016047654,0.3737426619728694,0.2950759651562862,0.9577632708653709,1.066319876692944,-1.5114813846090822,-5.042652762434898,-0.5256548028311272,0.5981007342447384,-2.639070476825708,1.3374043852522277,-0.7024423444241847,-3.2093701801558296,-0.05012134120420342,-3.5767331888881415,2.233664171037816,2.4060591488667455,-15.602270362137729,-26.286880999396814,-0.012948542115339023,8.601586844327883,-0.727379919543921,-1.3811302241668386,M
1.1655697278325192,2.176626334665057,-0.8870631843666388,0.8820446175276544,-1.244455757521223,0.8385609771595455,-1.2488118371202948,-4.826141026561913,0.7719439746982175,1.3816300313959147,-4.6387520721577005,-2.7888569987711094,0.3384569271308919,0.9014444520700877,1.4710771075638718,-2.5248325720740254,1.1931639755043761,3.9850802333371576,-20.156569010740036,-25.149460773174553,1.1409960965123105,10.22430251039544,-3.784667455060344,-3.185725066723762,M
0.34457826005024117,0.048119457388350884,1.6882122747503558,1.1931766947059117,-0.7101614288748124,0.25163271915255336,-0.9078162285736777,-4.12011754708297,-3.2032111264047103,-0.2755652160643649,-2.2314249121207297,-0.3848516563997464,-0.9594117445452639,-0.1508630876497179,-4.899538911154366,-1.9842896277657047,1.5353799217536732,1.68904296157001,-16.766161570093814,-26.54914356987723,1.5982680073049096,8.605523888083184,-2.8511389104919544,-3.1283444802118083,M
-1.0377380047970632,-0.7986679291509492,2.2282722714804777,0.038242571938525316,-0.8330076059198745,-0.11805589660315263,-1.6989475458385739,-4.84079990355923,-1.5600118236968683,-0.3553843973426467,-4.5302928480608955,-0.10101815699187,-1.128823796475416,0.007416845675585648,5.152990347055834,-2.253611014180663,-0.27751561920010204,2.1412881163175825,-18.71385409324209,-23.77692559924921,-2.344245906501328,7.851043614176177,-2.085526801061718,1.125600158415864,M
-2.8758846460407312,-1.1328761143328494,1.393648076813065,-1.519584095950691,-1.1502428845716395,3.1019702628991013,-0.11912846885492812,-4.668264536309863,-4.384076798244394,0.25018037600979426,-6.239746240952741,-1.142826493344785,1.489858678204655,-1.6098679273785947,-0.3254142547187939,0.7311854908800299,-0.9900517155572288,3.444796864505861,-19.36163690636932,-23.989914570942148,3.1501389972123093,8.419822464334594,-5.317381925971148,0.1065665244544789,M
1.0994614453894371,0.6516488932969872,2.352891174593026,-1.5631609328603417,-0.3523340429249515,-2.841373867120751,-2.6076354158340074,-3.970118527511943,-2.0157601478537686,0.8417643080492212,-3.6502419541305926,-0.7895741204304159,-0.333076662642128,-0.5494153668847304,-2.4981559815552714,-1.2888596005677684,1.7995444623163621,3.1375354484461013,-19.025799777732253,-24.76163139736812,-0.5405249713874696,9.046564016903261,-2.3845777803307584,-1.5902735115148516,M
-0.23208369135141993,0.7146352869676779,4.780767697986391,1.6733096132579561,0.39699603409530937,0.6059803279001699,-1.812567488875867,-1.713601961300128,-2.42793215983761,0.06895954722416775,-5.636489131599831,0.8831841770366964,-1.22493185245321,-0.13986754901584675,-3.467028410898081,-1.4881355019824625,0.2863763206794374,-0.35799956750599904,-20.809103027126998,-25.303803990704964,3.1661224475710696,7.400773302311379,-1.3131292117018347,0.7894301172323139,M
1.5622206652882937,0.7849520600543297,1.668504022797265,2.8042160384923847,1.4897514372256637,-0.5035017736093437,-1.9898525734222905,-4.92795088465104,-1.817567009420486,-0.9688229302452953,-6.15314242208521,-1.3510919515337605,0.5158800918783015,-1.2950705751444147,-3.5706173885564567,-2.687999529601285,0.9022566533845691,3.7349811409658287,-18.608378960609514,-23.713125647083103,-3.0481304765929167,8.698782089026395,-4.5440313389289315,-2.1912283664887013,M
-0.1403181900788013,1.491241684008512,-1.9249303895419416,-0.702391134547014,-0.4400196616060157,1.0124458013341382,-1.4573185300864804,-4.267406647143048,1.071324095023101,1.6805441303513078,-3.8751806704148635,3.734626484729006,-0.7257964251076885,-1.3717684848146021,-0.27438690323583614,-1.8272302042413742,0.17180586870995285,3.4846569641947553,-18.34082249693533,-26.044031944585583,-2.4817853998377473,7.6874693643562395,0.3268270874024779,1.3667292370004134,M
-0.1002631645379779,-1.8983511456752948,-1.7008847473969126,-0.6973664843530116,-1.231150894372604,0.9622987646047818,2.3989711827352798,-4.166545540512175,-1.5683350581513764,-0.39814549662723664,-6.717572389628856,-0.41485587638709376,0.9411743862787603,-0.3462030672788998,0.7483655668928577,-1.0872763182351477,-0.45710476560273605,2.8035551056328245,-21.36471392851403,-24.133262042705795,-0.21661758353758387,7.420319597063134,-3.6889664842423144,0.2629427374246234,M
0.3889645998851847,-2.2531929161430124,-0.7880756222820082,1.0249838441873607,0.4677229379503274,1.1666272066561874,-0.7130199514832407,-4.83197467565779,3.2412173856852746,1.643214714637267,-3.4410609271712644,-1.4765940692603863,0.6242084908460868,0.6203127560163253,-1.4629241418617767,-2.954878052931633,0.7946126007496161,0.6178909381854965,-21.891139228465967,-24.033623241027527,-1.3388015705638736,8.121858956867868,-4.031589377562796,0.13175355163912172,M
2.343574922172877,1.5314226898726342,1.3940834701335234,-0.8008080835127771,0.4046007107692162,3.069116584881897,-2.973336694001622,-7.689986423682626,1.3343477821872511,-1.1394575287831117,-4.507075751257446,-2.32435084775301,-0.25923287839617615,-1.6158409044083797,-1.8792463787643214,-2.086371102656784,-0.0960256074239112,4.243941792346277,-20.936297627021915,-26.416246152299536,1.4526318000350784,8.173170090757452,-3.245209124120521,0.5618801457337668,M
1.6568390491878517,2.2358117980978696,-0.4096350898565788,-0.7041554924461053,-0.5095187645825376,3.6179454279426295,-2.3840606474698482,-4.729213953355071,0.5892946125570688,-0.6560630544255943,-2.7315094361459273,0.24084889462898218,0.6554314116738169,-0.8404563000708478,-2.0682553556272865,-4.229946223815716,-1.2931731942982196,2.164719153771614,-18.28448740747511,-24.78335072319753,-1.6856950744347614,9.044527583057643,-3.3843502241452796,-3.313621171078978,M
0.23556865626505896,0.30997471637315643,-0.5533056613002714,1.1885590019397654,-1.923454499258014,-0.4605740635379334,-1.6381331381145134,-3.342971595177602,-0.24423213685969358,-0.9340715111088684,-3.8287548864030896,-2.793458580051208,-2.077424020068463,-1.834256674788051,0.16186739960465957,-3.8394024233581447,1.3446572102682524,3.9075557529921525,-18.402315632243035,-23.64823920009144,0.23759522312957415,8.252583733468143,-4.254487399968511,-4.233439092989329,M
2.078459690007321,-0.8923330607673264,-0.019145361438177133,0.8992824956970651,-1.4556719202934687,0.579696877320373,-1.397047095432002,-4.484595997530192,-0.04910152714887772,-0.21882327891898257,-4.3713323485779085,0.18302741887072216,0.42873463433005554,1.6412633530285277,-0.439514950022442,-1.3370492574424802,0.878367797023202,2.213557828739795,-19.16249665703501,-23.98244674696423,0.17233358944218935,6.933668793553252,-3.4397360381388467,0.5592563520757494,M
1.4150720979850746,0.9868073042485505,2.3553017042345914,1.597158579278215,-0.4952742638224663,2.0770336731790735,-1.439807308791992,-4.373970025386484,-4.249831021545788,0.38606466357209257,-6.14553775922019,-0.5050809994515362,0.5397731047061995,-2.2795068139813566,0.3410182321130719,-0.8588136294956712,-0.01932525358569137,0.030956659516107266,-18.973401563893695,-24.051270727925683,4.518475421888809,5.897243664771821,-0.6714528328044196,-1.9095899232883653,M
-0.482260499980498,-0.7360887146050124,2.4174877736368217,-3.1657831833784655,-0.11178073852028092,0.17869540363898295,-3.115056186448946,-4.6180356682828005,-4.3525458155838805,1.0456564661087384,-3.558613933856975,-1.8353160483239321,-1.922264464227652,-0.19511730432287067,-0.8871589653734873,-2.940625135672107,2.4861497518273836,1.5786639470584873,-21.376523845247647,-25.002852491283818,1.1147130878160283,8.491089184100929,-1.0530381947511671,-2.41044333838488,M
-0.9901458035986366,1.5069855339699842,3.1827614072225856,-1.6156546614289766,0.38180959627271704,-2.564317311558227,1.0539936802613923,-8.653018142907655,-0.9772326019420348,1.2206331281015679,-2.203414447491326,-4.470145296812575,1.721303862006124,-0.45048833855670267,-7.397428802075524,-2.421574928180192,3.319960670989218,-2.132836158993541,-7.842494342579567,-86.48550811049552,11.27982013629952,4.075751426524263,0.09118659841971066,3.151691275342557,N
-0.6358449240295272,0.17273209877575302,1.7513528539049048,-1.162805324226568,-0.1324007966059071,-0.469317582211886,1.6432697502304698,-9.610439230802712,2.4022265547675374,0.5560187570564281,-0.7646327782543381,-1.344944267444987,1.4449245227103233,-1.3369140162402502,0.10851008433400011,-3.140760970517057,1.9516326420988719,-1.6744635992951657,-7.305616440302654,-82.68134449098369,4.293576659604355,5.704440010933965,1.7817733754983607,0.5115960660223777,N
-1.6067081627483049,0.813727636605911,-0.2994002260229536,-0.7297724935264966,0.3513955569716245,0.24616778260707406,-1.782431687693792,-6.429894407799111,0.30941492196382114,0.9175119048244795,-0.6689296394455368,-2.4112848701299185,0.6134776360003968,0.07729399461020137,-2.228043401242928,-1.1854667644932917,0.6118148665624119,-0.11755696043763919,-8.033218391798208,-85.93763479731666,5.971592680090168,6.790683473820174,0.5700994076276942,2.151717954057858,N
0.5797603569199623,-0.8171321705682285,-0.5775431223040641,-2.4969234311204076,1.1721233445935582,-2.8008430413287897,-0.9045584696881881,-7.2250994196415945,-0.32351086591438616,1.8462890109240107,1.1829218661620189,1.0371669910833816,2.037051857512182,-0.6598103056341671,-2.465232315270157,-2.420354332073856,-1.7041560315436755,-0.5998008944820867,-8.156069136986375,-85.85062104176,8.629427053322672,3.426203204055817,0.37353810347487126,1.9517658984159425,N
-1.9823194395042947,-0.46921361722126464,1.6022075670341565,0.08104077852679836,0.6607650058102763,-2.353198225063977,-1.4085856283574092,-6.64668066378664,-2.3681314316136195,2.363077604060905,-1.766036711127839,-1.3107835533170942,0.37197867332187684,-0.906054047459321,-2.2335215136492366,-2.903340271341392,2.7756144113672008,-2.626475909064254,-8.466657423891105,-85.80609644417775,9.372725752196686,3.337289798305136,-1.4453288299421558,-0.46363075829367517,N
-2.007563662982477,0.4419176829120175,-0.3377285089962925,-0.17837108767419352,-1.402450293079653,-2.0073876671418702,-1.8008933085014407,-6.347091380676318,0.30591840842453166,2.9611772910417073,0.6611108011786371,0.2224724596123906,0.29881594199585493,0.17638993897597288,-1.884869175422807,-3.1825709535763522,1.4808645326089902,0.15509887529657362,-7.416928528902222,-86.43840415443697,8.363120309959697,2.360050205075453,0.20304015740452996,2.618417918486273,N
-0.997067604583151,2.5037729439735563,2.642484390466393,-0.5162427807286605,1.6075987173222757,0.906026258374311,-0.48523720852389696,-9.24622745703823,-1.2450719905520486,1.069276145348283,-3.484319377916762,-1.410871073864655,-0.059149491116244235,0.16050636809344354,0.5804776865415988,-3.5159640505001803,1.3034469535449773,-5.787145903850103,-9.682811332530044,-82.15980655573536,7.9404394801908325,3.764619097334318,2.736208711926338,1.9964385511308933,N
-0.9101905222072446,-0.5896208314830927,-1.3760336759399365,0.007873832046627172,0.5909879581222413,1.3867482628461403,-2.2870018595915633,-7.366277864896631,-0.8138575069370972,3.6919001930893955,-1.258749458693103,1.750019890280896,2.789225137149316,0.8381541753571256,0.061212698958513556,-2.31420078695313,1.0406410251809177,-0.6401036233335731,-8.454168334615726,-85.50161652239665,11.66636285096655,4.357425827993083,1.0245794226185865,1.0858187929736687,N
-0.8941708235938677,-0.8822905499428161,2.2903254582336103,-1.460361446190845,-0.3851580390762024,1.0705057306769845,0.1082470354559284,-7.393560593549267,-1.028482276052955,3.664752477102269,-0.8749963130350125,-1.704337467521043,1.5791793027849224,-0.6674112366550489,-2.5731937576220503,-2.8689967141130595,2.0102755792541984,0.8072975218075271,-8.193535051544334,-85.71460348662673,9.92462027239958,5.336700943683709,-0.14799961514698623,-4.097138920986254,N
-1.7467984008792996,-0.6963177070315647,0.35935282297305093,-0.7785072361183296,-0.0010017714008654366,-2.08097405425832,-1.6489928405101502,-8.330616818251457,-1.4303606122732617,4.1154306439707256,-1.4148632481090715,-3.2997871723428602,-0.26629953872918577,0.19159281251663884,-0.05640177095801846,-2.9224805235022018,2.233171233440629,-3.326627585570236,-7.92163480377198,-84.89808734141248,10.420231789429806,3.6621313554583423,1.8492394277996738,0.4739266313238204,N
-0.08742795780267443,-0.5729240173624688,0.5783666274131178,0.8493668569158359,-0.5013575152233329,-0.6381686906765367,-0.05912857879879585,-11.058715871405639,2.235342435397115,1.7587331368287806,-1.7365788386421457,-4.7686484441276775,3.2909391065223588,1.0568413174314983,-1.0979840286732951,-2.773566427999029,0.4077876785763408,-1.010440454542902,-8.726883453507243,-82.62881096410999,8.584535889224696,2.4529006062504166,1.8279275047337933,0.22600743303308946,N
-0.09082660795917263,2.062867982170714,2.100224532045843,1.4208597071029772,0.6351160170606818,1.345574415941087,0.24195745992984996,-7.769174024487313,-1.4261996992978538,-0.3542992602731445,-0.5276225646699686,-1.6138821507789771,-0.703810958655481,-0.7579547609354407,1.429105527852414,-2.905241450866498,-0.40316201464605683,-0.3021844692311788,-7.60371607636327,-86.20193346591483,10.493375795943109,3.508465590187953,2.0710506446805113,0.927700288660958,N
0.9332502283981512,0.48481361019557745,2.9195276044617344,-0.4022172297828064,2.702800829304408,0.8744930386786223,0.7526362377971667,-7.675778663601051,-0.4187674952713678,0.13357406567889285,-1.082281190346066,-0.9778938894136786,0.12139208680551405,0.21276932246012592,-0.5866038166576004,-3.2983636897851625,1.535434961103391,-3.4941681228563652,-7.183308526535384,-85.29202382055809,9.969081732426787,2.4576514026073113,1.1057569744404674,1.202770354810923,N
-1.8058458685555365,1.4923248983929147,1.082080740950687,-0.10818941970764229,0.015557149342896537,-3.1179609446800782,-0.4857800767324578,-7.727769459168087,0.2759119514021222,2.2166067410293238,-0.46707682199641454,0.9362021937311056,1.0213911754208027,-0.4708506643717456,2.9807628670952795,-2.201529816019118,0.9104605074923313,-4.119212835941369,-9.101136842166692,-88.697634503188,9.776794725789728,2.89394102160432,0.56086872401184,4.709912517565385,N
-1.0100978785729922,0.0745873388165268,2.085774334523876,-0.037058371979810545,1.9785964957530382,1.0659072149636586,0.4165276875431285,-6.981568317672554,-2.202128289822099,-0.6780540774935702,-1.3152234107663503,0.3770850051263892,1.0508504426012735,-0.9414844861612437,-1.2407742025102948,-3.3453312919928138,0.6822677059952298,-2.5204797158905308,-9.030955753309172,-84.76749870203665,10.948905083980435,5.017289778972753,2.904126859362975,1.0326016878849487,N
-0.5062118309335233,0.35096742362890065,0.5400309428914625,-0.8951139320616193,0.6982279428330571,0.919389091112464,-0.5776805963343583,-7.784645718536012,2.9059360009107422,1.2754752838688148,-2.8974840121035186,-2.5748813211426977,-0.8440387882563698,0.5381537714480018,-2.292430437044345,-2.0205790885131947,2.383987309382718,-1.0106589659258702,-7.428196007983182,-86.75062144135384,13.326421638040472,4.139145584658891,2.8053044512305547,1.979570615743114,N
1.59868195960928,0.45698556193831064,1.9523978807272897,-0.4102260813994434,1.9272832456558149,0.6839632645694564,-2.5703050831755982,-7.2301209697467925,0.10421403620841829,3.089457506067731,-1.4633212128379114,-1.881951512124715,0.3362825383662198,0.06833437544196386,-2.2707550302906157,-4.507864957990769,0.10113588220951897,-2.7020282910372657,-9.954575775353636,-86.20967121079423,5.737479137024138,5.977697422700878,1.479738660855645,4.19086778128144,N
-1.3057595769964223,0.5651756207640928,3.108309950332739,-2.808596156193758,0.3372843116997615,-0.6151765263754214,-0.27510142384610425,-7.927995054495597,1.2303336032509833,0.8554749538370885,-2.4028240083033268,-3.5910553889895027,1.288816035896133,-1.5866884209127292,-0.07128705800550961,-4.16537594155713,0.16656305649721048,-0.651932070908515,-7.986929136837237,-84.83686570083857,10.813340146993085,3.672991512039758,2.338335338333735,-0.5144486570050617,N
0.19506322386001784,-0.19174748836707342,3.765318885216857,-0.9897276382101978,0.5877381812733802,-1.9410334489221555,-0.06523716071072005,-6.210396312869278,1.4024724076910502,2.4999100389438524,-1.3145426892590422,0.9635727052996685,1.0265485494619497,0.532588763344954,-0.6461734387146407,-3.6958292636095393,-0.5641549434055833,-2.093854661759792,-7.752766000980714,-87.67342658796389,8.449407284560209,5.212357392669361,1.2093287876872552,-1.399435803719257,N
-0.6230800286896852,2.0972117839129387,1.6455768844125487,0.22832719621607112,1.3370624309552568,1.7301480978026689,-0.23220548385947382,-7.0867732356148,0.8004209083803744,1.7671493221646486,-1.3206493809215658,0.3045974993818845,-0.43435260562148414,-1.1030227958022678,-3.7159637981426954,-2.2218925595521526,1.8940768694987469,-2.450176523061373,-7.608195595961359,-86.57320046185833,9.430768114461614,1.0627195368979017,0.46394391545786107,-0.7069520760785508,N
-1.1503308726871069,0.7101529762798893,1.8161741507004194,-1.0723972544951579,-0.05801540129698424,3.798422216907909,-1.4736082327743483,-8.006591875585826,-3.522289251404743,2.816064584516397,-2.0035931893606573,-1.3624676265106928,0.9632954281074717,-0.8635656869464654,-0.2622623059021407,-2.581485321804486,3.267565193003861,-1.4035495854022884,-5.923851237819203,-82.57573436070814,6.910029362605712,2.64633925790924,2.2578382249376006,2.411244437239816,N
-0.045348332608284636,1.15852401224629,3.0270574923558797,-0.2083702501668938,1.436009035964446,1.7424118834626938,-1.2018435419307032,-8.7975834593625,-2.6112267259964597,0.650498741667846,0.5193939899424151,-2.4969088537978337,1.5464641966665909,-1.3837470373092557,-0.32992775812567743,-2.1883622370932088,1.9000527153189637,-2.280669549035281,-9.13860278175321,-83.94324584933352,8.94917383199197,5.040366757285106,0.47982745181823816,2.0818512868757466,N
-0.47919336241335486,1.221103186849023,-0.9789797407465244,-1.7724439526036804,-0.03520938041350519,1.212196967906607,-0.7314814774590888,-5.962654917445434,0.6946470930699888,-0.19506820381810996,-1.347261537578106,-1.4018938242358558,2.237408112262443,-1.1664156904262981,-1.0217673024997111,-3.8917114826047836,3.412269827035942,-2.0592536659753478,-8.889372220000546,-87.76193365595925,7.948324918583523,6.375706350956676,2.650008532908302,0.21878142288744584,N
-0.35064362953187356,0.5494289910135267,3.1420322884266625,-0.93393614065603,-1.3166587803357857,-0.11277618767172726,-0.5843321676329749,-8.05139054794688,-0.20152014767700166,2.2676466965482263,-1.5560394839467335,-0.03792754436449286,-1.273266549917679,-1.2661898741570425,0.10720550620015956,-2.392932410123734,3.2177438105934755,-1.0272985856409491,-7.740548744270715,-87.03012367220951,12.356889421420362,5.320412769783772,1.7292409136328928,-1.1340153129192458,N
-0.009516042304085204,2.465492417509215,1.2202660746169158,-0.6967873448161441,-0.2837634824178963,2.9289742895624045,-2.5029747755171563,-7.409445821494842,1.0141677931018194,1.910362392304819,0.03437124399007985,-1.8355165176041055,0.8236107837794862,-0.6820726855523276,1.4665658411919935,-2.259901281365515,2.8185108098511193,0.6136941995064831,-6.947788504587578,-84.7327479612604,10.331969650890471,3.9686479630967426,-1.046098777391137,1.1077193945981207,N
0.4042413095323809,0.0661710125871385,2.5535734565014536,-0.10737441395211533,1.886153449010635,-2.1392288243905,-1.1878615846623113,-8.728764774098465,0.6972805253115553,1.5324443629339157,0.2537345368394881,-0.8797847916955561,-1.0237634893221923,-1.7619370252513633,-0.06734821909861921,-2.3728428506981345,0.8719097638023925,0.41001902695103354,-7.464711710796102,-85.35473888231543,11.44582869116374,4.552357510735106,1.6734487739667827,1.4517735209059879,N
-0.22819768845261024,0.650560226191227,1.332399311325048,-1.4700001194467234,0.1905309401287809,0.4257461373865681,2.0426362825303244,-8.233428840464939,0.8376565515859511,3.0065154271882193,-1.3363959541151473,-0.9498696940835316,0.05908797927756382,0.13335732990807259,-3.3994982529026743,-1.4243815131554882,0.9719498371108841,-2.925857658834502,-8.692268167279975,-84.61125449830514,3.7857006940889733,4.41796871223287,3.476026784353266,2.918008264878779,N
-0.7597899272111022,-1.329982865041206,2.3485818854289278,-1.6916727644287022,1.9114020084704748,-0.14497217735822687,-0.5387213239734479,-8.161207942358828,-0.4019080661406633,-1.1436645747395318,-0.77535780134275,1.02708668980722,-0.7465684331146178,1.1219998403696678,-2.5640032439766287,-0.30976561623143795,2.023036414789601,-2.6383023957812384,-7.554575773627516,-86.48523663005604,9.251616370568456,5.457923333560828,1.462363954155819,0.4031828254256311,N
0.517730879977421,1.786352044591009,0.009832597966010326,-0.5698642851541251,1.498731993799936,0.10556645099126172,-1.1498526288265545,-7.445549732053223,0.5038899422904706,3.172397910623104,-0.75146632129821,0.22159043256027644,-1.3817272653712394,-1.2253305412740616,-2.011017216332391,-1.8286348212057248,1.4454379603875225,-0.2914541021143009,-7.186566864013674,-83.64799678723122,7.0374917583212095,5.975390473309794,1.5880647123174043,0.3569734124236561,N
-1.3551702977525224,-1.0379919084445441,-0.09288479213756773,-0.7118556026960192,0.6150229674460093,-0.854984594284133,0.3426815147151867,-7.957724533426585,2.4004797617369036,2.69511350419414,-1.4502906764797672,0.18698441035121505,2.6772305828108927,0.36073315443504583,-3.02697233091277,-1.6734754448800757,2.3082384549656467,-2.060352630200441,-7.4095983809734385,-81.77618686147868,13.537758573092503,2.881181104358049,0.9284719120907141,-0.31099448142714436,N
0.18617829611901016,0.7794597887259334,-0.9335572465573136,-1.8867433181004145,0.6280776886396211,0.8627888222264346,-0.5397963009603384,-1.1744522417856729,-1.0086365292918913,-3.7397235582445845,-38.16699441901213,7.909902715546309,-0.8671759751265995,-0.5932482912226789,0.7854626729978236,2.5382010879170878,-0.17723761455809495,1.3841107415252054,-6.477885259533359,2.1460771296576127,1.8568022831019562,11.952810453527256,17.188364936103866,0.7334551029816225,O
0.0357752983814521,-0.32701088163971354,-1.2388571142132037,-1.1200450590661148,3.0793884531423146,-2.160784059826028,-2.4874889033747003,-0.615856033808825,-0.49046531380298575,-2.233478771088805,-39.646360048320474,8.474282322181637,0.3368972515949622,-1.0329313509841,-1.708996853789131,0.6484726263537581,-0.08791530087827937,-0.4522496409691712,-3.363586680692766,0.3874811219091612,-1.3487627422621813,10.138556290018208,17.02682637099896,1.0190327165014423,O
-0.36915909020643767,-0.7103592264522822,2.7176846945926627,-0.21705959068064828,-0.043733376343766395,1.245395404522867,-2.3754978488807823,-2.6164922079374264,-2.394497224418842,-3.4657866850286823,-42.394143740279134,8.871119403055218,2.5843175634321653,-0.4915739670834611,-0.8268498855517237,0.9953043649249977,0.791041102897168,3.1843167144642166,-3.327070738813976,2.155307288536818,1.4080678650182676,10.522582927030804,18.74157646241362,-7.259334380412497,O
-0.4666264212081046,-2.6807213675468895,-0.9878757738480886,-1.0992767769654819,-0.2371659382957887,1.4177527479635046,-1.466538541490677,-1.3697937403893548,-0.04611382752790405,0.8486474527903667,2.148254897173416,3.549313585438142,2.252414722010883,-1.242116634524173,-1.8767523950079976,-1.3281340671729893,-0.010406617867829482,2.2857476160391457,0.5658703244239938,-1.7270455697865401,-0.5441434856427918,0.23163208974440153,0.36990193942673955,-2.40619322404757,O
1.0768172430665004,1.4944371183177574,-0.6871878441163517,-1.681357310782829,-1.6322363413819403,-0.7479790497510521,-1.6044570973890426,-1.622825130135027,-1.6943350255624523,-5.816918576477825,-39.421972650726985,9.572371286583518,0.8348141714240569,0.23114003846880848,-3.535058313153513,-1.917545643042736,0.9597747532082792,1.9095002894342201,-4.085351174436525,3.925443504644363,-1.964613213310031,8.952402253302097,17.393884461277977,-4.1435631722146695,O
0.2702096626657635,0.3112696440424898,1.4577499939244944,-0.8630770709008431,-1.969022202436065,1.3529268113915123,-3.1521042759936435,-1.161964531670094,0.2992585753019057,-4.640131095644506,-40.6493928741875,7.557976020702199,1.5681183496533606,-1.137591768359627,0.7142904058262616,0.8455770709006956,0.2977386480135067,1.479588561183732,-4.343133817094472,4.401780305750393,-1.2103490100701038,12.522538493575162,18.111848440317246,-5.633894513021687,O
0.3952341319637185,0.7911339739782304,-1.3965424346229156,-0.8222178346798756,1.027450352180722,2.4072178314353323,-2.4811087509420746,0.06871455486833611,-0.10151618453443234,-1.9493615099875896,-39.875775997110594,7.051415763260934,0.15540375998634204,-0.4152849687946585,1.8213588845097775,0.30258990851348244,-0.6423084236246837,0.5532057144377518,-4.648971056493686,4.896166673203027,2.8635674363912926,9.958284412919248,17.916644899118225,-2.7001031858688975,O
0.9146012498670757,-0.21597013423129885,1.3977368865556627,-0.964344724146045,-1.6596557363108673,0.09014486211083295,-1.7643666619423852,-0.11047208401120656,-3.43323380773154,-1.6253351760794388,-41.66288136754153,8.386894063467707,-1.4887599534257276,-0.6353299635804319,1.5922765715590685,-2.9527493092119173,0.3067009012215465,-1.0411443357160692,-2.9176589917143865,1.3172063753293486,0.104990836994034,10.761089906994705,16.618093572694463,-0.5085227233052478,O
-0.4029604978263137,-0.9608118080262189,-0.31246838489335005,-1.907512238860761,1.4467704371107288,1.5594501715619344,-3.194592956996083,-0.6109677668095514,1.2694532028825165,-2.4646555461623834,-41.89405505978738,8.893240780715303,-0.366544040317649,-3.244243067607556,3.1693271594850785,1.8651690902364209,1.2474221489679564,0.7625746937753206,-4.243631854303267,0.8773896975971809,-1.8338530687699404,9.251044366068548,16.923659309214813,-1.2384692222623812,O
-1.3037764909152543,-0.12257650009970761,1.3668608304541294,2.194344852430177,-0.48979660876563,1.9974517093164081,-2.7531449179099243,1.156995349176043,-1.389926133099209,-1.1059671226258914,-39.59952640585283,10.974879638181335,-1.1207491278327382,1.7948061137480806,-1.3745718381022698,0.5355314850957598,1.4118078315011928,-1.4616370965598549,-2.078609687805148,5.482729755936873,0.2874176831832642,9.053806369142954,17.295332285609405,-3.673580013498963,O
0.2081749659745924,0.3848443127778911,2.3171227845071485,0.28615269511633556,0.5634622819300716,2.3881633460970306,-1.616267092984188,-1.1120148787695712,-1.0502396660018576,-4.8752438132168905,-38.01387314740404,7.94341231436033,-1.3600710272467893,0.7931323764853673,-0.7850169970477623,0.9199653453567365,1.2973745774491192,2.8131096213505202,-2.9490165558206307,4.494493716140852,-0.38755061167682925,10.093895533635198,17.87564831653461,-0.3687930344795518,O
0.0716138855252666,0.6367900960229702,1.5604581320926627,-1.4353850856453931,-0.016579801948239492,-0.3780874713874596,-3.8274435968215808,0.08703951819200029,-1.6071775957335603,-4.388049869312887,-40.22898143371364,6.727280142591326,-1.3055009439738399,-0.24899420228147306,4.495622458065725,-0.4774099668615648,0.2792771703109338,0.2772550021215352,-2.08621102446126,2.240828548103579,0.6498687722050818,10.292900225609266,19.552527225822573,-3.1019757223684223,O
-1.475629479594204,-1.036558408929216,-1.4342099084634015,-2.142488414436542,-1.2797063374933941,0.829938927836622,-2.5316065015631106,-1.7845007550687342,0.6358638164819581,-2.7251537483870365,-40.45459866208785,7.352101124544788,-0.5837396185001467,-3.6979076107939406,-0.6122247021701241,0.44621006381343165,1.4441184485251881,-0.056942388335471605,-1.340147764421662,3.009290053423868,1.5057344440447764,11.136429915622479,19.03614913899024,-3.388648433632909,O
0.5146904274777171,1.1207267192877344,2.122855338947204,-0.7983256883578917,-0.21762212223421784,0.46201795648835287,-2.7649549196273586,-0.21961310670633338,-2.106502370152043,-3.5818511347014805,-40.20794424479956,8.186512773256311,-0.15179435626436089,0.21376542497876727,1.2344244401340347,0.24815608933386812,1.0005002402743344,1.758164862309684,-2.9062561676922734,1.086576144533609,0.7628812465758301,11.61588778465596,18.17931323601239,-1.4649184896195493,O
-1.8409205123421657,-0.5067394162821027,2.9485138281917216,-1.762534904031284,0.5273597384487516,0.6998529594047795,-2.6958598717639974,0.3961347783288147,-0.9711816566427274,-3.3447017036540885,-38.70713159345448,9.788969231162469,0.24730226818769552,-0.009266039334725917,0.9061350042425147,0.6457579634998112,-0.21538492553139577,2.8632643910409,-4.208337863525099,4.398791081355313,-0.2734509658463935,10.206972405619346,17.439766086492284,-1.454404949204843,O
0.9255951038201715,0.27882618250566793,4.160700146153431,-0.1760638262719425,-1.217262732872996,2.629285796429315,-4.406267081591897,0.8557734032537212,-1.529864639488835,-4.570492478314499,-40.99052551545762,8.961784559216767,-0.7080814882858988,-1.241980682856287,-2.1292707166020364,0.796843778239058,-0.7028482422977902,1.9841803934094173,-2.7931792525554435,2.8519606977783667,-0.5877197701980208,8.23932490836453,16.338317847895084,-0.9318598605188413,O
0.15672821182971575,-1.9228479393014095,-0.13179092780023893,-2.1803612708873743,-2.198433911906534,1.7079299542878061,-2.2464028604494555,-2.264091537821116,0.6483553102248152,-1.8592262722376987,-39.471381548713794,9.821380307634854,1.7735055031062075,0.6102807387270914,-0.33452197707464393,-0.2334734575090991,0.1233035822391173,0.5398492337745324,-3.644582358623502,3.334809625548104,-0.6234246461614248,8.472402790466695,16.090988964512547,-2.2336233346510426,O
-0.5602877959518651,-1.0605855480125088,0.28147267447809554,0.6458829038455178,-0.5540035770471832,1.674644777048286,-2.662737688684902,-0.8975309185877052,-1.2169023741289493,-4.7120769143772705,-40.456363365208404,8.570646422020786,2.514405106073923,-0.5457371032852052,-0.27057566481323647,-0.2805786270211357,0.29570179990207635,2.938386765148266,-5.161957619403811,1.894267092053326,1.5123117692356232,11.983624055612275,16.628680990504137,-2.8772723090394834,O
0.3048243568381963,-1.3516262691301517,1.5523585182988313,-0.527511819761898,-1.9608708606568825,0.12474505698151006,-2.562420960579531,-2.5645001833819947,1.5423274119110602,-5.698818590535232,-40.44604348023071,9.204225037511492,1.0890664300010258,-2.9260530410006496,1.483210641438518,2.5418663785079545,0.31823508201375716,1.7198449198870094,-3.9958943745539557,3.313770247929938,0.39582274893547265,10.025615435294021,18.690671975252542,-1.4820005175554343,O
1.0594416249819574,1.8787357336708994,3.0400594371955094,-1.141357075341773,1.8026989668760507,0.8332247734248881,-3.0469006755028474,1.189571082481649,-1.4190468070598854,-3.361398740604379,-39.05926042237482,9.119037054753733,1.1538200081525076,-0.7094474497660528,-1.1023565602017698,-0.5416189892109387,0.68298692024905,1.4522179391443046,-4.2657584171899146,2.5157154949759217,-0.5588096260998441,9.640230420833383,14.536148510687141,-2.1256499062096736,O
-1.6655397468674096,0.0814506403914419,3.9673199197764575,-1.0183708557544122,0.48079662533541523,-1.0762763843098924,-1.1418327186506794,-2.6557187157543467,-0.7703565220892301,-3.662756254998733,-39.7647302908924,10.063820067868846,-0.93858271672201,0.006479971147854258,0.08026634416580691,-0.904604235964193,1.2992745107247003,-0.34471213058492367,-5.416211039651028,3.4267106262484646,-0.9606873547303962,10.658466803779561,18.13098947267858,0.4809378584786259,O
-0.3675274216323601,0.5613148888495236,0.2911078886148175,0.7580099610893143,-1.2282553026022356,0.8093541999926401,-3.2936880180803483,0.48572780087815204,0.7620205569725726,-3.3493164378722042,-38.63817128453371,10.027678997671273,0.6865770655841175,1.3157569144409607,0.4357142427889471,-1.6160520078219704,1.203982019761213,3.511077399206954,-4.033631819608505,3.58906378974757,0.40415087172613084,12.8241674452563,16.077821706642595,-0.6690560103880898,O
0.06400876696795876,-2.346784702370082,0.5199673818186739,0.035022595366655196,0.6651393678411068,-2.4457060563439654,-1.9468101410908982,0.44025129306123745,-3.759551449045887,-2.0403123748916485,-38.25088699271831,11.155554609679939,-3.0112935393322857,-3.1774563214055433,-2.7437881080312536,-1.2536090832879268,2.6938021842302646,1.6339899140099874,-5.323632065406205,4.972864016709991,-2.2267599274644567,10.349778193823482,16.65718622433782,-2.4127677874666915,O
-1.1233649510175496,0.7365638627369542,1.032439515541455,-0.8930767374169051,0.9571347866140627,2.678342734220905,-2.197669773113679,1.7223795917214488,0.6691616150184245,0.8842119582509511,-37.80780934605713,8.66854347090191,-0.18613812062557145,0.12430848528149596,2.300320066150391,-0.6371845434543388,1.5413166034406913,-1.5899710798301498,-0.9825910959718129,5.271372149023165,1.421207878009625,11.3595988436739,18.11836629075293,2.805017083768462,O
-0.3042680586736992,0.9123557001131231,2.845363475126817,-0.5000911095391416,-1.9469000514798154,3.4744190574410823,-2.248031843874795,1.3927875661717337,0.7473462692887551,-2.802393548749613,-39.47287689623306,11.238340182405068,1.3539067415951536,1.347114299032036,1.7878523236447563,-0.8949666812258812,-1.1905906291977146,-0.8462382856683348,-4.108156981282626,0.9739062058118009,0.11922351737086956,10.720095171345982,18.463160606419024,-7.104937639745117,O
0.4690805675106162,-2.1343413207951816,1.705441152719743,-0.3100454602134448,-0.7929171899307903,0.22461456326504958,-4.39228529367082,1.778306505850253,0.17924807504562068,-2.466284173335346,-39.756043344903844,5.0637242067704165,1.568523087307085,0.47480631190520484,-4.087391264625921,2.34435476940029,0.8207725703038307,1.0932658768741135,-5.008699712589305,1.277162838759068,-1.1341363713186752,9.654618423254902,16.554562161407006,-1.914968173893783,O
-2.049566197460422,-1.7556081706668538,2.4953844645922914,-0.2942992460502012,-0.31440725418065085,0.016338306548448145,-1.9069006065772154,-0.6149073790126351,-1.3675831232540077,-4.390763862437176,-37.93690132520908,11.888343524148922,-2.228441891217358,-1.6717548921334071,-2.180291964569392,-0.8235632606610679,1.4176486335859977,2.909917676002692,-6.315261123070346,4.13490049474396,0.20791883981320325,11.497923253262336,16.757641067436055,-1.7220285605860113,O
-0.37757431927883545,-1.478820957946568,-0.46730573862993197,-0.34330330281676424,-0.31508797568801583,0.6757658630653509,-2.915226374687661,-1.2935037444104864,3.1033946323314012,-2.1289550683206286,-37.601067654018976,9.964387363409344,-1.3858623162871595,-2.193022319603763,-0.8356114131871664,0.6342195261268486,-2.3413125563399717,-0.6320571399527921,-3.295849005548103,3.568973833317301,0.004239607453200733,9.828647487864906,16.628681356438904,-3.2530881916575254,O
-1.637710643095545,0.1658850497703246,-0.5507372345380759,-1.1188245941439163,-0.08214616953347331,1.038217338735251,-0.7164026862690323,-2.702144734516736,-0.6803471762535196,-4.161352967689403,-38.52536637112081,9.42607832998533,0.7055832751517812,1.0180640571560602,0.17728943036843248,-0.9374556907550939,3.589049741166974,2.7198155070176995,-5.1574781688500195,3.2643580841480286,0.5134352856118198,9.786157957051259,18.647367317855867,2.323866424699247,O
-2.281693267132198,-0.9404498015410253,3.966439825964585,-1.2116740632209115,-0.30002121261708226,2.564675885645613,-2.3668100839621413,-0.5111959029671311,-1.2876456276728732,-1.104339272201237,-38.54654084770979,8.51326329467878,0.3687948732676034,0.5690136578590952,0.1269165359432236,-1.223473427129619,-0.004570925060789932,0.23367747476896739,-1.7667992711476828,3.0098337151024026,-0.6507944949046873,14.352402719351112,16.92420166595619,-0.3022143946853362,O
-0.11598830003043759,-1.6485041487357275,1.2525356307227753,0.1410396330129231,1.5113842143749139,1.8938680342598104,-1.2866742649563845,-1.0232328228845802,-1.0073252124349779,-5.225197902213324,-40.50672174652291,11.048686110890685,-1.767991236346063,-1.022206859536766,-0.9078787504856223,0.6120927871772537,-0.6390483315582571,1.5332505048524467,-3.6139030511433,3.34852044843457,-1.1757524055028057,5.22194887256201,15.848544868296827,-1.5739795866394957,O
-0.4124576509919393,0.7100931477406505,2.5262733353148974,-2.2646602600236747,-1.7572611697102047,1.7420968824021656,-4.486764914451162,-1.4333239088795438,-3.9706676909152634,-2.433433926819596,-39.877809103021264,6.289707535611342,-0.29134001442773183,-0.6985869272498775,-1.0824259856206595,-0.1878620613064257,1.8820369536112764,-3.221994707340059,-2.507025291788068,2.248430193732915,3.979614103706126,10.576474556901466,16.921758340274806,-5.094914866174975,O
-1.2869575134105276,-0.5523588762157792,-2.0585701328546406,1.2909521842635314,2.4221870850165033,4.9481950819434815,0.858886131123402,1.0414045336098354,0.4227251665108156,-1.5578502710009445,0.32810422236971704,4.937596017079841,0.8592571449631237,0.705932845952411,-5.512503707316171,-0.30286744497208673,-0.04182585354413959,-1.7261618533734122,0.6780415563510473,-0.01398048138997865,-0.3487162354520592,-3.137221283510492,0.4487124341684847,-1.2937179882652572,O
0.1593374669688501,-2.45507794697038,-0.7218052221785456,-0.49521962175334977,-2.1567579643978547,-6.0163672587532915,1.8143948142766053,0.478273112439183,0.2618759970001179,-0.4856005623933157,0.7940832864750007,0.3233041854105636,4.81537416290675,-17.052142630943898,-0.6100667818504917,1.8367436051864416,-3.9203621610751895,-0.11641211434562138,0.055018188269464474,-0.45095305126054086,-1.9751360846466355,0.4979976256358327,0.38224831531934456,4.34162706525359,OS
-0.6544696796127596,-0.7537656462322037,-3.921678594942648,0.24758691212917938,0.38292024500191246,1.5633804754891685,1.549688812094053,0.7273710349239764,1.232951657395006,-0.997501005906237,1.0370690351802523,-0.014405819715307189,6.0013963802559545,-15.910105285023143,-6.699924285473969,1.6597293863425406,-3.0715380130265544,1.3366843565519275,-1.8811356818772822,-0.7213605285919158,-2.385549207039503,0.7956896129626188,-2.619517457987797,3.012711369994122,OS
-1.4557757905299127,-2.0542182308807746,-5.52632436457111,0.38414558983703273,-1.7191194339255276,-0.6124274532261893,1.0272001228062946,-0.14195153560061158,-1.176313755500928,-0.09247732578458567,0.5143100886967602,0.29286175509560053,4.487141702366927,-15.889336212365336,-3.4726775565163734,-0.4193637527535543,-2.4894581903654114,2.047569079093307,1.7578234053046948,-2.39606512948275,-1.7467082287536755,-1.3465269132587565,-0.5822313019764067,-2.410721352140797,OS
-4.457141362393486,0.16143805869887995,-2.0945277547011756,0.43966796999271196,-2.470064042726108,0.9771088563397257,1.3008652684796607,1.3336173203409487,1.1127144985290442,-1.4427503372812964,-0.13876565510364003,0.17941043518959532,4.79759383478617,-16.869699348760427,-6.108614338455823,0.5050690207502342,-1.2708573122324651,0.9223318981331659,-1.0467014781209407,-2.1120833298349453,-4.870597085115037,-0.8187436721593997,-0.46996877982701335,1.8191361625297873,OS
0.38073589563117594,-1.1046706117677536,-0.5389297537820426,0.5713406004753949,-0.9598804235677676,-0.982324914163712,0.27611407752383244,2.2876446740333165,0.6462327969241528,-2.6899902743515725,-1.1764117804483192,-0.6308995902629135,6.673750437188232,-16.966621789095107,-4.903433558398888,1.7795942911691256,-2.380587310376569,-3.4969638279698074,0.3012620414285472,1.5636627213837926,-1.0890406113010158,2.029083341641744,2.437996169975051,0.8780741121461801,OS
-0.8690806674874807,-3.3324082565275464,-1.8244917909090645,-0.38254977624134767,-2.0487052454887476,-0.6638945340113196,3.6160237619661393,0.20053695609638567,-0.895992649820073,-0.02474054044826346,-1.398900874211563,-0.20143057402805198,3.423021605616526,-15.587979257229769,-5.104477149099864,1.800635293054313,-2.7238891852881864,6.432702958741913,-1.1909998244548525,-0.16724235403468413,-1.8897199519225296,1.779853113027805,0.8836964986811182,0.14747497890067507,OS
-1.4151920928268282,-2.0920914841744827,-4.696081334178302,1.2583552950344767,-1.7173452165012009,4.758438091572032,2.2814987979205155,1.9291352133079442,1.5209441365381053,-2.3470933925576105,0.15526101919289204,2.1127890707859933,2.0719384387259936,-16.878929416155934,-1.9865116027551153,-0.9208126265582592,-3.271087015695514,2.0519543307901245,1.5569185660177105,-0.5891420926053712,-3.003794769424644,0.5096717212384263,-0.653227388821989,2.208300240495703,OS
-1.4518464935444513,-1.5485620236796036,-1.3102713175635472,-0.3657183065976284,-2.2168954619674537,-0.642651372158241,2.293580188351,0.03859324597635805,-0.978995187336011,-1.1279535270448449,0.6018670640484913,2.793667391540339,4.385468413892141,-17.247345333254728,-2.36538449055206,2.120726181582576,-3.479863132390335,0.02768874114076425,0.2928463566638051,-1.0357488209994727,1.5957380492617403,2.0388581046541105,-1.990874860530397,0.2933313269988389,OS
-0.7862805264161921,-2.5705982916247403,-2.6251728990645233,0.5122907611276446,-2.9297000853943587,1.0857248662202323,0.6610914705447062,-0.44222133308539924,0.6243378293141859,-0.6873203038693703,2.020827538675576,3.291685323172146,6.242480207209979,-15.05843125432218,-5.339246723433575,1.5879203512614168,-3.688507484953675,1.6064946007367098,0.2878236983977125,-1.660726126139906,1.1498422630626237,1.041798587229536,-1.9289737093134534,0.9227507970479678,OS
-1.9583138449832518,-1.5997385103530029,-2.724601295160028,-0.9517363847414089,-0.18681029444940123,-2.3815426699259206,1.7086481426787232,-3.348558149381205,-0.535511698312348,-2.08903995213565,-0.32514374055506323,1.2236306544522222,5.177276833098176,-14.046983572221983,-5.447660626855452,0.8813589891113764,-3.6050212023979213,2.345423071952439,-1.7990092249736271,-0.012084400021493025,-0.6981179475390036,0.7263234237050256,-1.1226390195819391,-0.4574224986074569,OS
-0.48166213975486016,-3.59629969238374,-3.5154244522849467,-0.01508446961838672,-2.762869378690084,-2.122462599533833,-0.18596735252621377,-0.8364305190697792,1.1092133175954473,-3.2002607063534327,0.1883850608581099,-3.8073453501699532,5.004063851334678,-17.565535470332513,-5.3495442104421045,1.5496399418756965,-3.3536195894127445,0.1643603476966291,-1.0028548920575027,-3.065160730698395,2.608631325562669,0.9645593599346185,-0.4508289005053854,-0.451282693301323,OS
-2.5532877379546335,-2.515077922599902,-0.26035593825071146,0.6430144606369481,-0.5795201835808825,2.0160592836410274,1.6876073312586959,1.7625748840605695,-0.948331318160001,1.3924535118552797,-0.5882255492062711,0.5931132696512122,6.489270407007581,-16.38250410682368,-2.826392332879152,0.9387805275204499,-3.175519327983409,2.7221113154214436,0.46931660830816924,-2.1282380238527168,2.3633468575462757,1.4508030989979943,0.23672986309357213,-0.8334507338574326,OS
-0.4045521599268227,-4.0684264214082235,-0.6263161344911623,0.9690786679642542,-1.296130224720173,-1.4601909428242834,1.5894624302711042,0.40958804169363816,-0.1953949471723604,0.5027714187139765,0.2646753192052529,0.06553242154421923,5.913704699485862,-17.334359092263632,-4.391183222567406,-0.1621247622805626,-2.433254912639427,-0.7769287203269641,0.8358326490929073,-0.7570598464895255,1.8103629564662356,0.6523407499564442,0.5832872248171981,-1.538642947649521,OS
0.7741262715193784,-3.5523178186103985,-2.2857143333741305,0.25247209284847827,-1.3007435987657914,-1.4540638969037332,3.060820050087476,-1.4096870677830111,-1.6055604767255431,-0.14813467717916495,-0.6047872455306731,1.2398357646137015,2.832389728804827,-16.399744246193734,-6.159421714816801,1.6944809849941294,-5.520407668169639,0.46460824433114567,-1.7094164181877325,-0.9766987986843532,0.8029372149857181,1.5743320032871395,1.9131979588298549,0.21689360384760903,OS
-2.8706622651392877,-4.434670715825076,-1.6889243683270934,0.007856077168241882,-2.4609654960809166,-4.816220967702293,0.2101411969295004,1.7115320804644796,-2.302658876444468,-0.605191818789578,1.2343107018100739,-1.1324233702225683,4.868182249595435,-15.926395064202914,-5.622206149691976,1.8431241748515816,-1.6869206123177491,2.2254015522267423,-1.3555250144371342,-0.8091873221417387,-3.6294882503176495,0.13446815449303529,1.0013883465384197,-0.19877713109298156,OS
-1.3030607755500796,-1.7255755950714233,-4.065778566662061,1.2664992110998128,-3.1972569447517003,0.04961724107886312,1.380548553271546,0.24791452951532733,0.43883691019652815,-1.7494010254872023,2.1013245554096613,0.6222408756590312,4.7997643526514935,-15.292323582921092,-6.415881664707172,0.758779711416885,-4.975924300387817,-1.9698417930079586,-1.4771539923551131,-1.9163380740064895,-3.025259922493092,0.8892193305935479,1.4232886305590426,1.2827919640180312,OS
2.097115687857581,0.3825692571914069,-1.6267272242200193,1.6479473785813923,-1.4530510038491684,2.8800377429258788,1.863399176402349,0.33479137714061835,-3.5759503339529033,-1.7746501856324102,2.2380183113751,0.3706079504787567,4.31976807275808,-16.82585337201288,-6.045978873550155,0.7325808487283112,-3.0488689276922116,0.2521685614267426,1.1689547212696034,-3.426382555102734,-2.7087973047311493,-0.3319576626600025,-1.3046756067058993,-0.283314191860768,OS
-2.157314428821792,-1.4953494043663165,0.38351027710564267,0.0016127123249276565,-3.624319049265978,1.0443437483434082,-0.3618950852020779,3.1132550670223793,-1.2295301425289722,-0.16279540111135304,-0.7839726554217918,1.8961954898064732,6.4956493955584165,-17.121508673482367,-5.130984303193486,1.1479656539847412,-2.1479157781124343,-1.0202421118268603,1.5856966905205923,-0.7783721700123039,-2.0769676364530483,-1.3011873064687833,-0.7249007311513225,-1.0864025155315744,OS
-1.6758239061177846,-2.5055756455924323,-2.594506157645867,0.7480824223167986,-1.088982289862713,-0.09951650158592429,-0.11836556890538796,-1.3012250819144242,-1.6881286703941782,-0.990576885033434,1.4396961291556352,2.1822142963675333,6.470670716436501,-17.728431948562566,-3.473113805986145,2.937241861610886,-5.301311714828103,0.18187760324661895,0.1831631377552796,-2.814707841553698,-0.5947450509044074,0.29084890712555733,-1.8397867569727993,1.2411782221045087,OS
-3.3980437961772054,-2.8799648192964686,4.180398229815296,-0.46766326710982753,-3.002464154964457,-0.9742205777400841,-0.6895873191788153,-0.671359751429776,0.855166244852569,0.062001650089683835,-0.7824773907556732,2.764113837471541,4.407867170100616,-17.273273430112276,-4.9739558149652225,0.5411782373626295,-4.069410419999031,0.0760945083831075,1.6693168378804515,-2.588826311620494,-0.7817782838565677,1.219218876282092,-3.7816439559728394,2.540317874960863,OS
1.6386971308501757,-1.263901443855803,-4.762215356334366,-0.159925514462941,-0.6152276832273742,0.3706829590952907,1.9438968326053114,0.7937518904325032,-0.6364670780228607,-2.2999895797659633,-0.5561871185996097,-0.43357842603245444,5.474698097746625,-16.053182355164402,-3.673504596692453,2.235295777402797,-1.6164682700038782,2.336433283879785,0.14298207185498413,-1.7133960275777866,-0.35471278236298076,-0.7659391481562778,1.6129267528414601,-1.7896259450777166,OS
0.04721316459239233,-2.9011412324700587,-1.7988653382171265,1.3332875901993901,-3.2766709741104023,-2.018659004590745,0.41281095251131905,-2.1439386856289104,-0.5153687434817016,-0.19211560963064755,0.4494222193926305,2.5137893845232497,6.462253747447903,-18.42521816968273,-3.101033192077466,0.4657032195215791,-3.592398027376703,0.6936886240416698,0.5399049160987914,-1.90018260669261,2.367949184504596,0.15021514540460146,-1.4544024398595354,-1.7011418429407286,OS
0.9687905560658123,-1.6055755961826028,-0.761000480547807,0.9381295871647524,-1.4434140774139337,0.26008871970935843,2.198286117945342,2.0633910566646705,2.3540307423868967,-1.4977257381800868,3.281774428699606,0.1881752493334261,4.625060525056767,-14.984448635809024,-6.553415054527989,3.245521594707739,-5.572531850409007,2.5850165778118708,0.4228915147393373,-1.51737826082379,1.5799675315068384,2.878857887855034,-0.45517311917805614,-0.30980739900695653,OS
-1.398764259580389,-2.1001004990161385,-1.3564756765231323,1.4395761514378052,-2.914503933315757,-0.4746669076768626,1.289869759567198,-1.130594577703306,-0.3489212602290763,0.01543987643565714,3.042454807747248,-0.6096588863866828,6.373205346292821,-16.28368000020162,-3.5640002905379333,-0.16103915122198487,-1.7815384645762151,1.7094304469878807,0.43497315292016836,-1.125885629507053,2.4914635998486006,-0.3449888204168232,-1.8852645352047261,-1.3073729524218152,OS
2.023815710283145,-2.1576570958595056,-1.28004093608547,1.6855491049925462,-3.6376233324425584,2.889895749191851,-0.009496868963148497,-0.30878482456151346,-1.1868308033657513,-0.48302103993678713,1.183134269886665,1.5300150146490523,5.497909021990125,-15.534088440355681,-5.514017551611516,1.5416304602298823,-4.267466609074347,1.0053292435181902,0.04157941802705878,-1.6387356840796912,1.4549141740761797,4.011527407477985,-1.696846190853762,-0.2228662159080841,OS
1.6240411260955057,-2.89991958929081,0.3916150277949555,0.3852333101987995,-1.8662648113823934,1.1783697432440476,-0.17415743732991196,1.3097254674572127,-0.21729590782700825,0.03838118616174313,1.5252132598735955,-2.1131221205760653,4.798951825586158,-16.58205120732235,-3.090955072600991,3.27620088837908,-4.832988056441593,0.025948824921954383,1.261805473707426,0.44660514203255275,-0.22594412383284634,2.4754183979984674,0.18622961646735803,-1.1409255244046221,OS
0.4297406497450993,-1.4937204366917065,1.837266866693085,2.036724811950883,-0.9989866976504231,-0.7683614512995405,1.2124941985952509,0.6875959149526238,1.6508123116477122,0.16354064741186392,-0.4177290599705543,0.4812005604193814,3.499586729299722,-16.628069605831662,-1.4171000203261883,1.0506349978899436,-4.490225369138216,-1.1047812439235258,-0.10719880520916547,-2.5141638622714026,-1.3378326675616563,2.746503286163282,-1.3004667286591172,2.8226132055780795,OS
1.6244453666303684,-2.2540372095248418,-0.476960262522482,1.6737397032862091,-1.7770791087434645,1.4643889640709062,0.20674753538516555,1.0270989313597454,-0.9673868805893449,-0.5643327724404088,-0.21559798020615517,-1.6983317556245652,4.654244636915138,-16.06553576722297,0.7898033044052113,1.3547077602886475,-3.909909497014894,0.6763855991282526,-0.38643000700243846,-0.04262536344900525,0.3800392823376342,-0.6569342186698464,0.7190351637069199,2.0449310004468657,OS
-1.5912510527877544,-1.983901416906956,0.004412802027843554,1.6897585630114094,-2.412917985873378,0.6877993987074547,0.6426298140821523,1.0948354577799648,0.9018232582063206,-3.467953589875165,0.7820011149269419,1.6014216733913145,5.164380808834352,-13.658884540471547,-9.906150782796146,-1.6985050571494185,-2.003349377662147,2.344547093180495,0.05569688591593902,-0.8725817564535561,0.6601500238622862,0.7777713792206171,-0.9199683034213706,-1.5327335293448527,OS
-1.9188068240070493,-0.3757113083207245,-2.0936485722739917,-1.2420986401312746,-3.1941317790453922,-1.9271128432325781,1.8310914383096568,-0.03294568782504825,1.4539251046164168,-1.85243336459191,0.12865803161867007,-3.0984268710444667,5.104381303191502,-15.664540378069994,-6.944115036631729,2.619187569182337,-1.3504051218160384,4.740013396250788,-1.996927656872753,1.1127132863870628,-1.0231185827465765,-0.78032869026557,-0.14485546433103025,-0.5673568126275654,OS
-0.17575666084152886,1.278121940647356,0.7635123882039352,-0.17327516906190965,0.4772424366114194,3.7097266575055414,-1.6926954604964202,-0.16440540655511882,-0.6392840581689825,-17.774973729060235,-12.160692474779836,0.18878099757461086,0.790629399502194,1.0374707381995876,-0.8900962488506821,-1.1595289929420858,0.8408604518150469,-0.9511302114628393,0.6444414119116644,0.6548879209494061,0.41390604839125444,-4.449410272037227,20.70741497416111,-1.7795046364618656,P
-2.289465239788427,-1.150792135523428,0.45274548284652383,-0.1508775555365176,0.034979774992535795,3.6227778795343397,-1.395410169955266,0.9314801058529554,-3.474303683319249,-15.898412523640744,-13.543139537138444,-1.311620784983461,-2.9874724844680713,-0.6630265498786301,1.8949904045006178,1.364001578766782,0.8454744196415049,-1.113412252434216,-2.2123462619004606,0.17556727399883698,3.7953342379063315,-4.799365413959158,22.19641810297236,-1.448593561094242,P
0.3361465893219986,-0.5312444840512924,0.2547688673204789,0.03903305695817494,-1.7889129892758717,0.34909985683037803,-3.0156817335931265,0.21908099337593967,-0.06900061200803975,-18.472576304025765,-11.678383818613781,-0.03001128515131768,-0.06552643788913315,-2.7482309893439165,0.41144929387058937,2.1183444286363198,0.38285175554804596,1.9456460828139939,-1.7419846757223993,-0.1088225843333106,-0.8219339610650991,-4.946651003116884,22.11782209660481,-3.691413755390329,P
-1.7220437624835654,0.4911992700499468,-0.9116600292080648,-0.7846784902029427,1.9282370334811674,1.2511757702034743,-1.8337358551370393,-0.4920947508663289,0.01969476566978301,-17.002711442351867,-11.787391696291593,-0.8475545565915468,-1.7156599005101896,-1.1704482488156813,4.055906141739001,-1.2636461646309414,1.409912023484111,0.2529551946723245,-2.039948496477617,-1.6703142269357443,-0.6940339073761947,-5.8697266799443,23.395469261756546,-2.3767351041071265,P
-0.522456039774255,-1.6183033980287362,-1.704017709584889,-1.4920527280920268,-0.5810422297002447,1.3241054632270561,-0.5474007255933593,0.7389917108179702,-0.014033924499244677,-16.164203571716556,-11.748024559055864,-0.8287173398388745,-2.000865420518693,2.0058871852133464,1.2493614883082387,1.8221459229067491,0.5324457198615278,-1.5409117663623988,-3.107323758984034,-1.9286422944908992,1.1436282638625244,-5.782305783992392,20.030174597278688,-2.3541702963706257,P
0.7717536295201342,0.03346134997064709,-0.27216255015332536,0.7056838998233061,-2.5161082526163057,-1.7537893707131502,0.6337305078636284,1.8287634338100531,-3.977352347947374,-16.220132191239415,-12.33349943466564,-1.8475304739416742,0.34931573790098014,1.2051174759671497,-1.8933471304081877,-0.4664055043216919,2.6347526554437763,3.7675414094542816,-1.854110958807052,1.5423994168244235,2.7743406573686116,-5.404524486489919,20.509495693017158,-3.950945209761528,P
-0.9561628981373644,-0.20694577385394552,-1.7051125311523379,-3.0603337481745427,-0.4532974566294854,3.2806949678314936,-1.6434189428614019,1.4948272793452588,1.246995984384398,-16.27999767155019,-11.843457251363532,2.323847213814645,-1.963536277529613,0.8748462824067076,-1.5738204925671084,0.9581190601192944,0.951904100513218,-3.316599558005464,-2.154790273536907,-2.4678265402952206,-0.049939293493991954,-5.2877822013612885,21.174109490994667,-2.425131840355732,P
0.27940214932090157,0.12943439673517432,-0.7958024051714006,-0.009564608543762176,1.9313624477469489,-0.2702453878405322,-2.305998455996942,-0.19195945166700312,-0.2989597874977221,-17.757733810631926,-11.51250131101338,0.4097457175971613,-2.9577465544138306,0.08697279074836928,4.156424415830486,-0.5321070537308898,1.5366964870817412,0.5512354393873693,-2.3949261257810157,-0.4532109816882013,-1.07422852390971,-4.508189626909434,21.12469956424789,0.3978348051742273,P
-1.0020453725965126,-0.6425566063099595,-3.4737936525642112,-1.8843605550361033,-0.012803903157163177,0.5834291495074808,-1.3898449098405514,1.1075435536930343,-1.8116233396223151,-15.972258096133928,-12.208475517722093,0.7984885148964054,-2.954624095243844,0.027243755772182965,1.6313004398954831,-0.30703934544358447,-0.8242058003281159,2.8742199535807345,-0.8501289827510519,2.4657478773023627,0.6594111543548706,-3.1723057156385295,22.12963126701277,-1.9904129997696032,P
0.6658739278798578,-0.1355432094383815,-0.8792393693876193,-1.8295195523085752,-0.1048397956955398,0.5689861049744422,-1.5585774727040054,0.781344737609345,-0.6506781342790191,-16.748186517499676,-12.645580018194892,-0.6051157629776185,-0.7935360234466202,-0.6009905033714986,4.7015325999545325,-0.7936911777134483,-1.5123064994982656,-1.743705933721344,-1.4989977282355582,0.34837297727850114,-3.1957209909011226,-6.2821254644609255,22.537413387523216,0.04654920041247124,P
-1.4525872460278038,-0.13119941193590634,-1.2854938158401978,-0.36698563429894193,-1.2991366541249079,0.6885578425486756,-1.5498893512363061,1.259444108367262,0.8140304822279631,-15.88483657187895,-13.005035772401612,-1.810739061726224,-0.7992370246440998,2.3471537378924765,4.690575795169764,-0.22002593510836732,1.4409940525246725,1.2873174076690361,-1.4081832577459217,2.75638279206305,0.5098295351612592,-3.308731586646104,21.579857041855462,-1.4067656437794653,P
-0.042044430832334,0.8346380856889795,-0.3251623314209837,-1.3587507144013813,-0.5772375162395633,1.1916120859557395,-2.8872650214492843,0.5397159578485002,-0.21070198494010128,-16.534385067072364,-12.281236245548342,0.9817907875031437,1.2506702350596584,-0.04334464522823822,-0.3614150832503924,2.312462155096078,0.2089620568463033,-2.5216121737789763,-2.5306720390837505,0.9003183140821136,1.0036826321016292,-3.962351934579651,21.99578279189744,-1.2646345115413737,P
0.16999103915497926,-0.23531697545113062,-1.4339764431909998,0.3407964447849494,-0.12017690860560037,1.5941384719233724,-1.9643244056183597,-1.180197714689342,0.08759115724916455,-14.872712052012972,-12.50562266271288,0.6585395413917468,-0.6242596297460921,-0.013479321648013354,0.07921613073608569,1.3910144029159284,-0.0009044556766752976,0.7255655992609036,-3.123070471992307,2.514752783313753,0.032188590900432246,-5.4398179999993985,22.538093018130738,-3.2326068794624234,P
0.7040202377108926,-3.7473531358813723,0.46653600356205516,-0.5292026493539126,0.5381915774794663,2.5034498130839324,-1.8604780895181108,-0.4718713732415267,-1.136649852631308,-14.340720350584796,-13.697887216145432,2.762961220858301,-2.6162052537739555,0.5551634939893617,1.552902466373098,-2.0759536536032,1.2852936727258282,2.2399824621974176,-0.6990434562717383,4.140182646186275,-2.1911486291663778,-5.971809311327306,20.862707309084485,-3.86005165507396,P
-1.5372935481700836,0.5935517990319816,2.4483120658499615,-0.830152926691035,-0.6125333323762732,-0.09066070860376385,-0.8680345594656096,-0.047251627788511996,-0.27223771232445415,-16.857733634568973,-10.894040440900625,2.8553747442604163,-0.19339957811200748,1.1330363822005793,0.6462218785354708,-0.22654155886557703,1.28882294087839,1.920677953660288,-3.0507177320799563,1.805611995369219,-0.19404357357745994,-1.021401628934342,19.915603634381426,-2.2063517094256326,P
-1.3366612267131188,-0.38898209170515585,1.0164668487968243,-1.8012850135355052,0.015023944008618173,1.0584561320176817,-1.33473152909772,-0.1012826132107989,3.244102807507261,-17.98456613573444,-10.763180182133624,1.1975114276597765,-0.328605070502789,-1.9336151614641537,1.587289756257519,0.6744081143339784,-1.3462900597755834,-0.039849257524736004,0.5074727785274789,0.2885076177952328,-0.7102458667317819,-3.207193262505797,21.697277580157916,-2.1787552296903527,P
-1.6142635614044707,-0.28391416109522183,-0.5014566081460998,-0.8100623557665259,-1.2706334570978868,1.633115854117193,-1.6720615351404824,0.8741942204952124,0.4022998289916586,-15.748412426978732,-13.66666569001245,0.8549911617785142,-1.1387375416477994,2.6096881599254615,3.737250649569148,1.9122818959783672,1.0302277409482201,-1.4049037859467148,0.23788006529660066,-1.7631678524792704,-2.578783514099939,-3.6821711683315925,21.833702387883363,-2.0364020233838573,P
0.30559841076572525,0.7020133292082029,-1.4425229945113642,-2.274768766308334,0.31515668856897605,0.40866119357207253,-0.6265414344821814,0.20767718202040442,1.6324431594232465,-17.181218208968893,-11.637933238310296,0.10993553417137036,-1.4243490282985078,0.3151628857091282,0.7905447528549985,1.6175757395195731,1.206425604220641,1.5700448727160392,-2.336419167911288,2.2106800744243884,0.11409014809783002,-1.13855024318773,19.25139571328856,-0.842612060546287,P
1.548224203946603,1.605543173880637,-1.9508275317709831,0.4986706220531403,-0.5932570905731893,0.8249984268953767,-0.9418807274658434,0.22939614191506053,-0.9507049234652527,-16.496376317641293,-11.711102445991116,-1.9738966948214625,-2.156566504569355,4.0033987839643785,0.3683057513349013,0.23608237564288004,-0.02276010946536644,3.9983699906989614,-1.790174861649021,-1.271220005225132,1.5982849424894994,-6.736061976575165,21.722390971602607,-0.041715810369453266,P
-1.1673858548681153,0.5780771688746462,-0.9977249573577751,0.6068606907770686,0.056698748696106804,3.6538747669070517,-1.413192876651788,-0.23132664413822113,0.4541978290269526,-16.500040881540954,-11.360333195889496,1.2938735942586845,-1.867562650793019,-0.17949720094421906,1.2226475327440198,-1.6570396941172802,0.9734853722760022,2.2822505506978814,-1.6739755235904816,0.45751172151192065,1.2811657134877805,-5.532533008765263,22.76248351581306,-1.761333890474134,P
-0.003764478865065257,-0.32409529949202565,-0.9878714803975868,1.059168037172853,0.23493162350166585,-0.48136417053996183,-2.070477805746062,-0.9894694520426413,1.101575913373722,-17.20144474191794,-11.697253527611423,-2.0433144083838215,-1.8066123775985545,-1.0169184973530463,-0.7223356259717093,1.4244081419517016,1.7557928961156222,3.441664961181118,-1.1683193528533273,0.8619024760390204,0.14957237002056445,-2.645474308825122,21.355873111500713,-1.6737338314826502,P
-2.5184726396797146,0.4530544515756816,-1.28220907496069,0.6234213514370666,-1.4640726334933731,1.401630413073292,-1.2974011295024894,-0.46983611314894347,0.9454299216988034,-17.220992030907524,-11.197030335025346,0.31010767540618644,-0.5105035345157773,1.3371997980317119,-2.1964567749571984,-1.5841441883761078,-0.752802262388002,0.9583717195680492,-2.06818337184162,0.3028975120304267,-0.9132621910124499,-4.996197786011798,23.401713054674502,-2.527414113316013,P
-1.1645322956071595,1.1847282644418975,-1.524863342008473,0.7518377287160831,-0.578459296455577,2.6790913450497555,-1.3937811854780797,-0.06924328502833532,2.3010707576981417,-16.151309466884115,-10.003139291340744,0.44478956348592646,-0.9892816935408177,-1.2013984308716772,0.5993573456505032,-0.01952789444735714,0.8860685430330477,1.2089127230412942,-2.25469930940514,2.6538918948628236,2.179959758224072,-7.824886014843386,22.098679538364593,0.21146262991436515,P
-0.4961166909338033,0.7385294307519246,0.6445982837250313,0.8095303125855651,1.8638933851143804,1.0880188275511387,-1.1556812026424907,-1.2817307465844863,-0.9579421464043207,-17.370583972223187,-10.753680943830318,-0.1493732661592162,1.057369009164404,1.2166568834124405,-1.4249022509540623,-1.5435558232787159,-0.38913671184536724,1.8484061975269128,-1.1392689797931972,1.3283274370428018,-0.31997451160771107,-6.991265492918231,19.80211980151722,0.9133668715539329,P
-1.2231762546180107,-1.2535520551862511,-1.2964498197110856,-0.828930894463376,-1.8668333281783873,2.4624901139623603,-1.2307495530417292,1.745009432002746,2.469267353869668,-15.702394018112777,-12.01557849093507,0.7043047510211977,-0.7127655774977768,-0.5921674607220027,2.1290969326662434,-0.3639175587650527,0.9654795620605228,-0.2829427291381421,-1.4165998461278626,5.057557698107587,0.6672954328033711,-4.603211519474307,22.803884670344132,-2.208315798659612,P
0.09451515826020795,2.1452712315348386,-0.22880118667768556,0.9804344531442908,1.3547050256509863,-2.216974538673071,-1.1855453956223947,-0.21055747136617242,0.69423611823089,-17.43031345598729,-10.075761682018765,0.8887122018396667,-1.3658431716852704,0.38262943167716656,2.2136395169775938,-0.6257729577803133,-0.3512627541380198,1.8464352590989392,-1.6424823409550662,2.6088256068166658,2.7800332765887106,-6.872080344704983,19.645060208834366,-1.503779146634031,P
0.7611664740787774,-0.04527121047625471,0.21951048700020692,-0.44028830805304864,0.6657947821289838,0.5900021110989542,-2.8014730046820127,-1.8996545625576857,0.7080237943214911,-16.48130925767991,-10.50580702478777,-2.1261020800555457,0.012527474105326064,2.260003885674884,3.773611998683691,-0.8006141921514427,-0.7268762679292138,-0.13249656490768302,-1.4404914400954922,0.5457487693546597,2.2406277645341106,-4.295338260495228,21.934155415116635,1.0879254575709751,P
-1.0263447939500736,0.6828732254926244,-0.7590088387739229,-0.02775447634878958,2.341177618932562,0.40823157235462304,0.0162191987534257,0.26306070374340607,-0.35896170969090235,-16.482802047108073,-11.88512607681514,2.3262597319318843,-1.5611844769648826,0.32032177872471124,3.644830056031253,-1.2054119127369205,3.179367062391975,2.2903505787575114,-1.5452878453871577,1.6774667377732442,1.996656960880614,-3.3543433315224718,22.684834873113417,1.2727552937647602,P
-2.296253840520194,0.9025109538773464,-1.8492078907129326,-1.0375732136722675,-0.08271350208164563,1.2794329209829698,-0.4130119909570986,0.6443739759347977,-0.8769043057121735,-16.07990651582051,-10.972639830438595,-2.0413426138065915,-3.580550200173519,-0.662484099927461,3.690829905790906,0.7751323216640458,0.4565646732384039,-0.31514043112309764,-2.692482395327456,0.007918654774272227,1.8321864367184162,-5.539455527810446,20.576961752222914,-1.3397444300580332,P
0.3091303440280626,0.25581445409165227,-1.3415615941383976,-2.8454470940499945,0.6985050689555976,0.09855589826133837,-0.8974914636050642,0.4312524668143283,0.1504417089407184,-15.97945365774575,-13.769154985385029,1.3692066086994146,-2.534484730716514,2.260954680844222,-0.014731335945953106,0.4216477527876705,-0.08656185678313477,-0.8484162183384569,-2.327052542984198,1.3118997349805568,-1.2330066497935377,-6.3110397857389415,20.80935902674082,-1.788707412373867,P
0.1181360122884314,0.2305657168427544,-1.260744612335202,-1.0358089489829538,0.32602031117400543,0.4691206861130581,-0.44151845723144234,0.9762759335891076,0.9406114032457253,-15.693435600315262,-11.528929834702751,-0.4058241850559057,0.1839744685243545,-0.006421216869703983,-2.0657098316861493,0.10413716519034466,2.3976063693639844,-0.6902923561884791,-1.9859213335201034,1.43896047241779,0.9362306372186708,-7.958324705167016,22.881395479918865,-1.5497771183887608,P
-24.053842005113097,-12.329799452953818,1.081396587665779,6.723016407824154,-1.9887763500648816,-2.598500769981399,2.6625422512244574,0.7723826026050631,0.6882319247566215,0.25771491348482556,-2.1084951530908427,0.13734351801178946,-11.87346943547206,14.778712558729246,-1.7114520672408844,3.660503388348708,5.342256134723868,1.2528009397761934,1.2452310698151443,-0.553205421827343,3.9855791772357634,-1.3322093696420794,1.1908778638194093,0.12408344417303852,Q
-23.02489048967368,-14.306541888426414,1.3109218335739001,7.775188769172161,-3.3087776536211777,-4.093211231351972,-1.1428423941674781,0.5986253308599885,0.8389035047994184,-1.5128286087242486,1.373678631950554,-0.3788469823770697,-13.658401181044411,15.228983060465858,-1.7394834707954487,1.4920865564129997,5.660855631970946,0.16215867870261036,0.205547616501228,0.7739884122962337,0.2738926018768666,-0.7092678113565327,2.0334571280502587,-3.8017883919412157,Q
-22.21285029705666,-14.925138728115439,-0.012749809437309523,9.441886465495479,-3.189585687283909,0.10510209938900061,-0.22180173839378536,-0.45667084983057293,-0.5208940462823648,-1.210656112739862,1.0934946758560784,0.26480676987654306,-14.493111515373442,17.509799772996367,-3.1827244486394193,1.1356156888935303,4.65659668990628,-2.8802524695758507,0.23744784977428424,-1.7153314365022965,-3.1458703331574043,1.4249397803950572,1.0492943633068137,-0.7155800173653688,Q
-22.979680423788864,-13.853826712918575,-0.6507056674865908,7.4453238667621235,-0.5970994188131158,1.267580309009702,0.5989222358254951,0.5640073363703095,0.7449500174549257,0.4617429990467201,-2.0486326175192175,-3.0559589368719458,-11.197317638552903,15.40463947838159,-2.0296651511899313,2.137289893931346,2.1357847787160154,-2.3022958824187754,-1.0995201829245467,-0.18465203926449192,1.7307054233471604,0.4176998888940133,-1.4519723578404182,0.40396810706016595,Q
-21.76787083911512,-13.493690990758237,0.9819759245312412,10.492564121436175,-2.7580561131269974,-0.3703513835366721,-0.48026343659577186,0.7190333053103188,-1.6638701702130447,1.5562673618783691,1.9165286809995905,1.3359578818763111,-12.980211679864595,16.62988972597443,-6.587809892334576,3.3360683812620024,4.568907121891584,0.32860693525134366,-0.2464888328793613,1.1459349421852494,-0.29201956715235156,1.027745284827141,1.951874514066418,-0.6595229271239873,Q
-23.316878258338818,-12.87821582712584,1.355815428030951,7.065776312642441,-3.613255673232004,-0.07053542800775858,1.1486958440073112,-0.9621913830513904,-0.13018906537166686,0.6604746450019476,0.5872970942844233,-2.313536934830438,-13.891344754732927,14.655046819005257,0.2698806754415273,3.2525837920175533,3.055876295547364,-2.973770729306125,1.592198817015813,-1.8816207737985877,-0.4518926526922087,-1.0459197920716434,0.3582094592618148,-2.1953913828295413,Q
-22.36027464108065,-13.111971616425201,2.691743151358878,6.5495326274336065,-1.0536201276826205,-4.44164914561776,-0.8588605639082232,-2.4226886704391575,-0.5410340736349326,-0.8995253646642567,-0.5163261155351506,-1.8796914217153358,-15.704786698423732,16.755996599223472,-5.116969341571007,1.4952088999337718,4.467503092356054,-0.07240000673823488,2.698669511924546,-1.1709870065540713,0.6271419644600087,1.93942024693564,1.105221387906468,-1.9866853391891368,Q
-22.48379695509192,-13.7907045437778,3.282835995497692,6.340618732849336,-2.4363307735395665,0.43098238652487453,-0.11985612023469283,-0.012911418379928818,0.43681731763524567,1.3654085019487923,-0.2989921863955942,1.2562424327459212,-13.537996562146844,16.73101987750733,-3.002273180654754,4.878014072608053,4.2203120766206155,-2.995225884760771,-0.5508329859599534,-2.3165543352358497,-0.6982765544349263,-0.9179108313650275,-1.4164081043915075,-1.350038754285663,Q
-22.212446912671055,-10.686994163001344,3.1371954798638626,6.371704731936845,0.09276203414395923,-1.6815344050475005,1.1599629240877638,0.07179227388795084,-0.5500175096325393,0.29219507484963003,-0.17465021994780727,-0.775905225934423,-11.86749721447734,16.620116022791983,-1.04283250572189,3.2043942732314292,3.8806716206410385,-2.1973989020295335,2.1366790795305093,-0.44881757406501777,0.37659427749906627,0.34480449017149795,-1.0088957123215607,-6.482188152882202,Q
-23.23896301490521,-12.454822209521726,2.71079493016083,6.738898138676227,-4.107098800176232,-4.125841371561592,1.8186054311726627,0.46966587532671156,0.33979193916206896,0.2978962728233796,0.6357551832929857,-0.1142898766697158,-11.713286368668122,15.146176991941878,-2.532938789746936,3.1243039446523895,4.062980207762763,-2.966759723093219,1.925050126813698,1.3955721834624626,3.0118765471452775,-2.007277098642682,0.9987976793661915,-5.000626928820793,Q
-23.65325949221011,-13.06717509856976,-2.3915790612401224,7.656816696926427,-1.7244695989689944,-2.0842847154706874,0.866750195662914,1.1135136834741957,4.853479252466286,0.7679861636615897,-2.0915277110659645,-1.0873239370487227,-14.07867504385726,16.228891956519398,1.7380874349331634,3.2563856504966324,5.3043818317950695,-2.129511983327234,-0.6465340758793765,-1.2289524741883326,0.892357946059974,-1.1413490666867574,1.9482079927609988,2.26660299199375,Q
-23.238016887130186,-10.71400757591493,1.5358347549098426,10.566411219808273,-0.8751098881375583,-5.104357687004608,0.5077005070798659,-1.659927876330329,2.313675741481063,0.4033707293343127,0.2528179478707102,0.452487610692458,-14.830304641102572,18.199797726523478,0.3428097056398087,3.454982306225766,4.735061484496725,0.05726034504522204,-0.08237133909887362,-1.9951045514273602,3.408935867793616,-2.201394849267949,-0.5189852655331606,-3.307279374203972,Q
-23.19904685124925,-11.303419556988374,4.567297687513758,7.285007962187976,-4.100721592968284,-3.3078618506517046,1.9038543738930676,0.9329694818692928,-2.106484557276417,-0.3167638953022518,1.106932877346111,-1.7841984675474691,-14.007950211331092,15.079797244594296,-4.210735967437131,3.331997029093017,3.312031318215986,-4.82413649836019,2.143466002485912,-3.595694369216716,-0.08528192110986765,-0.6413951054222693,-1.2335555172741834,-3.361159276901219,Q
-22.52072322462311,-12.90020686296701,2.64728727011061,8.351705523874912,-3.4690909379643813,0.9458617357630601,-0.9230688056255332,0.05048205621613988,-0.012359646757829523,0.22323608467490885,-0.5434719983962566,-2.916237395273015,-12.423923815973552,15.215001480378895,-4.859207299141417,1.3932630970811957,5.038726493732099,0.8095341117484054,1.8613851182687782,-1.4177747759925268,2.999182864090585,-1.1212586649207807,1.1261284421344158,0.15583796464113675,Q
-24.23737005256254,-10.989437621323294,-1.7634668482434677,6.035053110252079,-1.975070008153125,1.6243367074825414,-1.1143357099990476,-2.042733582371767,-2.283656994573164,0.1629632602882367,0.034946923164994814,-2.385807586255055,-13.803111103869469,17.389390514322194,-0.9909298382922316,2.8388291518957445,3.179132416185979,-2.2742668539879674,2.096090660923789,0.09186243352431234,1.344164890479874,0.09367265741003195,0.8893848569016995,-0.2843619434470952,Q
-22.1755208088461,-12.032514315604692,2.0837776215847725,9.633831150520933,-4.258192240857852,0.48726867620604253,-0.41157559304754443,3.2982183285533893,0.8778874600100721,-0.15685427152183706,-0.9341512672116608,-1.7616459220777188,-13.782475587042569,14.926269485059542,1.6980078572412367,3.4245750418960412,5.3622109990877505,-5.72687418748626,0.5473573510010645,0.9991922172444561,-0.4161939078621799,-1.3741551766373163,2.2581175405926786,-0.609805124963998,Q
-25.313572527993813,-10.904460190004414,1.999469760256602,7.57794951909262,-0.07297857362254945,-3.120610879612741,-0.3188606831822378,-0.6102000765565663,-0.1987341419059021,-1.8847731743030778,-0.4435639930140951,-2.3884380081654513,-15.084830522218255,19.246949062502956,-0.10264775976065721,2.4668833400674046,5.177457332559527,-2.249517457158902,2.0755929185341273,-0.7060561847943916,0.33761802763172,-0.17863482224122862,-0.33287710875069365,0.15255427323489812,Q
-23.54574625779975,-11.812469327291819,1.290766091739897,8.039079904685678,-2.820631896144505,1.0875581651235393,-1.3600370416813847,-2.068387915149799,2.188408622914835,0.8889373440980819,-1.9878161245495676,2.497770642587568,-13.299081568377375,14.624369120257107,-1.0031959438405238,2.3969734131825504,5.793882058812699,0.15908941125707088,4.096724014592983,0.9552103665038487,0.1711756536568032,-2.2252864950187927,-0.41527514966026047,0.28219938003809375,Q
-23.76620036764757,-12.590025890578586,5.109110608407832,10.173695275492221,-3.196251803437349,0.955717643082437,0.7300534828755794,-0.2241341955955818,-0.8864083820873248,1.2367187334294556,-0.45523816801764383,-4.224567617010166,-14.133379583989125,19.125997436730778,0.0449630867113342,3.2388738183759074,4.510129921201326,0.5852787130369279,2.304190105559101,-0.4428445659653022,3.48384008954838,-0.34370270382972024,0.49884268934169995,-1.2922224430405436,Q
-23.377017495824703,-13.485003278270105,2.0204958192304048,7.752519186718914,-2.719085331567669,-0.9529060721413884,-0.42867969797746497,0.22817145576280495,0.9413998426900321,0.5266295910314085,-1.0612094223923236,2.3021976522736054,-13.876007006615339,15.28586107355887,-0.18477511941853209,2.530412465988732,3.459587371135939,-2.9976416065331932,1.880253525781459,-1.0359202724817607,-1.164537176209251,-0.6286339488309096,0.8297929611552775,1.843476716055136,Q
-23.81927782374646,-12.087491978567177,2.094293868535715,7.293016658454931,-3.107596499067995,-3.2025187060320377,1.154940246564787,-1.3068521739565142,4.907357083834711,-0.1766741750034413,-0.3140596261005726,-0.9449764199919741,-14.705009808156632,16.593508619835127,-2.812831075124109,3.3799151416622806,5.30153351990046,-4.370360327810829,-1.2681173585572196,-1.5342464730791932,5.642998318081709,0.4376555714327637,0.5477097967503113,0.3608249235548442,Q
-25.073166398407068,-14.01346488503695,0.27809082970304644,6.912111410425737,1.2692752365177284,-0.40802247529819624,0.6385602415956653,-0.3164424678753335,0.1514531062205151,-1.7051801890376765,0.1618672935517509,-1.4931437634768372,-14.011210648618999,17.55581789532848,-1.5686645723225183,3.7621774121452347,4.663657532290841,-2.0145272172603654,2.004190328226951,1.877202085883539,-0.9689633573638048,1.7223610036169177,1.7440467345640656,-1.0197776619054935,Q
-23.69398571114567,-13.255319923948454,4.0386206645711695,7.045685665769213,-2.2912156849860708,-2.616030950623383,-0.010715768132264714,-0.5421891404926953,-0.6612749332750809,0.21088206157434541,-0.7386735580240043,-1.9134159968443214,-11.184151264449923,15.01939140637446,-0.30150607092622295,4.211362615248696,5.603975658019976,-1.3842320169987943,1.786181227015195,0.5239412964697436,-3.7761661133910707,-0.41985626137841336,1.3308329891707018,-1.4380793158753704,Q
-24.70746658200966,-13.521654932750913,0.9644509636378871,7.814825931738895,-2.048371187098269,-4.852930569057037,-1.0421185972463993,-1.0478455805026101,1.9939333264110246,-1.820973046074016,-0.25433240353714837,-0.9686339227316694,-12.81107358188575,14.568168887384509,-0.2852944706010021,2.7140773316119677,5.149227081437147,-0.8457037265134204,2.6188511212034413,-0.5384088774114133,-0.41465866654965566,-0.6169604746269641,1.1042725052640918,0.9521357543399631,Q
-22.17008743714257,-13.771971540541209,2.39060972022196,6.612112228600623,-4.166963379459048,-1.6854742381923415,-2.3261457076439536,-1.2429106533691936,1.253931078328776,-1.0269909674872366,-0.6467727713609293,-2.1755628214696685,-12.564964103595486,16.225227313218788,0.8688572180567462,5.366430326643005,3.97515118408225,1.3200370469594418,0.4991676302603807,1.2880615796397308,-1.411568161079117,-2.1815766201104836,-1.0636019716563538,-4.825641538593516,Q
-22.13506713535827,-12.453057516757791,4.239882987596843,9.035460954899122,-3.8015352937866282,-0.5214671117163903,1.872496803421801,0.40111430862884845,2.8920764491574573,-0.22133448605075046,0.9064345294380018,0.49169311523496617,-15.010846205215444,15.77889352037267,-3.455165390911702,1.3028552810875524,4.341395469976447,-2.8027223275986444,-0.08332125050123196,-2.9318947415587644,0.2990741055180024,-2.3207163150838426,-1.9885787175380045,-3.101423644742738,Q
-23.48031121246248,-14.715817505934206,2.8270858761891873,8.195731297143396,-4.634745765099581,-1.9962393207803188,0.7270669641538037,-0.5283442128732077,0.20445227989836212,-0.535043928051337,-1.6635181531261765,0.5227883455445976,-15.47211362647181,15.034321706849703,-0.48700146650031684,3.972312988557391,3.2797234767726025,-2.025480928860702,-0.44644375040733664,2.0261169926571654,-1.0679524660405377,-1.1398570781724189,-0.19753860252676247,-0.7015630589820034,Q
-23.737967175238225,-13.571609623565472,4.831186223509576,7.242383667268307,-3.004702327953055,-2.3808194375700964,0.26118466713850186,0.9006589338895594,-0.43986103869076487,-1.6083940248790682,0.26367606074100536,-0.2513913530024183,-13.93342704503712,15.218939411353382,-2.9337199568938104,0.8836707111202671,3.5056011678430252,-1.7068285022575083,1.1409774286261865,-0.32745958464592206,3.7983235940378677,-1.11148554861483,0.9431406731930565,-2.2790506696737793,Q
-22.152987554352137,-11.643464741559654,5.585666894421308,10.659667953560216,-0.9444738576211194,-0.3742916861826302,-0.7256932579284294,0.11916664365165275,0.7994807040535079,-0.1487097513189326,0.4123195751066646,-2.1133671411016053,-13.023516509872053,15.767488276348054,-1.5174213607576235,3.78077478282804,5.736868553196359,-3.4625863545270477,1.7450495782567792,0.7958443215488415,4.6944929613491695,-1.2667784842235719,2.8677553438904653,-2.127501039530273,Q
-24.712896031997275,-12.263962377524013,0.8332672737782332,7.76432842271894,-1.5273782693858493,-2.11165942493227,-0.5413492922329732,0.11849035478797987,-3.374733019521898,1.531290653971098,1.9985202857657782,-0.06369971365893434,-14.962928926356057,15.584639289890667,-1.3941155420358768,4.079959949683236,3.4652884966131694,-1.5022780413730743,-1.3731854134468797,-1.1018924686205906,1.1871377279020408,-2.246191357090389,1.3226883930190496,0.9372407734734907,Q
0.0209395881751675,-0.15290498383174733,-2.5520048413854965,-12.858228019472875,-12.744695675949572,2.5699372122239765,4.465876054604164,-1.560167197111241,-2.1021028566658515,0.09506371110605727,1.3387725680939866,-0.18487747344215677,0.8142399855391318,1.0661190316041527,-2.224951729200086,-4.7610843734396795,19.13582217200124,-4.542039216606383,3.2292517441624895,3.9062990333247996,-0.10517525816987927,-1.017632611995296,-1.7306681365275125,1.3208169696521281,R
-0.2591113057551411,-1.2202806351168742,-1.3685087200177577,-14.41266238928074,-12.061345348513896,1.5276931787556691,4.838229226906415,-0.0130644752194371,-2.6301250082848924,-3.1238954309661366,1.9083634585555274,1.0319190977629091,-3.8568048534827426,1.5371596485673962,-0.3246492323374355,-7.263165523822586,20.041522676079865,-2.037068745470151,2.452781002303631,3.463900299210522,0.2839968841696532,-1.0845557621053317,0.7262109398476468,0.7073841259992264,R
-2.0659008731070116,-0.2609592777868208,-2.3205201184022144,-15.507458969599696,-12.629718145724723,-0.3905647011316091,5.45669070029371,-1.3246473736658118,2.5583137455595306,-1.5423126754414724,1.043794684362382,-4.540871650522547,-3.594401156464585,0.4496928692296507,-3.423126308527003,-4.9716277271806675,22.401887356995815,-2.2814814049901315,3.2474414462612096,-0.27958394239593076,0.9629048188504044,2.6682951251414977,-0.5233368752594743,0.5234156311869924,R
0.10062011470142807,-0.4994661603065669,-0.6812674427977186,-15.705784749026947,-11.20342287476177,-0.387931821244365,5.006826323138143,-2.782702799111263,-2.2880441126754363,-0.5946657567778502,-0.289780741281902,-3.9740857397565037,-3.5363065414776713,-1.3634741849596423,1.2002752884399683,-5.804703644972676,23.029577502220803,0.3397896783756664,2.5666724623253323,2.5253497902711928,-0.03860327424558818,-1.7243290593073226,-2.421482310989745,0.7986994308547537,R
-0.38440160939535417,-2.5116381733153346,0.42032612713478557,-13.834380458504,-12.332569316053139,-0.5550369099745467,4.392165746356604,-0.17283581708701945,-3.568781527833835,-0.10557056085224303,1.0129789867830539,-0.8466961719627761,-1.8584772029551289,0.18729505478535202,-2.7694017278743672,-5.890224462655965,20.526408838609,-1.8999703070863916,4.586853714300009,4.116026497543302,-0.0004918179744208828,2.0630006187750567,-0.8929763798086725,0.004592637558971546,R
-0.8265371604682628,-0.4514117821336351,-1.8516321955196986,-15.118545177200986,-12.742929384810225,-1.7400747904362106,3.993749546952949,-3.3278595075653357,-1.9012785782615538,1.2411730340466676,-1.2280619912818622,-0.3027001809506942,-1.5579351500086602,-1.8208047592369496,1.8791921160258767,-6.199590504158763,21.964781613725677,1.7896041149300004,3.3316047702634393,2.820733385181157,1.7073094692322002,1.0911917183302862,0.9915927796516257,1.280731122738132,R
-2.1753101052681814,-0.008199129846300335,-4.705260252248763,-14.213249990748238,-13.708771681013559,2.4656916509435405,5.968319698752366,-3.880892968639813,-2.232415732266759,0.5073258673207164,-0.8565206409301425,-2.1767147807809692,-4.211643905708968,1.7676574834764125,-1.8806809971316625,-8.432351220937981,21.590255326629574,-1.2823835929762026,3.3660842929685195,2.8845331923542403,-2.179807859670575,-0.6122926365087764,2.095756488921012,0.5924006579651291,R
-2.9637284772368844,-0.22593667922785987,0.8156235478608664,-14.118364467569236,-12.90908141371824,1.1834179173815755,5.7260119891836,-3.0692652880641447,0.5988796712612157,-0.24742510855135436,0.2388153479388393,-1.6670916908223035,-4.33056044054706,-0.6582707342086564,-2.5659537662828598,-4.961310424459548,21.770664201417446,-1.4157498005995421,3.4654506959182036,1.7692400468508396,-0.3695153438511056,1.8569374802534284,1.7428151743618514,-1.608596673058571,R
-2.7466702972002395,-2.438877924429899,-0.6941914852362174,-14.791939924973889,-14.547680129383878,2.353997922595795,4.7460572014588935,-3.8632463655086156,-1.4792569557979505,0.26189707946785745,1.050443373735959,-2.8700853685743937,-2.875897934581644,-0.3022069017918554,-3.458613197843988,-6.010360364611969,21.914146323364037,-5.224893971714607,3.3364912369327193,0.5771125187249595,0.4532853191951176,-0.8311178430064601,-1.4005322904973951,1.5006094445972735,R
-1.6848571084144055,-1.651683357212348,0.6145859225868548,-13.54401989815156,-14.34148362490322,1.6623797066120005,3.668229163342505,-1.9235602850593239,-0.841733756915005,2.966376286640525,0.9761915100924057,3.2202101796705165,-1.895533883349657,-1.9000811902213712,-1.4288756269216947,-6.486966911419579,22.51455266284546,-0.8721771892007268,5.415586718356508,2.93720420540528,-3.2496437330974572,0.42331813898569237,0.26969271657274874,-0.1655703677348015,R
-1.3969431602517375,-0.17435299972873064,-1.986756132789992,-13.277683721205932,-14.097680902679997,-1.6741480944874638,5.307912597885001,-0.9235149643844807,-2.0263289529787585,-1.6032630729156665,0.2134343615223031,-4.034101967927484,-2.8563475455032403,0.9017301350590259,-0.3410781012482289,-6.057734789611082,20.51962247491241,2.131690395994383,2.95898045670182,3.8905516937395532,-0.5219429964776623,-1.5357779324215812,0.2578834080762107,-0.6787057961850564,R
-3.9820984988670602,-1.6639004567386964,-0.15850525123238413,-16.208453725271283,-11.414382827966278,0.6705125997557388,6.223794569960593,-1.5315240334906264,-0.8426135193142841,0.08379581344406972,0.9782275849076711,-0.47965490777824016,-2.463364102877364,0.5024983771139517,0.3141895365310461,-4.7526676150361595,22.569939774871756,-0.9168610823268182,2.4542742595068923,3.940371860970359,-0.23417264663851256,0.39277461056263974,2.606570696524514,3.193739675393033,R
-2.86408214973045,-1.0267058764135193,-3.605425323347788,-13.99809237229033,-13.825780301055602,2.058561833308829,4.460174977457938,-1.3512543243825235,-0.8910118021550488,-0.31937050956614144,-1.6439902752494788,-1.4404240501708045,-2.931690032821166,-0.2712566368827112,-2.6936319116095433,-6.066422993931923,22.248218053205335,-0.07829001199661434,2.394681637069258,3.86679560955632,1.3080629634258685,0.04675606360810036,-0.04265900390059585,-1.9644710720970693,R
-1.4801541839189554,0.20139367777028416,1.1471973103661526,-11.331893731579143,-14.889894915689013,0.39566060310522744,6.58488079611753,-0.6319342670702497,-0.2548018533693721,0.7382314743802425,-1.16168157765685,-0.3261269652761598,-4.54802627190665,-1.0809849123716617,1.2486742341059767,-5.465337646967775,20.238899213834372,0.25942239587067206,3.2497492017444394,1.2223170748750931,0.8661098273787502,-0.5859579205404444,1.7987442081504526,0.17957584598650556,R
-1.701147281146632,-2.7662988068858048,2.023432540410681,-14.997594352342603,-12.173340358544635,1.4891534545351988,3.158093348080244,-2.7407588459552983,2.4974348779743423,1.4887750601100578,0.9627540266630206,-0.9748223871422965,-4.94453814034469,0.10679836255941666,-3.3504246826166764,-5.611128247636572,23.706543331370995,-0.24473790951503815,2.558663329353198,3.8059823478596826,-4.4765069624261855,2.498339625570118,-1.1348763241313407,-0.279456860019593,R
-0.10530816650435781,0.8061447763847606,0.3791484689846243,-13.514562467549354,-12.002428719775537,-2.76370183083327,6.041215604087392,-2.728539041510828,-1.8988706170677006,1.9254704144508992,-0.4005496074972257,-2.4340481133777985,-3.2861244026290137,1.3917745899184126,-3.389831382233126,-7.070812749042872,24.005863714572342,-3.2547308559499584,2.9156771439427622,2.1348045295268037,-0.7777393202280223,2.3274354919158284,2.0151233513604723,2.2726083652968896,R
-2.00400096468735,-0.5283801494707376,0.24643241005509253,-12.922706811689324,-11.804102519178173,2.8872776315271267,3.214156747675619,-1.6249211481019472,-1.5491211097678388,-0.1629912241248732,1.5756458944603082,0.4014007463418352,-1.898525614052602,0.11141268596399811,-8.507532820342988,-4.8676457632074275,20.886949913888316,-0.523301561726214,3.9184373812093405,3.3094215960612132,-3.099626085375803,-0.1531991439059155,2.296252848353461,-0.3285126102492768,R
-0.4365308940080581,-0.8905521044391363,-2.0325290753804666,-13.334155670994718,-12.610165657699781,0.7502263918230483,3.439767580390547,-0.5465490385722944,-1.9886616448445693,-0.8711811478557863,1.0053757600393851,-0.1489597477280995,-1.4904666811570166,1.630416913960417,-3.0142491178896194,-6.756423973325248,21.69165912141446,0.40484034031703686,3.957396054125528,2.1155299516912294,0.3297678382844538,0.10838502150323137,0.4191516095331167,1.5766064994439262,R
-2.6451264943951855,0.6344253383583659,-1.0881842173575933,-13.805874154483746,-13.872746964260841,3.8541807795051,5.497550500088729,-1.2778152087460342,0.9757884422065217,0.45207701994615945,-1.0623133467595096,1.2467576280142794,-4.1077981661285605,2.2081540162100453,-1.53574321432626,-6.060586405275188,23.965684298830695,-1.805358634292304,3.6611972480532735,2.8762532624811428,-1.5944072481037779,-0.43229319093446605,1.1029056389581342,-1.7062642187052006,R
-1.5953963885419853,1.1175475452253791,-0.7482842100665721,-14.0580906627536,-11.521748859940999,1.332119580851952,5.416781198980623,-1.6488093830646733,-1.7085585258099627,1.5854242990762373,0.45804842324901074,-2.0245098098127414,-2.539112156380611,0.21851713327270517,-0.44466058874292,-5.588595935597233,24.316726246277483,-1.348957178728142,5.671197739303441,0.6855753469339021,-2.924645887279439,1.2983412619198873,0.5301906944034585,-3.623653272809406,R
-1.123540306678649,-0.9458009400815496,0.16977888205730096,-15.153431678047184,-11.769354403811178,2.0791413414041813,5.195378357524828,-1.6448726016776902,-2.106493355728958,-0.2757966967965899,1.0584556603062367,-0.18881073357005107,-2.082050844494802,1.4170230768817476,-2.1084460830338116,-5.096649310427104,19.28853421807645,-1.1119948404574416,3.006355705054144,2.9403253044026485,-1.3716767892961457,0.38055761967316926,0.04096075508510921,0.4465447517504799,R
-1.3612347630294153,-1.5540815422464909,-2.601064347624913,-12.351213571401914,-15.262520896670367,1.463087962983991,3.878229114536821,-0.36003015799573745,-0.9878087544846608,-0.4568831136020748,0.512617843696745,-0.9772265647087579,-2.5182063449499594,0.15607310402995722,-4.926595535761123,-4.281355540072838,22.89451012603655,-1.4634937368534793,3.810925914332927,3.2935381701716864,-1.8970747329913706,0.7401501816970537,0.3940378452492297,-3.043075211882524,R
-2.705939314208365,-0.9699638663400948,1.5639627840210437,-14.504156001026459,-12.893333984375431,0.21805498190542494,6.126057326256466,-2.6096272154936173,-3.326342623749042,-2.636566222384971,-1.0405944144825412,2.47909623559525,-2.6227323779631035,-1.963745908780254,-0.7054976983388883,-6.616061976851469,21.68161255518055,-0.9398461212567781,4.52020200492899,1.415619605707505,-2.7264466177128384,-0.5263653481599206,-0.20121227323078017,1.7467745035444864,R
-1.1964431414716614,-1.4171132164060882,-4.009266699328805,-13.590036000938085,-14.981656467628,0.48107737103686077,6.071622801098935,-2.4410299552816923,0.14488239326351504,-0.7768366039844921,0.11677906046710973,0.4800260689167999,-2.0770298881705855,0.3026796839788375,-4.655022728828897,-6.396830675979636,23.157042977311846,1.7547837516133882,2.273052382974104,1.7186072697015362,0.6803969146595819,-0.17003092770115558,1.5085180494214825,-0.3184405666708017,R
-0.1855320716275628,-1.8477014581299582,-3.5370908871469737,-13.011757936641814,-13.69926157513828,-0.32617435120403115,5.792527930717166,-2.0115248426897665,-4.164039289517234,1.0272348482987468,1.236416762960232,-1.9226764628546107,-4.726800882054931,1.4090143840669924,-1.7766558804744363,-4.8524417366270285,22.04513954763317,-5.084068853731651,1.9465818154520953,1.7567521917422226,-2.073372406695796,0.8247197726841691,-1.960216229192696,-0.8850031329532726,R
-1.202957139235707,-0.5845792557616079,-0.24370077362704023,-13.201802909333423,-12.426638687341324,-1.8903095410371975,5.083794812867045,-1.2009837674104915,-4.884124136669698,2.3575516318067713,-3.5497338215411958,-1.0289126539957465,-1.2022764039193135,1.2106881178774813,-4.2680429085428955,-5.675473611754086,20.436948905841575,-0.807576585587924,3.1981657813232296,2.0761622551967065,1.6921907019987543,-0.3625198129506444,0.11494358763556534,-1.1513081363999618,R
-1.1259882030923336,-0.7856200032401457,-0.6153504959033285,-14.682933158909222,-10.442561792986794,1.0721639459537755,3.946238169575202,0.3552176392151125,-3.378467834748392,-1.1011357733263907,-1.5275156437803048,-0.4187707652089898,-0.2086134825834165,0.10055304031035917,-4.6079441586312555,-5.452305974830956,23.492610537982443,1.9041424958247148,4.189115840135166,1.1942170965273675,2.6137628461057716,-1.1554158109776367,-1.1861908032170163,1.5671887195990735,R
-1.2480264376131913,-0.9362987004281227,-1.471435286715689,-12.925421816312522,-12.8857324008859,-3.5113833510450263,5.620536601221983,-3.2568693378158002,-1.803604735775309,1.3649736690608592,0.37564995426484415,-2.1800031948169476,-1.7842262645050653,1.2396020007242328,-2.93299077733883,-4.168822012163474,22.054643964258588,-0.17946611250744127,2.4368981632906284,4.035122416362654,2.906793487411278,0.40404176254624957,-1.057771156690663,-0.28602225435633954,R
-3.276891675302295,-0.8923167829087464,-2.472728845380118,-12.770264414653695,-13.755726220040685,0.747816911654752,5.143794902149948,1.0987034205093096,-0.4378944798805833,-0.1206379729395195,-0.44480219472501403,-1.1850623188271356,-1.0220050101304423,-0.014560158500749765,-2.492147431662204,-7.242804047252356,22.26858391063604,-2.2435841241202183,3.3774866336805722,1.38195548576266,0.08514011959630352,0.8636800008230878,-0.21098514788170064,0.9073344141072539,R
0.009670716988637196,-1.3125883282876194,-2.5301050130572094,-14.269991662073096,-12.364466012532205,2.1218572235803776,4.347369330017851,-1.015959985793728,-4.789284175820626,-0.10950651715990034,0.1657836074481338,-2.5671998970404957,-3.875402307018703,1.456797040361181,-2.384166877849623,-5.317102243069698,22.72129729617052,-0.7309272002478338,2.527984891831103,2.071138592336112,1.3341234009347431,0.4070275761531761,-0.8628396638204379,-0.1248358911016112,R
-3.645292043004531,-1.962271564588301,1.6499832636635006,4.109452376007418,-16.491959602460042,-6.2969484034745165,-0.2569194298890878,-2.583969843385745,-3.201491214803468,-0.8963835068783723,-0.3175146600372045,4.16759179908496,-21.045858261454015,7.240599496971015,-6.369051721909045,18.513652849223316,9.247433224225205,-3.4275614543927304,-0.4075876274281178,3.445251240035688,-1.9509931198735444,1.6914031686222728,1.033692965270319,1.5868031569267487,S
-6.557333906493454,0.808452530404566,-4.169618632458594,4.803931321502198,-19.384309549875923,0.3069157847414772,2.3633974434196876,-0.7701228720551399,1.2127617093605636,2.4542503887885445,-0.03353080977382206,-0.14570312168541477,-19.161559058280403,6.100463230461131,-1.649722026013194,16.447724836254576,8.937660929546354,-0.7324941997264318,1.1353083274462001,-0.17185471174822453,-1.5832832583598702,0.30800864248154625,-1.537482733402726,0.12451443246760618,S
-5.428740289058453,-1.619782858800036,-4.0581466743844885,2.4712619779421985,-17.369145738144823,0.5123372808263298,3.855931425813127,-0.05922055702754392,3.6737150343128064,1.5850638182628316,-0.33570225283273203,0.5929962053260738,-22.043052784639656,7.750328293744374,-3.409645292946209,16.07265731783908,8.58906127211651,-0.22987620578908263,-0.27971443024368625,0.2822191639897369,-4.619128128534555,1.4371496776046584,-0.01915659632604161,1.0927386187391335,S
-3.725119136758906,1.4096742741565436,-3.7535080301271933,2.9723028379413634,-20.276702939961808,-0.03210498488704161,-0.08207776852214543,0.31992244585794083,-0.17113230046697936,0.5846129210460234,1.4389164155293201,2.5031493897594714,-20.68490573741559,5.625485645691306,-4.688850615211777,14.285688303848215,10.104131404549037,0.9590992155468712,2.210149915669348,-1.2358371134622814,-2.506172601897731,0.37724009870304087,1.0066788534450666,-2.9538125635201595,S
-3.691445972011479,-0.4561628877674311,-1.7756787054135543,2.98899936051167,-18.261003537830163,-1.9921919420332301,1.2280127482889052,-0.9843309864720027,1.2445221400201945,1.3966479111754566,0.6920354362933949,2.9045904546544534,-18.814046862296237,7.702138051719274,-0.4436644938882637,17.60985166824137,10.7220488132117,-1.721730359935691,0.3407835020177892,1.0538031491932571,1.413785341841674,-0.10954777499229351,0.6669057495671069,1.9829861121550607,S
-3.196789820882941,-2.149330356551525,-4.233568203610616,3.028364892467579,-17.299785800848042,-5.254491685961739,0.16375936897200827,-1.8702104478381614,1.8229059732710198,1.2265572159712193,-2.594254010092868,2.3813858272505968,-21.061606077444907,7.888788392632378,-0.8196962089705835,15.69202347602674,9.844178752364343,-1.5704049580426727,2.069245500314338,-0.6910841829462697,1.9102740252056378,-0.8015840956052784,3.517449790989275,-1.5412329416398052,S
-4.703713858902574,-4.349104275864201,-3.9828076116635316,2.9097242310121842,-18.042721602910774,-2.0491420787960806,-0.9124397609395674,2.9445878433984376,-1.4766116832882972,-0.2646184744165012,-2.6113593888091486,-3.5496968093798387,-21.19449876548842,8.777386725102204,-2.4033108932006826,16.108901746482356,9.453222892105543,-2.0408237862560554,-1.0860491320579548,0.7441644207019493,-4.29894954684795,1.4209951803631213,0.6761374343252129,0.18167493338671648,S
-4.181225358920244,0.17112213356031014,-0.3258709523468042,2.3890000164324547,-18.3853451590565,-2.3452344755279455,0.5207728373691598,-0.7912998480476006,-1.6082412335834988,-0.5365205812064886,-0.6237558776029459,-0.611752246977062,-21.787307788417763,11.395124604790595,-2.661304123545733,15.26863004009542,10.331235474185434,-4.9816201818124455,0.6612816327816056,2.003892927489275,-1.9956730636659472,-0.6851134721574041,-1.2611029522234247,-2.0878712577986107,S
-5.579418828766109,-0.1275203851380513,-2.441457149453413,4.383117425288482,-16.905432077537796,-1.1564806587593353,2.5898227912441314,-2.8965924384348796,-0.2482121907914916,-0.9495969077407125,-1.4480115524915789,2.590534720995265,-20.295991378853614,9.502681872199702,0.177212291321041,14.300078042733738,11.01295556916827,-3.2166605202510254,0.6308739835299377,-0.7208126676394215,0.2469330933175229,0.5095921423036813,1.2176319229334496,0.14137756237255417,S
-5.2977332283127225,-1.809556595835762,-4.838676901424208,3.9401761652742877,-17.833802267636088,-0.19591776548304551,1.0404109256472651,-2.933924108445126,-1.7457721378096949,1.5890023602793164,-1.484254628729758,0.8494499688476935,-21.005130495926267,8.56820055779518,-2.0846723030741146,13.055145899121044,8.568835312235137,-1.9810325043962962,-0.7445101409497568,1.4374238609902221,-3.5727263305106476,-0.49968265371185083,0.41143053702114685,-3.2288863856796866,S
-2.464579276659208,-1.524760238519092,-4.842407447503774,4.414610944514841,-18.27743033541219,0.36013656298666774,2.909234531611901,-2.5327958832480704,-1.4728924880907357,0.8062867225199213,1.2367872828140207,0.8943525666806522,-20.490653647306686,8.823675642609189,-2.2294234177251724,15.341254085247353,10.580327735038082,-4.364461183297237,2.195896843060158,-0.19547348063872505,-4.959898729142537,2.2793207968458162,1.3774055432627534,-1.8647073389107618,S
-4.968012531815987,-0.5130407809229487,-3.1070102881517414,3.400176371716732,-18.326159809924377,-0.6326125156863327,0.7256144679682395,-0.5670462582966422,2.496783313044091,-0.29679119272351073,-2.1157491007673457,-1.3565837291868093,-19.09707809462091,9.245169939274305,-6.643241500923068,15.436684529300209,8.5404665168316,-0.28199644559924764,1.75024074585518,0.632309287507212,0.9203705656998409,0.6263357254650614,0.9274031888523098,1.3741516461270749,S
-4.027692666170651,-0.6204162572940588,-1.5588643483981741,4.650267164963871,-16.193305966200853,-3.8460742750895633,2.561180429670088,-0.8248281026299367,-0.3837846397981366,2.437417161967538,-0.08321516687755093,1.6983105722837877,-22.415403900284986,8.639196510004368,-3.28240005534542,15.861163766161908,12.180376866958,-5.492994925520065,0.9401052868183228,-3.037871634780984,-1.5594173523219297,-0.510543034687224,2.6188053997611007,-3.1920922945456596,S
-5.596381603396765,-0.42005428222401964,-2.9138479655679816,2.7314877072156563,-18.170187506076445,-0.053566547652167174,2.2797775256321113,-1.2812070773719029,-1.8841818654327085,0.5303127043021689,0.9054304850994299,0.964873635685251,-21.1820074374518,8.124444685577927,-2.4142616497052245,14.04175186699225,10.146486019359173,-2.024622376868649,-0.11559627881629098,0.852083980784812,-0.7491031289763441,-1.0941172900307095,0.5399836530730084,4.5508221314035495,S
-4.973441139463205,0.522977374841728,0.3416519372176481,4.486691202845435,-18.38386120384581,0.03403411892901431,0.18737926565792584,2.088156712596515,0.9630968227477865,2.5317607392187185,-1.9652071306740595,-0.001824312649773674,-21.80223747094658,8.421188045726225,-3.7171246680345575,17.44369737985882,8.395624788448515,-4.803789559066104,0.3453992874353027,-0.3085510844923931,-1.5309487879130756,1.8017648115892584,1.2783100994681291,0.9273852942287704,S
-3.735839920527667,0.3929321733168363,-4.750197273357514,4.6813535127250745,-19.846662761706057,0.011253092080210081,1.941904180045599,-0.020122706348843167,-2.223640900624275,-1.0167908702866697,1.7340250139191085,-1.6879361080665944,-20.306717037149554,9.211775651336396,-1.4401322430221626,15.258856451699117,10.630691184203783,-1.2145261677870849,-0.24089050589855887,-0.7981895519963018,-1.456263491806908,2.0328048478899916,-1.1549488892705,-0.3702180678417335,S
-4.057018125508591,-0.12290499926045184,-3.9409834227406577,3.891172177552022,-18.56127214775313,-3.954040412453537,0.9152524845265804,-1.138943587221462,-1.8274594367526902,0.2738881465170593,-0.27923501186481303,2.3367130640647815,-20.82526944618786,8.381550572460185,1.1809151368297535,17.08994218151389,8.50815725307578,-2.0684180289561027,0.6965754725253817,-0.19343531378132184,-0.4238708639700235,-0.9925794906270227,1.8070433935106536,-4.483121811257718,S
-4.563754059252574,-2.8066154839863238,-2.130028772137905,5.8392713018218245,-19.619555557458682,-1.278021511992165,2.6640760290849492,0.5554431392614845,-2.212035328031675,-1.0584651536897454,1.071717785589044,-0.30579941362015006,-21.29413687672377,7.633450861313889,-1.6611036465325242,17.34215927838635,10.066396212064575,0.9899796352477779,-0.6786734494170119,1.7064741484354329,-3.9964979772777838,1.617963562771287,1.3738739552218817,0.8774478759771682,S
-5.968328464698345,-0.39928503905917956,-3.477345020414589,4.279950007926217,-17.930051533004814,-2.3539892368224855,-0.32913675085343463,-5.016954042737069,0.24848754717157817,1.5470552310858423,0.3644779113490699,1.382729898720811,-19.17295916886178,8.517702741528126,-0.38519030098842677,16.829987206851765,12.810508625565888,-0.3328133500727972,4.477390210389075,-1.6130748045216734,-3.24114911579062,0.18244336648664472,0.2216589106910618,1.4429239888607412,S
-4.237697985343118,-0.4317285108177942,-4.465494810078042,5.224745956489876,-18.24946908086082,-1.9727002682227521,-0.6446116408978089,-0.6350526788636444,-1.8127873308686162,-0.09330702430403903,-0.3194128533965568,-2.0120692431414113,-20.936717045434847,7.8802371601088765,-2.8172256384106618,15.009353901168357,10.478787909184376,-2.179030744595252,0.16512772276178467,-0.9495451193415505,-4.566565452885811,-0.7186430351291122,-1.4978443211342807,0.07020297531261122,S
-7.229006441004515,-1.1844435439757175,-4.631717926991541,4.0151086813809584,-17.37186401201535,1.2952793079226126,1.5156595962252695,-2.5147388117866285,2.071265674160088,0.8992723020666844,-1.3729421491668745,3.6914668742051617,-18.633231358040888,10.112047458010167,-3.823562827545686,14.751571274045379,9.384128913430885,-1.1050249271992243,-2.0989902784942807,0.691495658494901,-2.567051856131002,0.3025792028505663,1.6491709078276813,2.3211281964752857,S
-6.595481403886367,-1.2642624496162276,-4.463307707773197,-0.8598223433689682,-18.494082631659694,1.823734173943535,1.796112228670827,0.5863962073690061,-0.9628319058650163,0.3321237154310168,-0.510545494666701,-1.489301610885775,-20.545628053967647,8.147386067800525,-2.3476844184145307,16.313742695700554,10.971010290361903,1.3548345151880312,-0.7173611528215069,-0.20606123676544996,0.8386837086403034,0.042488123760044516,-0.8336368074027263,1.668054178782313,S
-6.482403903599106,0.2885429998771113,-3.2870360775766585,3.340990501300162,-18.174669254079106,-1.6770485121777483,-1.2854715683978082,-2.3863209258898053,0.13744266948492623,1.1552902303843453,0.7742962447634341,0.5257543812751919,-23.085723042346103,7.502183265375464,-2.5818074067399834,15.371118261829242,9.961596777454474,-2.62161980621147,0.40825002899864415,0.15149509509345194,-2.752993774965887,-2.192308785209761,-0.9897439616620574,-2.472219772407243,S
-6.568603620020383,-1.8705068814905632,-5.252819244246268,3.5766470082830324,-17.295578572959926,-2.2760295288633188,0.37280913398924653,-0.019582199994516714,1.8566308521948827,0.33931875921061305,1.1572363110017818,0.7925037538007018,-21.482689926493094,9.277070108681386,-2.818551040303703,18.995281395787067,8.862457773614523,-3.664526582052929,0.006032552382560397,-2.0607687181842635,-1.8274705573028882,-0.5872398845274844,0.07097784396223972,-2.4553517265485993,S
-3.6541252938529283,1.5752851486918158,-4.069095911914474,3.8219406937128113,-17.00643404833818,1.5495466595823473,1.5552977521667808,-2.7421138940874528,-1.290672636696172,-0.4203199934462205,2.078009736902345,0.25069362229618264,-21.688209313578596,9.262952773702764,-0.8069864800219193,13.981751895300416,8.073363071355601,-0.9225926403196354,0.9098333872799849,1.1666093468300573,-1.5438690743418988,0.7255655018388723,0.05224614760469137,-0.9164106340359126,S
-6.406114832813785,-0.7169321859950992,-2.1228020439316424,2.8904476888664377,-19.024028799204245,-2.165864137398785,2.5676958548710047,0.9728651827295778,0.7072964944284195,1.330674776034229,1.2088228522250688,-1.7893410213690117,-22.585359855548717,5.992002290613627,-4.426915949894351,16.17188746273682,10.219104971631339,-2.9017322047992593,0.958973559694634,1.6189170902305534,-0.9085258800103588,-0.12420856106435707,-0.6510569452482997,1.5539510807371357,S
-5.256882715838344,1.381167427599168,-0.5766336708582003,4.848185569245288,-16.16046013161548,-2.5541679510741346,-0.49881996259861605,-1.0823394038000345,1.467462742042244,2.451807891638687,-0.4924914197277417,-2.000676879330001,-21.21757775989417,8.376120849747593,-3.0964634943478586,16.966412598001497,9.411415232386787,1.4722289271294926,2.9195622565498702,-1.1725759415431014,-2.4941264162360426,0.9438460765856789,-0.7606040657698117,0.6615170926061751,S
-7.674659025581036,0.09605430730435605,-0.9230915880846169,4.087054092752375,-16.767794347979304,-1.3594962925970435,2.1928995232409676,-0.6283987973591536,1.905030571156999,0.7477788360044357,1.6973730159429294,0.2923027244331138,-21.931330623851522,9.029875796080844,-3.5303154423911565,17.034421384198662,9.893589666444512,-3.9257914624791965,1.5730914988108218,2.015975023088558,-3.2678702243436533,1.5513118534002714,0.2367258463727211,-0.7017887647803605,S
-5.260686504105479,-0.4428598181252055,-4.60763146585964,3.7821679626740305,-18.72199522379242,-4.937810667287749,2.2071529885395833,-1.4264585698333292,-0.39473172314620797,1.6118056987918905,-0.37737574567862,-0.4623851622149573,-19.441330101876645,9.673314316555519,-1.5290454968753693,15.126232122429915,8.878066189175001,-2.8660360836524887,1.444403741206564,0.3294593530716554,-0.418620432028888,1.6958820650956028,-1.0243601402868165,-0.5670943934921979,S
-6.48498360557079,-1.9754390303463005,-3.2692927157712575,3.926873269888006,-18.7935350827874,2.028721270945823,0.04565972598538259,-2.024152007090322,-1.4096010471528757,-3.2042121149122735,1.5061052411797675,-1.1018760682528637,-21.303503135716085,11.577702868569645,-3.406134998165669,17.321797320232164,10.96815790485391,-0.8165916416628534,2.707525975292139,0.45896063370524587,-1.5259107086037602,2.336878316266592,-0.3091111969407052,-3.990580997794382,S
-3.1947505410315102,-6.077848116021381,-2.549452895772504,1.0013585410138717,-1.2688530356294905,1.3179246179922757,-0.9494823781235695,-0.31525632860029873,3.0339324586623206,-2.6368425288825392,0.42831195648301446,-4.348058560608138,42.17844068432282,-49.04394266040528,8.133685169065132,2.7013192341661707,0.6613494055564502,2.0215081698738686,0.9528730028938206,0.9639370918102941,-2.272413093117507,-0.02345410846686491,-0.050692591188038705,4.363539027149955,Shift
0.5610847513186172,-6.363866294441213,-5.50186585577319,2.2180563063814844,-2.0484404766380635,-2.803743111035942,-2.5489846297680585,0.34297879152572364,0.7950452483169101,-0.42783789628654745,1.19039327188176,0.40346350705311806,44.593501551011,-47.63665742686882,6.316597645203444,2.085300873285995,0.29958764096102186,3.5654948813328247,0.4028279221478961,-0.4829860803939283,-1.9472049107610019,1.5590799186327544,0.18129915166670685,-1.1334683169536106,Shift
-3.4323080411198816,-6.347440902827586,-5.431997697234237,1.572581624786153,-0.6619287214326732,1.3599710190722476,-1.367717654203397,1.6392243285025359,1.8361886328793275,-0.41073434724410873,0.46292368175079446,1.0865397286399912,44.4919657159175,-47.84109179473482,10.348255641747926,1.5450301119428502,-0.24394049210334856,3.518626564820522,1.176176047761011,-0.10859619720582714,-3.017693528947234,0.5024283363032325,-0.7759871962878293,1.5834968880362226,Shift
-0.41479897422317435,-5.605178602828187,-0.6082028515841102,1.2032131259969105,-5.3485818517352754,-2.5755417756640213,-1.8576272487802221,0.07691901960387781,1.7301956985962192,-2.1067519172218923,0.7097150967280186,0.48274182294676393,44.91060662593236,-52.081544619840955,10.651360177019058,1.0161614945355097,-0.5328119879673352,-0.057061143969463046,1.0018776603457447,1.7048419697620716,-1.0437963044173557,1.491478107987561,-1.0093340162733284,2.910661316194762,Shift
-0.30470599641455465,-5.170110606378047,-2.6451583958962033,2.7725819423899054,-2.648172612393523,-0.5744963069582241,0.5725085735698769,-0.140551451532275,2.142799624068175,-1.0005525646640407,1.357905929081852,1.3388367494615068,43.45445320509137,-49.39851255078574,6.7368759820865876,2.4000978768464805,3.0990905772767974,0.2506410232480789,-2.4830095033257074,2.412082741577862,-3.8805673899925637,0.3163199861967385,-0.4848111054432138,2.738301625248141,Shift
-0.40081580611746404,-6.988164927988607,-0.7339168524413822,4.050364054615059,-3.4141948380280382,-2.6673006210666586,0.493096882655081,0.06904101037736154,-0.7898869943742852,0.37415370709872775,1.5712959652720997,0.2505974507748192,45.27277848601881,-48.72792448162945,11.695578159246509,3.722677037165681,0.8418957889610681,1.085698098023613,-1.7080317321362877,-0.21013462836479846,-0.5076740142678773,0.3224281450505302,1.5801659276627191,-0.9348339854790879,Shift
-1.2542622487344488,-4.761377491117087,-4.576127689412942,1.386336242468559,-2.312745018316491,-1.2884497722084802,-0.49133765882495695,1.7053321828710182,-0.9315861855065464,-0.885439514298163,1.0785349971716585,0.4593043229468208,41.750018448635444,-48.061408592742154,12.251845337466989,0.2933106259306655,0.541215523146036,0.9391937554137257,-0.7341853431943051,0.6813123784821897,-0.9590478576378132,0.06600266897631002,-4.361734817573819,-2.589634055296699,Shift
0.532715431178417,-8.250336893340627,-3.360863818690291,3.59004658618764,-0.9149595726328243,-3.076848728921675,0.2069429609408857,-0.5494206054137862,-0.7535316383046506,0.12980875586609386,0.08704096425577745,1.4761468224165242,42.24020098517917,-46.239960619620255,9.460193565956104,0.7644870426643493,1.1456961940577344,0.12099301658452077,2.072375563263396,0.1884166911545293,0.6957551672755358,-0.5250382607575901,0.529487608896801,0.4696415209193674,Shift
0.0042510370448667345,-7.920472590779869,-1.0173102358990604,2.868146429898971,-2.392838526385276,-3.06260878508499,-2.4709303841493844,1.6325746863177244,-1.0312292265045357,-1.115801615028822,2.5562746609646183,0.24753039274673938,43.73911500128142,-50.13996057689912,7.268172020822078,0.3619971466063916,-0.49358045372579795,-0.09648471801142477,0.6414707208694175,-1.229999873234533,-0.5468818110809934,-0.9087936572596433,0.6588559171237875,-1.8875120203348388,Shift
-0.3273742739306158,-6.114092465641303,-2.1162700974127233,5.014301864071598,-3.6203945461639933,-2.4384430058676685,-1.9294370418382476,1.5360533035758976,-0.6462176933456476,-0.41684219885079443,1.5683132793716936,-3.6768072791460327,43.92020063443417,-46.634983218594556,4.787726414469603,2.082587152886667,0.7851553259113473,-0.17532769582004448,-0.1602489878106148,-1.5165605877490833,-4.410778356215019,-1.2269847091743245,-0.7484308727142377,-0.785474412736221,Shift
0.7323954523004943,-8.953640056829155,-2.0895446528779758,1.3678750512998192,-2.861971915543222,-1.6747736993154376,-1.6601158944352186,-0.5597381566943795,1.4917011293442215,0.8310773066871135,-0.2900628844389246,-2.432642019141724,42.6384793380806,-48.59054875272882,8.894937262488156,1.3429032300715633,-2.1009578780090408,2.026538129574078,-1.6807464384881428,-0.17185547731135387,-0.13558862249396952,-0.6860331158529505,-2.0378881058497456,-1.672670645458652,Shift
1.5050710623206385,-8.832554093623102,-3.2653817735209714,0.2960182513758127,-2.507677194725261,-1.072946152078032,0.8031422039340672,0.3816698470307358,3.645613952361032,-2.9749881275573316,-1.0031337702827443,-1.6904425054345324,42.76608157610997,-47.33801493975284,12.56896710729876,1.1278802359049749,0.8558763610013216,1.4718068831091955,-0.2835065229942053,0.02280449887112468,-0.07229651873086596,1.264644726507342,-1.3029554834148769,1.195418766350258,Shift
0.19443458163533478,-9.15983918666521,1.2055902651968609,4.246382936434429,-1.819707030698055,-1.461903345720259,0.2761738262942579,3.274833854295281,3.636192140329456,-0.1680194213313868,0.40414893903744087,-0.11579518369035213,43.82979439437656,-47.340865652231265,6.766000108262006,-0.21723337337447646,1.7497680675111553,4.4482931305904,-1.7727829990300457,-0.8028049551155476,-1.1671023440808312,0.6460479150833223,0.3925198506490375,3.088933877660793,Shift
-1.3731710506115746,-6.958164945648843,-1.5634977204330767,3.319368469031062,-1.4731545504060932,-2.8460100672099315,1.0464000897547932,-1.1445301980413944,3.790370701026575,0.4877724559664003,0.3255528636256315,0.1389005187718908,43.26305082157185,-45.85308262844881,8.882239740570753,0.5789205711674938,0.6358319738053524,2.710277590652993,1.0298413590651627,0.5978284296235756,-0.5552013447613149,0.7319762977842501,0.9375441045287829,-0.4085711377167627,Shift
1.5109085364704242,-7.059703477946918,-3.4342392892962152,1.1743010935372524,-1.0205708024387263,-3.4103892595794605,1.399069800781466,0.04148264309267802,0.37148689318399875,1.0027939708589955,0.920253341191227,0.3244053596054073,39.61187546673938,-47.4424037951303,7.838467894956011,1.5019980552293148,0.6310806630684453,-1.8174169595979492,0.39305422414377134,-1.5578281070483513,-2.42046524310166,-1.3911009049220837,-1.1479330840648885,1.3734694746895002,Shift
-1.1047890428918663,-6.374590319354104,-3.2244302768615967,2.3542116307736762,-1.756720268422555,-2.7205192727475946,-2.9237810618899083,-0.17625288908971015,2.5094169010495193,-2.4788333424010744,-0.22598621654972817,-0.12937412507005774,39.248476813821185,-46.44086560260567,8.780180701623124,0.7123600158000443,0.4510829884802945,2.8088293451513664,1.0878053819475504,0.14701361028764381,-1.4349489409152056,0.6330168574407296,-0.8687032441703195,-3.0944385439491953,Shift
-1.1820392240641127,-5.658391147325511,-4.358215997617833,0.8220374418231842,-0.014007009929514425,0.28772839963113483,0.9808343928701886,2.729134720055555,1.003098491962703,-1.2902362907029143,-0.29820642421285015,-0.6705350468831739,43.13680682290192,-46.51986997706229,7.651214162145266,3.1909575100721455,-1.707020395132048,-1.1218657872810809,0.9451359648553854,0.35321177183141117,-1.1040273708148334,0.835007518371377,-1.1167104256054756,-0.07787026079904535,Shift
0.19768618125357307,-6.091422902984347,-3.6079091371557865,0.3455683276835657,-1.2398069571245287,1.0792034453660904,-2.9665413549205377,0.18062506876785278,2.6274546124907943,0.6513475826488744,1.0090355765913444,-1.507133908370406,43.94409152069778,-45.6710465613147,11.963851864086053,2.1869758032888953,-1.5271560450763388,0.5981948667506458,1.4536424773894119,0.9304073803933335,-0.1487300992243945,1.2248714051398437,1.4282660289092632,0.514320691415719,Shift
-1.9305443322371616,-5.355540515272892,-2.9292168416153004,1.6583727405253796,-0.9021977014330105,-4.207780213782712,-0.6940074182365779,-1.3603720523612708,3.5023852920192553,-2.190915579541155,1.8638332989029607,-2.793778891446266,44.097077479297724,-47.74919137184887,12.890688442317071,-0.43347693085136996,1.7667378846597614,4.981358802209172,0.25391353320646814,-0.4434837268120191,0.9931587151580743,2.323197008504131,-2.007615704014171,-0.06013938220206683,Shift
-0.14682794576140168,-7.6402917540850535,-2.700570667663442,1.5076953331441558,-4.915679870329768,0.8919571693392072,-1.11074933484129,0.7219873927877529,0.31389447877683097,-2.4086531623390712,0.33491874977875113,-0.5058441057155392,44.21613070802988,-47.53688369473092,9.35047489107626,2.7264323787775098,0.5067379233245788,0.8373538078210458,-0.28635778221714503,1.4166518513262503,2.6418244479776263,-1.8299707264619158,-0.007796703631925084,0.7153681485972356,Shift
0.828235809740022,-5.830382036177852,-7.2646304887447855,2.7091865690756975,-2.9022892265496694,-3.365274088172896,-2.3171293767491123,1.7225716870335361,-0.40509825334453353,-0.1031323149667287,0.4437895469144735,-0.3805718502538866,41.11405008583583,-47.187336277060034,8.258734080043325,0.8835365913356057,0.6097684845386766,5.08187809815621,-0.08341627951226371,0.22764733472467924,-2.6907185583324917,2.989033819138278,-1.271598188581379,1.3581445411929849,Shift
-1.3840336789787102,-6.720336805411627,-2.9793578024467138,1.8091856197166436,-0.7072717666284802,-2.022115273039219,-1.0388036631512936,1.7324802613406973,1.780569863436483,-1.0957109508945067,1.563289685555418,-2.481922052857442,43.965949287241926,-46.90566191011335,9.386828617700644,2.4991926198415158,-0.29200036123955897,4.921129392874832,-0.5024659628198975,-0.8157018976684753,-0.8591858081380792,-1.0332736605130108,0.2594885078535043,0.9065541472980954,Shift
-1.8132592312226166,-7.95264459987252,-2.795399940455752,2.5028528390598694,-1.2384490215599158,-0.25452742660257854,-2.641156641784303,1.2818011278521055,1.3944611335863328,-2.596118899107985,-0.44480970729668456,-0.869395456995278,40.683867883466434,-47.26240398448428,10.481633697372274,3.297925534485657,-0.046293466421076346,1.0283170143927123,-0.14626685882151236,-0.3955650739711416,-0.26830923834700116,-0.7369386732005907,-0.1519591328201102,1.4952337552590507,Shift
-0.3489600888079849,-6.319477211201384,-0.7562491742297652,2.7386444553702347,-1.995506756951272,-1.7437594717719094,0.4567167601812061,-2.0855273605970694,0.21250039161975565,-0.24783844035558644,3.7027936133472394,-0.7649209172169549,41.521826820891306,-48.283761399109636,9.854402047688666,0.5061611379217226,2.1341994352731035,-1.1361015332245756,-0.24061099705757982,-1.1936194817036778,-3.8527537797602918,1.0503010332617464,-1.6831829443192419,-0.7760534292361854,Shift
-1.4677844218953169,-5.212735021181262,-4.696138686788117,1.0419478071393087,-2.9529283557741337,-2.5871408304752777,-2.8305231831354325,-1.141139377507983,-0.1403247904362388,0.33953833974441494,2.5065916847467804,1.8821756321149792,41.291603799535096,-44.12068421383698,11.037465123241873,3.2688764957065146,-0.4669786813311134,0.8899125893715336,-0.5586655760199477,2.0374205545970767,-3.8183690030882644,0.24980372447024735,-1.2255800282748908,-3.4437543426093384,Shift
0.4902254343158461,-8.943730781560618,-1.9820143783356912,0.4168346815151551,-2.5682229373987866,-2.027373631265391,0.8049067633562093,0.7813020895010538,5.350558159047694,-1.9967975009554948,0.06654513784528149,2.877340184000957,43.72540363294502,-48.41597873599732,4.7643047118041295,2.9952109769242554,-1.3748506422774653,-1.3288198457599947,1.2333255620067867,-1.1757005264488072,-1.552770819892146,-0.8396984323354175,-3.9244956738224914,1.024159171955148,Shift
1.0144803911438203,-6.332644620105724,-1.1110367884566585,3.0286006129337295,-2.1058664942956966,-3.174741994175406,-0.7918805610702009,-0.43634110284202166,2.7008229853432226,-0.9598285068148584,0.5170889030902401,-3.0191375351290617,42.9603351990022,-45.2976074327324,11.78909072972698,-0.41420103426978017,2.132300813839123,2.211821973430176,-0.05368834199513728,1.0269222729714755,-1.3977107016441437,-1.2894274403843369,0.8759142697711013,-2.002048136576718,Shift
-2.7926731363015733,-5.4599295984425975,-2.0757511218312743,2.2909514013091012,-3.0642307134434077,-2.078182581836302,0.41477105362384137,2.05230072408105,4.942112163837635,-2.1288798402811366,-2.390330955816381,0.5473517889659547,42.004813215851215,-48.26529973671359,9.702629017826155,1.8191019633020815,-0.3587835378515365,5.171672191499681,-0.0565387096836254,-0.27284949420896965,-2.3998806257285423,-1.1615541517162171,0.8032892208877485,0.4753320964284171,Shift
-0.33430379406723887,-6.3978029838374635,-2.187008048354812,2.2081479702771674,-1.6655027302880399,-0.19517758634350457,-1.7077629615440628,-0.5012280745703208,-2.4843254764603557,-0.7165718490116362,1.2508002217147407,-1.3698154120114623,42.602101584041804,-46.18036798251072,8.28501443743869,0.5320883838083432,1.6747010393101505,2.900807033349622,1.4919229575455297,-0.2302259587765434,-2.0902009746839667,-0.11616901711849437,0.2016594234139859,-2.9755218986401815,Shift
-0.11005046668464047,-4.576626401505342,-4.581815751709655,0.4718111836704395,-4.212248838399262,-4.580524398596026,1.466128648066432,-0.0782428008897682,2.0284790364956393,0.5586330054098525,1.329124911623012,-0.8332507964943261,42.279160056826186,-47.43615985204103,12.1870185723634,1.8960704333965097,0.297551331395141,4.407563487057814,1.6172171863539049,0.6279642480359939,-3.070248140222361,0.7669991576596757,-1.7674799587887122,0.9834248886460273,Shift
-0.0013567985434974617,0.055425375431913504,-0.4399562800475678,0.6992867591131997,-1.471756422224587,-2.926947021483784,1.2224145279977279,-4.893929634474233,-1.2039196948568929,1.3181022218731044,-0.6068829240758475,1.4351949761168612,-2.7083079389341833,1.8821754630249359,-1.776813106739212,-3.742550224131655,-3.4682092978359265,1.2534467856295919,6.140321016889956,-20.005195395215026,-3.6834453832008194,0.5145751928960323,0.3847623919320142,-0.34362361800873487,Space
-1.8065106513256524,-1.302719485973887,2.720270809398528,-0.5237903987143397,-0.805235144430128,1.5037383895120797,1.3877539249254198,-4.554157317701254,-1.0002518686143276,-1.7041602339937967,1.8318020831489719,-1.0016689878431748,-0.9336863292851945,-0.7154717697902342,-2.783345442667894,-2.1792927460822114,-2.7110157799351953,-1.2381627583908426,6.721181208338738,-17.78343117678537,-2.8496976091888655,0.8543485660467525,-1.3779069184867296,1.7316662023214349,Space
-0.7490498629612716,-0.09267420997824405,-1.823191027334417,-1.5360506562108895,-2.0712128503036524,-1.1810444413261507,2.7606950722086188,-6.399497283521555,0.638566214583534,-1.115427430856208,-1.6481947352899908,-1.8334473147838821,2.215497567155012,0.041451035788782065,-3.0411216806044195,-3.6522784098630154,-3.3406091518486676,-1.4037347599905274,6.918556449786639,-20.21614530247473,0.8232305648602392,1.2575159454346547,0.543585783255196,3.0102153828485143,Space
0.005022120963019461,1.5508100180620636,-2.2918616816313033,0.6099679287180209,0.4775666675131447,0.9949805074154483,0.7941339361948252,-5.6074102843964795,-2.8328750215413834,-0.26497497669056713,0.7892721924930015,-2.761812202280396,1.732917194072769,-1.8386385436596697,0.10400995096199495,-2.7464415433029785,-5.086307057100015,-1.1514369382551308,3.3163849100657075,-21.50248078759651,-4.52968130921181,0.24091010909282318,-0.05519353433309959,0.5359036439927536,Space
-2.17601792914661,-2.707561257493457,-2.298426357907431,-1.1765955372116679,-0.17143219021807,0.5501856186816667,1.1835910511998735,-3.171441217345091,-0.5114251686885609,1.1416312538941824,-1.6465675684038672,-0.8437705415054779,1.2897037925199868,-0.8319431285598426,-3.757921483082555,-7.688704329201634,-3.008297547491253,-0.012619352176216125,7.746340124138953,-20.35935780645167,-2.0356525359687794,-1.7449277358248594,-1.372205206132989,3.195491521361305,Space
1.2381478611178238,1.1145203867935032,-1.624559927132907,-2.779354802679819,0.005168422232429748,-2.179700646033041,1.2252652274764122,-6.536193110815816,1.2946940061824534,0.12312513905528988,-3.3153006801694573,-0.30961322435689453,1.202694048436797,1.6336231596244204,0.8116042709916087,-3.586034085994463,-4.509793122856678,1.7021877767301135,6.0636244587618435,-21.42904227954982,-4.092331052477562,0.5772896513788695,-1.520306826354016,-1.05253392228974,Space
0.5188256910501536,1.7495430211961676,-0.8466500139188042,-2.247363546587337,-0.5127001859229381,1.1036123146305385,2.073002811331576,-3.5390399451625,-2.8407575876913143,1.0388722887687436,-1.0970607379898922,-1.2068763913799785,0.2779845868276709,-0.5563774693691101,-5.877885281778163,-5.038658297370539,-3.966806435148982,1.9422152950240275,4.914936674920739,-20.323521946557463,-4.12889472899235,0.753081796568523,-1.8080875880727802,2.209095594864209,Space
0.32864515679091255,1.2123937273743022,-7.0186310383373325,-3.9504406781780403,-0.3655505829552226,0.4417802767522403,1.4575276428445063,-2.2041071501169256,0.6219138907183037,0.7424011081334001,-0.4002785059038274,-0.25837139367780537,0.16789397033389264,1.4693696106096041,-2.2161334181345183,-2.5083419229499455,-2.569972164378271,-1.957376901755481,3.7601404474181237,-19.15936029204626,-2.9125469733185128,0.5087379017136016,0.25512396171204443,-1.466238993786476,Space
0.5714973876396812,1.432846172769155,-3.305853066008069,-4.484196299074043,-0.7583933685445459,-0.6891593553355619,4.0228671593590875,-3.964471913886001,-3.2229220103263287,-0.7523052968848631,-0.21443886928670963,-0.13550563567088147,1.553460246780645,-0.12863945918700637,-1.1660039186559175,-1.4645860041277885,-4.005087719671167,-3.6189672846034,3.508194406362726,-20.308860114464352,-5.9875873780396205,2.554846910502661,0.6643987784408694,-0.39968490614330676,Space
0.19235685653995915,-0.5504118080306399,-0.6282982614089292,-2.443381893313429,-2.180074215988725,2.648033121377125,-1.573965663315485,-5.455649654889271,-1.0985724351973545,-0.24773405021556272,2.099496409696428,-0.5354110449875407,1.0256780378934707,-1.8547935828989282,-1.0426991494074969,-3.941691116333068,-3.3092506763577205,-0.950180829215924,7.343172397803471,-19.440217830468043,-5.248451442528108,-1.886376206410894,0.5382917912687617,1.8667927356571,Space
-0.16058820021999054,-0.6478778688600176,1.204334861514269,-1.031618109172399,-1.0431972164659555,-4.838193453274698,-0.47224614132474896,-4.3620744336161295,-1.1780790943814168,1.2519947230827526,-1.1039867506763699,-2.049826029919359,-0.7747320299798446,-0.6691812642644734,-0.7509932747875041,-3.1173010018465845,-5.659023762284193,-0.8792203347041436,7.485163282092412,-19.429222139936726,-4.611798892197555,-0.29569663725280293,-1.1483590743810055,2.0422117792887207,Space
0.9951627338112132,1.4821222690182139,-2.9718729993720103,-2.166867610396423,-1.6950553917523052,0.3964453787831417,-0.09663527748594802,-5.55556130581013,0.21675943034637157,-0.37750848043442176,-0.8519034633725369,-2.441622324947275,2.1840031641616804,-0.33415984396258125,-1.2413375130687427,-5.795989531020844,-4.312414693288503,-0.6974435543555728,5.428194689789567,-20.67985667081112,-4.020929806807999,-0.07171484727118127,-0.3374091533124357,2.5886319154771513,Space
-0.060949039511399405,-1.0419502162000223,-1.4559245130438399,-2.824150903140918,2.4469827240123436,-4.1562184329479805,1.8297448481057232,-6.630536380819876,-5.653866199337642,-0.3042055822863503,-1.1793270009591765,-1.8614817286696734,0.5965792233563718,1.1278314411285066,0.11627091961469205,-3.719745083562991,-3.1755398134255586,0.14243502158649335,4.328919124965807,-19.89334098698538,-6.428444394486519,1.0711369416941068,0.22077952762117548,3.1153346306302865,Space
-1.0835317711467383,0.13592308970220723,-4.693021128658302,-1.167769605058453,-0.5994432671323011,-3.401527480733307,-0.7869067840759527,-5.3606258981284896,-2.3580754709368534,0.6662463699272578,0.547912174552522,-0.838502848490748,1.9286643279060343,0.09289887392907303,1.9425468857929786,-2.288161478793519,-4.1394769635090825,0.8883662965529311,4.346701384600522,-20.70008432918216,-0.2350017520674328,0.6983753611707897,1.7224097048385545,1.1528394084954243,Space
-0.2583273171821361,1.7958325918999325,-2.388662362352761,-1.5623859486991023,0.18598813818971394,-4.306019226349804,0.47933762062298424,-4.641304722298628,-1.2961212522752135,0.8565645267263093,2.4377801867176174,0.26571227806459774,0.2067163204691269,1.703804703311235,-0.3548119213867267,-1.6558531574922952,-2.869568117167404,-5.435829613594535,4.194937523820336,-20.136868450320094,-1.0744425871830572,1.2533076611687974,0.3596489107297316,1.7956197780425782,Space
0.6433028462263337,-1.8119050410522144,-2.5031964901189667,-3.5370930973244157,0.16657224739680032,-0.36042726266379077,1.7757178116395105,-3.838774124629083,-1.4347497950760157,0.2256123492901949,-0.3144880978686615,2.102283190421531,0.10993121614043844,3.261360662330972,-1.2930269164818355,-4.289472602326484,-2.4449507813602906,-1.465930937477367,5.835977438603116,-19.673566335134325,-3.0108831162943375,0.015978021060796266,-2.186821103057042,-0.8685751765317491,Space
0.525880609434239,-0.04421262347158578,2.527557026168836,-1.9495367537279549,-2.973920960854059,-0.13946204552223662,1.1886135895554455,-4.271531568708724,-2.6705905778284773,-1.297598947792494,-1.9867488069149033,2.050156460447681,-0.07522934222353683,-3.0595446726940807,-5.049827448067674,-2.504541623145805,-3.2025524200851976,-4.523016649616864,3.1477877085414327,-20.799586015796194,-1.557133983490644,0.12593267898222393,-0.5244667174739135,-1.3512660757205026,Space
0.3929917740623523,-1.2662037181892059,-4.839759779985741,-0.8704870020664686,-1.243016624209531,-0.9981678682208894,2.5673919248052552,-3.4068256311203413,-2.0249632082282574,-1.5982783263883178,0.7159673403913871,1.0149271063487504,-0.8897082897896667,-1.0612189933810612,-0.6449895972122022,-3.8496535529227955,-3.1041386091825984,-1.0038332447720677,4.848557119171058,-20.6387245542776,-0.9662629648608458,1.3613624755722071,-1.918178860487302,3.0242307946397204,Space
-1.2724858854134027,1.5494524928255964,-3.8130689404512736,-3.4375894291391376,-0.7137416500596601,-3.2280785746158926,0.34671307923136796,-4.129947750592407,-0.5193096404610174,1.8709977462562293,0.6715803239223987,1.2015143960122145,1.5093407631435696,-0.37406845762495067,-0.05959321115625471,-3.2610571260754995,-4.274274210795909,-2.984071497299624,4.457607058633023,-18.642028779457007,-5.356857999637157,0.9514079384783045,-2.0159153261485585,4.585517934946608,Space
2.521498948040744,-1.5689186635853551,1.7610359416984238,-1.4410291054152822,0.4607411805575339,1.7365294029276583,-2.48170328078659,-1.8078659491218048,-1.4222618640187648,0.4717215652121425,0.8404499638757557,1.5722877528684194,0.7750894076660018,2.504301632359116,0.6182282701255986,-5.2504237282179815,-3.9289350320805454,-0.11730580270295832,5.9718599862492,-21.509404155886514,-2.506291781187599,2.0523120597046187,-0.8960060172101265,1.2730714028481316,Space
-0.8860142311341974,2.4240679701814987,-1.6560892251126234,-1.515417645691869,1.7363532720362969,0.46083205555419227,-0.13355835042818898,-3.303656318492216,-3.4977741174477615,0.6690966323231962,-0.6045773141440804,-6.268505825680791,1.6073499261499933,-0.10379858212009907,-0.08258694966730218,-4.70553691391067,-4.525809562579354,-1.587481456911462,4.633262629030028,-21.064019407936854,0.1344561728918734,1.6137151150251228,0.4675682636797518,1.2362688054570299,Space
0.6651592733111329,0.49280091980086727,-2.224414740790621,-0.26885676270921977,-1.6112955487976706,-0.4261289294482822,1.3395638838839377,-4.932889548461617,-3.321916283516373,1.7776032000926634,1.087778474419082,-1.6606555170251909,2.957759455477799,0.2745278753221072,-1.5604312708017574,-3.7930477814826062,-6.250471183396954,-1.4258566347695592,3.348285245179099,-21.100534173473463,-7.680715565124274,0.694846175871362,-3.7882235445737678,0.5245082146146274,Space
0.9997728213483015,1.916375564964122,-4.901519542296569,-2.341435686551719,0.8599691272575569,-2.4063688390389757,-0.1282642474044957,-4.733344067051689,-3.2224790773689165,-0.899048239315178,-1.5842591248942313,-3.9961126896779433,0.5785287801472521,0.7613151655931603,-1.9318599684827404,-5.651825638093634,-3.89309666587846,1.7895709814016527,5.462267522613452,-21.708952281692945,-1.454854997038865,-1.2247462542779104,-1.7514814783155543,-1.385650962863508,Space
1.2914947280534648,-0.32344347812848945,1.6248194475136302,-0.26695688121685635,-0.4710281982426636,-1.4342139610871527,0.9427764663825888,-6.228458409926759,0.5362887194884252,-0.13900153844488727,-0.4703205732115521,-0.05535551128059524,-1.4514257831835096,-0.008910148724098121,0.1881005160867062,-3.5751749374597424,-3.4576216659889383,-1.2624738896568033,5.964122387225871,-21.16053511523765,-0.5532173492287598,0.951136180135542,-2.1065939459475658,1.95242000583346,Space
2.2977847323176093,0.934927594717278,-3.146199872737043,-1.046685445310942,0.5158542419705441,-0.43510789137559414,-0.5023819340073636,-4.150988032690805,-1.5359323581328113,2.4093700000884795,0.06397459777531367,-1.3667443400242973,0.4592078804945743,-0.09972542099060178,-2.082749341847716,-5.190016146629723,-4.372551024009567,0.24624781322961553,4.626882459821797,-19.614245431339,-4.705972050869093,0.7279685708301429,0.04960475414169707,-0.07928773022058522,Space
0.3704566553724362,0.5112625468117135,-3.2528521247962203,-3.0843776335566417,-1.5689459604121225,-1.4066153271699022,2.4870300388670854,-1.6608506096889926,-1.056746506358195,0.08538699147504047,0.20176042734524913,-1.4598204953286427,0.5424190974858902,0.12737900422393977,-1.3885058132314043,-3.4128223159583513,-3.7065779855303447,0.7556462882897108,4.930819810824218,-21.89560233952446,-2.90159627204946,0.37923598587251206,-1.4197162490774389,-0.20675100970311178,Space
2.168822404541743,0.0909909589004756,-1.5279736979898075,1.0591526605941723,-1.5174923570732517,-2.8183200749870707,0.3758985781248989,-4.742710036057986,0.664401236280014,0.651857856577962,0.9696782364648584,-0.44342396676535145,0.807801765821381,-0.3861507154783226,-0.964076809546043,-3.551690587453777,-1.732958871418333,-0.5126037757833615,4.340593173963505,-20.491438761439213,-0.12462351085207501,-1.3254710053318064,-1.3470939067304215,2.8520957462092724,Space
0.8135323135579142,-2.101724059493844,0.4859932447067763,-0.1024316256424953,-1.6676346987906072,-1.4399080440464331,1.5670750542151088,-7.430898311011134,-0.1993422790798718,0.34506997390685257,-2.047562869525393,-1.0730606501646207,2.1716498556695853,0.9624915560900149,-4.350773023488387,-4.513319749029591,-2.828572010989461,-0.5126080565296434,2.1486925616372616,-19.816643022079774,-1.4907720599277354,1.6604115216010058,-1.0735622510261464,0.14256694313905882,Space
-1.2860596346621946,1.1547013629901546,-1.7912123062336036,1.1361204954810944,1.6012828579030725,0.012530904226764505,0.039518650809034384,-2.5472799536245816,-2.219448088080128,0.12366786863585588,-1.3966580716649446,-3.9654531564836475,0.45920814286287737,-0.15836798185452494,-1.80331169934027,-7.139065662159723,-4.732009567605786,-1.8586067463451172,5.815208279639947,-18.32112392774205,-4.488942303272893,-0.7534338755196899,-0.12700190658900112,2.1000264058529865,Space
1.2164212649242359,1.079090508644946,0.0532453149309049,-0.5942417433381593,-1.264189471353177,-0.4105834960930679,2.7863512198536897,-2.7833406286457887,0.9085901370506235,0.1899123374974252,0.04945216611255887,-1.0384570306970318,-0.37808016733046657,-0.22216780628869515,-0.09112891644650745,-5.607573102649056,-3.475130304811074,1.1345208331496792,4.728013434707904,-21.388452871883572,-4.797739706323739,1.346836653834643,0.6121381646757555,1.4769585966228647,Space
1.198685454631402,0.6687610966468873,2.948034476854559,-4.370836889413795,-0.8798040799105706,-2.2661825442761483,11.749699960412018,-12.5046631964087,3.6538450144316243,-1.1888428675447855,-1.0480164841874853,0.4582774774203813,0.1276883995087701,1.237536939180913,-3.1249964378663435,-7.883823878672423,10.348344506449564,0.08680123141925833,5.874861127447822,6.949288945539166,0.3612287227584261,0.48503894353674326,0.49454331756190584,0.8013938032475494,T
-1.3718098608513287,0.19364798682739393,0.4402162047515503,-6.161063414077532,-4.206541372446338,-3.539268940230329,12.871645885300394,-11.325972074621205,-1.7439650386386347,2.709255845911464,-0.7538537235867011,0.8516148134816035,-1.996475529321458,0.596811845667311,-0.09243940175559828,-7.188393613271678,12.213640938461367,-2.5754104672250833,5.963639665526028,8.298879864999293,-1.9950372402824428,0.9906946792948474,1.333187353902403,0.9695918355403705,T
-0.6792309487463513,2.5364986900711655,-1.7463318953704174,-6.688030051045942,-1.6978159135503006,-2.8220230287572576,14.467211907318907,-11.81615240174753,-2.7500725864504147,-1.6206539111244425,-1.5595078437082748,1.4151105426777235,-0.6618126836581268,-1.619250991821211,1.193775490601638,-9.45278199543683,12.733818125453212,0.7687815819654702,5.572824816155819,5.6406888917950795,-3.1428421012217314,-0.6162726425929748,-1.3499798266379486,-0.9272072985888826,T
-0.6242524684720365,1.2995755246203489,-3.6619588009929203,-4.815949547608071,-2.1964039853475583,-0.3106999301818405,10.888930718768306,-13.579365891677043,3.33825412231306,0.1173096488159544,-1.0052563998540052,-0.6739730572586495,0.027100970651986245,0.7457265763779972,1.4546063033578776,-9.111923611912893,10.552233025874756,-3.0990535258983414,5.6708339653533635,6.3624529376139805,0.32575133393629585,0.8033648700283322,1.8816032499426996,-0.8365342989954456,T
-1.2435340543034954,0.1339194083526672,2.3678873627956136,-4.796809688999744,-1.5187568823356514,1.6128176611996423,12.871374391052063,-12.173030677208885,0.8939498070998866,1.005364216040796,-0.718966414922221,1.3897060259656655,0.2840701498313649,2.1721517265631576,-0.5873951636952484,-8.374004782318629,10.227936642470127,-1.770787951714908,8.830200571293293,7.3026342727870315,4.404926552889606,-0.6483089708008336,-0.42378378613489076,2.2262366584335496,T
0.4046990607762382,-0.3992932301419918,-3.6998442338619952,-6.6691621026778165,-2.146995197831643,0.9181350937240609,13.99752789854365,-12.274296839097303,2.0415248886273503,2.2550468884637453,1.0461481958446939,-0.7931155326457429,-2.0509081730219805,-0.8226897981392582,0.8816953903824469,-9.165135152031496,10.511916764341606,0.8990935185639728,7.870064908575767,6.2880662787944175,-1.1082807092445819,-0.4209337780291591,3.362325226796841,2.5943814990019405,T
0.490767164963529,1.7558199243189625,0.463209749938585,-1.6572638513212183,1.4293871517954244,-1.271909409466332,2.346260776076404,-0.09904413697972814,-4.153235919842643,-0.41848204344312734,-2.3977461343482958,3.061581108818814,-0.3419935051416303,-1.5192050152255732,2.574813414146888,1.1308370644754504,0.11820674098800055,2.441105452732188,2.312598475840346,1.9439023375362012,0.6170317023787675,-1.385957088073397,-0.09066008278674076,-1.1405190385493142,T
0.9023525766221496,1.2447339374975996,-0.8523526406952442,-7.832919751404759,-2.831021966028402,-1.283510922254436,12.725446697758416,-11.051900002320224,-0.8861196183190714,0.05975268174953641,-0.4978386537028143,2.93171547453926,2.812754311953995,-0.3471698738891362,2.6865065901403113,-8.958529518679903,12.928070864578444,0.3023047686965583,7.52608275058806,8.096753086694434,-1.1545026054549226,-1.558354711955431,1.3986156605165263,1.487539872252114,T
0.08868304912817848,-1.8413294713540411,1.0937192360723316,-7.1873086624491975,-2.7376270470256827,-3.5940137469946194,13.137166225369784,-12.341089088129593,-0.6082065843028204,2.1968121756990584,-2.081589507090314,-1.6522714689084523,-1.022629991350442,2.0180798393008885,-0.19756453211118696,-9.151017530519063,12.936893786400447,-2.6676160844479,5.873503975536018,7.245486123892192,0.17792355029126838,-0.2678115639664327,2.0806057670214813,-1.4223757445731167,T
2.639093917915318,0.511566452622957,-2.0881962956902953,-6.955995631912842,-0.5250978274802378,-1.1299955458138697,12.880605009075824,-11.422079343494062,1.7246245852743982,1.7903872140048307,1.1398124980665045,-3.0197364441188483,-1.401496375174844,1.9436910746303582,-1.64343242441538,-7.474275791530786,9.722145731792466,-1.0912229086754905,4.931150349785362,7.217929537950255,-1.16129076430326,1.1185679023708914,0.8617377703223497,-0.4574425131675639,T
0.08352796735761103,-0.18522083528549016,0.15134711162903614,-6.222421331690569,0.04857108137684918,-1.4994557354260678,13.625854221349476,-12.42158392306402,-2.4480665735209186,2.0674459733230393,2.8958293492931944,2.895360505117651,-2.3396391085114487,1.8602060072541704,3.035597856755089,-6.414909460041947,11.923544928227358,0.32289101551498334,6.410652904286174,8.548110939405845,1.8830938356155116,-0.6770877822944357,1.6416030800937307,1.472203118372363,T
-0.2242120499420821,0.25201901768019974,3.0816271773813355,-7.862104684890241,-2.6085272520595595,0.6292696737580172,11.250288197950075,-13.843121075522646,-0.0387946152258678,2.85952598861774,-0.4512722955076356,-0.6472574170136909,0.8022133747632836,-0.47205600603880526,-0.02060975004815191,-7.177669777745123,10.983636732282946,-1.46264892743784,9.526444720479784,6.693946843488376,-1.2887505915709312,0.5453108634431629,1.3221908831705633,1.7247187334299952,T
1.6011761446987407,0.18930405954322238,-1.2765637129697325,-6.960338428273033,-1.7037792692577227,-0.7677572789251599,12.829428859370948,-10.342487138429163,3.006016982227152,2.686043019497667,2.0300369997324026,1.4494986610936849,-1.4419476597301468,1.6473552380731036,-0.4518344798364069,-9.629253871348219,10.207027917370283,-2.4637162417584477,7.646353886151285,7.1339032116369765,-2.275801555097985,-1.279531070001461,1.9652236165181876,2.4485284650299945,T
-3.150090652397182,0.8260913788344578,-0.6460564086356726,-6.951923820599291,-3.3620674844460723,1.3119050889517325,13.697256592441017,-11.315656083741686,0.9184720205826125,0.7874905055120465,-0.7906423464125965,1.548918385225818,-1.7570156241717712,0.1701617422665791,1.1970599276862686,-9.158348895353534,10.39001682554246,-1.8759170866396175,7.7324172487216565,6.0693789088738725,0.3371375942321606,-1.4334675752112673,2.062553404380978,1.335765323415103,T
-0.4781905202740404,0.3972678482953266,2.9618291126100758,-5.343325278925249,-1.1499415940509152,1.108662962210758,12.603002995440404,-13.152579163426537,-0.4432937623907378,1.569662716343494,0.20764024580847718,-1.324639997524855,1.4703577044039662,0.3065859734721741,1.890865328828113,-7.102602331826141,10.145675557822926,-0.6569346006915566,6.393684414514123,6.390282545409235,-1.0016401947153781,3.156532632612084,2.4034120916998063,3.632248897501313,T
0.5977358746416712,1.0954126942632505,-0.13533156506247224,-8.130204322159145,-3.704683224777739,-2.2278646179470343,12.180016832814575,-12.719004179665774,4.324655738060017,0.29907460187688173,0.2467361908646808,1.9608682679057665,-1.3381045162152532,0.2946399227505694,0.5628187079110489,-8.938030882166622,10.113500778543738,-0.2596592818725867,6.186942743189267,8.608789834001158,-2.9457338695953013,-0.35930488572609676,-1.1369953980595682,2.13381310979986,T
-0.3985171605455662,-0.9846326695157456,0.12111695109280163,-6.114909857909723,-3.564999988953332,-4.032025089038939,13.483048196668625,-11.808142835522489,-2.9511081956309795,0.7383493233245915,-1.5816356839144134,-0.5178241933410845,1.5494984426366045,-0.2100656944722843,-0.026303998713672172,-9.805723934846874,11.10852483909946,0.48824265534460665,6.163729687203176,6.384445810033384,-0.35579105484163165,0.059744096781940925,0.3059935197788377,1.1386677246099453,T
1.0913091350568607,1.3572679490676385,2.275689616622344,-8.20052109600097,-1.46377773923615,0.5162649875836678,10.474496062254003,-13.142808056309548,2.4122991844860167,0.2883504004155739,0.8191773678876473,-2.1625471379200576,0.6735254290133241,-0.16418240529046813,-0.05039432632605667,-9.760113263609291,11.719111759790223,-1.9643867723278845,5.721874450787222,4.947839602233245,-2.320917306476588,-3.102200569601571,-1.1140528213706915,-1.1946109348481286,T
1.529637445647893,2.9878562178698247,0.7825186220751448,-6.974593844936024,-2.7446816339971747,-1.074584074960569,13.877392393592343,-13.435476546482079,-1.6033679325335584,2.335138031765446,-0.9558484270607721,-0.6122167195447901,-0.150454524390085,-1.3303815983560057,-0.06856777885013798,-11.475271755477543,10.186667376350215,0.5011608152092322,5.9087978739674405,6.795892076725522,0.1352274976364356,1.2693823454154227,0.6011061227376899,1.3591987359929476,T
-1.057286144964678,0.8252769032635887,-0.3506095208210809,-7.89604002463237,-1.1297115053206426,-0.9331114319670633,12.285220531261965,-13.377236731344027,-0.19669662424911394,1.1808846546709262,0.9360570684231675,-0.17464165458790148,-0.22823949504899588,-0.5430518512293503,-0.8239258646550525,-8.264729123249417,11.911329169778554,-1.8516049059004445,7.074046758625919,11.605802570464064,-2.579341207512414,1.298839558528094,1.3084808819111942,2.034609356220585,T
-0.4969300531590193,-1.0835919081474388,-1.3291305588937803,-8.42626878356947,-2.8990276409170406,-0.957865385719515,12.415944415464741,-11.42778354834681,1.7502454868050563,2.32210675318111,0.14057898639637756,5.138624212343302,-2.3092335340408,-2.093685550120007,1.2533433175070172,-8.565271887352125,11.18617114119752,2.4518336656669817,7.355449791852241,7.654898614944045,1.8016239709643855,0.993545297268895,0.09626310046455444,1.206555720403287,T
-0.5914046316021881,1.7582633526497946,3.9950939632092854,-8.521834199724282,-5.7525586766035985,1.9984840380644187,13.70893071825049,-10.42013596754839,2.6527688348236325,-1.2986624437564345,-1.4359805308901628,4.351736994264968,-2.1776936308574477,-2.35947676390213,0.5523095310958297,-8.742692248901186,11.511827835290433,-0.5318798623749217,4.9464901053658,6.274490416790229,0.926914896003268,1.096848907954083,-0.7594835321071258,-0.42174517684117063,T
0.8887796697138128,0.5205257692908842,-0.33506571691128784,-6.31934383416511,-2.4764502671189916,-1.6553882145250327,12.446894698498015,-12.211446563582967,-1.2531760722482659,0.29595374108233585,1.7942453765176083,-5.025814938091571,-0.9975130717422758,0.1170838891630126,1.3207925230005344,-8.961244357596797,11.20313800325033,-1.4530184635486307,7.391150713303585,8.785802654698102,-1.9457610730472652,0.7421437567802158,1.5999284273036807,0.3754279564220724,T
-0.8206758635512301,1.2665891630768318,-0.07816965563972644,-7.491786813244147,-1.748573605637091,-0.484597541359733,10.91838766951266,-12.82991030593837,-0.41986418867577413,2.111292583551979,0.6921197926790512,0.6615167595364824,-1.2371063704688083,1.4977636661444294,0.7064845014896264,-8.778937103029932,9.68426821139954,-5.168423626515221,8.234815780190939,9.729242611294097,-0.20007647953588048,0.05635102195228825,1.1474848944894092,-1.0962807020638934,T
-1.6757453856321831,2.034643511280228,2.6464641334227963,-6.596538931799259,-1.552694362450893,0.10651322667797558,13.077437831642483,-11.79131316448266,1.3271391784764432,0.8937806306037359,0.27157613238136946,0.9725000220947777,-2.108734481880873,0.5199803836184813,-0.66820916278499,-8.095452574199236,11.156851122550052,-1.1157510599675788,4.480336448738537,8.632682094246206,1.6756907406635264,0.3908313559278298,1.6163540304193873,0.29636972612121326,T
0.3990008489682282,-2.263230052804529,4.781317251352675,-7.129208641294028,-0.6070894460552836,-1.4219296256356984,13.67105765639288,-10.812305419369892,4.605413535094101,1.1340510052988364,0.9486823561998108,-0.20399119657565734,-0.5813164816466667,-1.0227800217709628,2.6538739367182984,-10.227895459378033,11.14368136527662,-4.305108682899515,6.545585245365544,5.792319876830703,1.4457347135937653,-0.6325625253391962,3.8485695941633082,2.5295634058617793,T
0.8984215673382323,1.201430757972457,1.8352662811974483,-7.519886515414683,-4.477763213421326,0.4067545502957728,12.031645930351791,-11.604117000804592,1.9788986480394897,-0.015042349905890262,-0.12819849323284416,-0.09427058845562897,-0.5966562044310422,-0.009703412155126045,1.8726830662520797,-8.87409448466591,11.438658420476713,-1.0060278557820084,8.629159951223055,5.977748271821497,1.6456879567975307,1.282822193611878,-0.27785322922913736,-0.9416608654723859,T
1.1708562680063324,2.315638992839285,-1.0411366436293292,-6.947713309654944,-3.456944066388985,-1.0053832709535868,12.273681882440853,-11.086786358173384,0.46360061420006105,0.12626888824058113,0.07460575459310803,1.253707242250016,-0.15085991106019492,-0.0982103403358181,0.7964998127523586,-8.65011454507139,10.106580303209682,-1.2184624846440784,6.16848103936664,7.162272138224665,-0.8973897450990194,1.2274370424435332,0.3734588471150744,1.8278689484063193,T
-0.17194742470348956,1.0313402032571752,1.4960341807926625,-6.0432367986619795,-0.09871384840784003,0.13234465807113338,12.46060515890194,-12.844706056344904,-0.9877434572701986,3.201064758784206,-0.056387152072261415,-2.0464711682067787,-1.6826272323404226,0.9223329056960878,-1.3175514468365463,-8.540701335958865,10.550739929199494,0.7690053130970114,7.996580277214303,5.449015840832644,-0.8590662952262278,0.4020975654568275,2.63974797037406,0.19891467119509798,T
0.6653374885106018,0.3041457448760875,-2.027748513061624,-6.660613245278043,-3.2496615227751136,0.5096907831948556,13.989519442205607,-10.674526535655929,0.7323209803889199,1.2596170649464895,-1.1579702825074207,2.1814127567349715,1.5364665944368312,-0.6018300116352577,1.8063254786707148,-9.72332532432187,12.179157014182522,0.2782108507808516,7.26775694423355,8.851096504453295,-0.15321288565326086,2.5143151432228095,1.0326435196131314,-1.8936769588688662,T
-1.055387799707887,-0.396442541883005,2.325617644849899,-5.94834851371121,-5.35631601186941,2.4248816602894294,13.2551298194871,-10.897419289981968,3.1943666689318206,0.2548210100546058,-2.8072946150424514,-0.8292525982742518,-1.8972436056700985,0.8555454794077662,1.6146921834130694,-9.060474934884432,10.892007786815782,-1.9026331411504316,7.518616462845685,7.541277535831426,-4.303122603333975,0.5682521041249444,0.2411032063066898,-1.3995984461161584,T
0.6932929590834647,0.7183982381815335,-3.8663707435569563,-0.008169560221091388,0.2828171209960715,0.7213326283455785,-14.28295979920131,-14.103021010455336,1.1035860120682628,10.638161420036937,-3.8389842874521207,-1.7322470178384037,1.967416194587571,-0.07374544728818933,-0.7633650896576682,-2.7941236714152353,-0.43153416201198525,-2.7469367780723246,-5.33770863608105,18.889307521492384,2.8576150227009975,2.458868662562381,-0.003419284319846838,-1.8257785804707964,U
-3.1135930907654483,1.9008869887029547,-1.460828143779679,-0.36912063432936293,-2.9738826887731307,-0.04452958023222209,-15.486760918259156,-14.531844780141256,2.4456466915083865,8.557437572082392,-0.1622889186119778,-3.320039351380899,-0.6819505587619403,0.9668879450457979,0.40261783596452005,0.008228684956080201,3.2724440183339425,-1.9147214559834538,-3.2986591820004634,20.79410308271757,-1.3253676852935996,3.830180806570013,0.6102911657274461,1.2166342248706883,U
-1.107657490864426,0.9146878485587989,-0.6553228279213386,-0.3221509849583839,3.1438098840493467,-1.006393737516305,-13.709973394434982,-16.370802871359274,5.686036775201103,7.564856561030879,-1.0216985098034854,-3.427787502098454,0.45166842002325325,0.5274760532984146,-6.870087131689729,-0.7204586566563194,0.4252978261544058,1.79520819064237,-3.3404689432549617,21.611433663208842,-2.630631649916438,3.4420808151038784,1.4388898095870388,-1.674884650182321,U
1.1074577689188914,0.45274222839310574,-3.539833624239577,-2.0679872031925015,1.8337191432758573,0.8711368739620866,-16.657032224059726,-14.644923288475155,4.70358123420317,8.961690238020694,-3.559756829585723,-2.211212397372151,0.7448785074499256,1.097069232578285,-0.3982858709960624,0.38071842083127194,1.437559595720984,-1.3378658215271457,-4.780197609362013,22.086274882045018,-4.695414088582993,4.433031051704873,4.017667436971024,-0.4359817253555889,U
0.470532631714093,2.3165430732803802,-1.3504420315147172,-0.3980334228240423,1.446568783582677,-0.7948353083679649,-15.635403156168397,-15.731572428017557,-1.1547887018121514,9.375581397699705,-1.7296216878074233,-0.6035075788536233,2.087549579879038,2.8248515450318976,-1.1534150611562382,-0.8640792434831042,-0.28004222528085165,1.5111677240576,-3.309246950209932,21.545731326694693,-3.8432608179824115,1.5849314959082292,0.8078016563175225,-2.220207506826455,U
-1.2976968295416214,0.7333303384743185,-0.24184419409249358,1.3440029426677427,0.5517287122626726,-3.0457597838522474,-13.180561562033324,-16.27035049314236,1.0275932379679489,5.02829629530423,-0.409209474037425,-3.1345404759742905,-0.28299017251157466,2.001005710170375,-1.0095307561947493,1.1983195134158109,0.8767901633424344,-3.26861138391223,-2.953455157491394,18.15491806361713,-0.7901204625313198,3.702035069116185,3.038389659622837,-0.20777903671546483,U
-1.9021812012274495,2.523149401417162,-2.0385599779496033,-1.301020676004498,-1.1604473595257332,1.7316056736739256,-14.801647529338895,-14.32387958177975,-1.5781243200513018,6.338522007316627,-0.15808113836948223,-1.0325377219355119,0.9843381502313093,2.0876113103807157,-1.2725540567108737,-0.8938070446377466,1.3719943328445083,-0.9331404024006247,-2.779156573299886,21.538536020546772,0.05721478673518732,2.669275905833608,-0.31835152148755697,-0.03432419278874477,U
1.0090386070834825,1.1891674842861522,-1.293946675710174,-1.3405216935793192,-0.6736574662847374,-0.08985688332904829,-14.667801510150687,-14.406824439692087,2.805030308236269,6.8274811100335455,-2.2040544336934715,-0.7944778003255806,0.3142919264570878,-0.27437831419509706,-0.30695719916525377,-1.1758889800542676,0.7007280687705304,-1.926550511148207,-3.6547218734602964,19.080028644959057,-0.38496475936216257,3.1024425271151586,2.2666731093740538,-0.907051806971424,U
-0.26712027378033554,0.7230136321772327,-0.5379393249783675,-1.8207935672260476,-0.9561468113692513,0.8146298082451722,-15.274045593486187,-14.423655491617836,1.4899107953244197,6.00092192415967,-2.1056380336298446,-0.7883441813881973,2.5940227172296773,0.21498674825961217,-1.6737694848517322,-3.189011521386959,0.2169265782975458,-1.156307497326054,-5.015853589019073,19.879848674101254,-1.2984309652179604,4.145520070209855,1.7401114931410149,2.2573393991053763,U
0.8840123150162071,1.4003892144558208,-3.6559031037891714,-1.0634630550886186,-1.3367751365424851,4.252556667690897,-13.96952076076497,-14.599856599972071,2.735167038033353,8.339429066377676,-2.6497061897384526,-1.6700488518757766,2.345605184839627,3.1643536880287044,-1.9527801850603623,1.8447450005371238,0.9825348695782736,1.9903410373883048,-4.189156885034883,19.422247470355416,-1.1116173207397537,1.7100904393261587,1.3374848272402744,2.2172600147374624,U
-0.5276190110982384,2.9979910411268533,-2.711557776265124,-1.203282328886246,-2.3802648119348646,-1.2135658378768994,-13.85657962560229,-14.629988607139438,-0.7864239689749297,10.095989848555647,-2.5240104027660664,-3.3651563179391246,0.451533065588535,0.9740818668556201,0.21339711405943262,-2.1357526099779562,0.5372881411731214,-1.4786880396496827,-3.4798803197592996,20.279485977518362,-2.751311023679193,3.1255198161268396,1.5878037911671186,-0.5476730785795212,U
-0.5110557405639042,-0.03173759314431113,1.4162429364928926,-2.103554353049546,1.134344684583084,-0.9321460441481122,-14.488751693112887,-15.925826106145223,4.649488177960166,8.828250663930092,-2.1595321594517713,-7.7579369360457235,0.36926887394807295,2.1987882836114068,1.6586033410815162,-2.9287846908570003,1.60995948425591,-4.639578258116899,-2.713590575101666,20.9579490321926,-1.225280965659806,4.6784611721126055,3.1068079432148323,-1.688682379122156,U
-0.1008243151361512,2.5581720461764657,-2.3037660724066313,-3.141201931776621,1.8770268179081881,0.5886128134063711,-12.699475550701237,-17.7061410254573,5.461121092093435,7.851283516033888,-1.0981254344270042,-3.5293993549601055,1.023430850205699,2.385440112429059,-1.798599000680042,-2.52276657611975,2.0788268319386702,-1.584899374844781,-2.5717355881082327,20.94030273285631,3.4114802880077946,3.6070137358100993,2.582282733209695,0.15664613915413383,U
-0.7370722106660992,-2.204497803785694,-3.571152475209942,-1.4416541270261405,-1.6663696753045087,-2.80551568741555,-13.422462059735238,-15.15994673315575,2.329788901765369,6.624812748283418,-2.9015227589329697,1.3349023973288467,0.7490866881493332,2.1379746076489923,1.482963742355878,-0.9348023326408281,-0.9866039326523719,-1.754417920694607,-4.171102176614465,20.90364886377978,-0.15565954381128222,4.427465284114604,1.4675302528624456,2.4507230224616023,U
-0.6530446829820562,0.4117466362984507,-0.403472717008583,-2.1749570486492757,0.03955065199858154,-0.4317203170288053,-12.754724374935162,-15.392207417346071,3.636158182688348,6.034585581507756,-1.5103889577186465,-3.8782784070317007,-0.33606960327728075,1.0252584748419977,-0.6659088747874193,-2.911545953086133,-2.1885031616761523,-0.09698552334418764,-4.797708909841674,22.721431857010117,-0.7990949780060532,2.986243202865481,0.9595681891119199,-0.966408744983994,U
-1.4954867631044522,1.534506846211624,1.543484252377766,0.8642744200002284,-1.2251987558775568,0.5559789171870761,-14.335357932209503,-15.561212784573314,2.200142745488847,7.1364421446098305,-1.0812934711165667,-0.36522232428455936,-0.3610471362638634,1.3830869585961594,0.3415092165852798,-1.444938311236001,0.7916789440312471,1.1027183042505726,-1.200559164470107,19.917453020743395,1.0258693122848968,1.6009492612813503,3.2219212490445983,-0.7077633774695187,U
2.1300316905022783,0.195230785574311,-1.6213548302279719,-2.662151099571929,-1.3937934338328546,-3.068099479571231,-15.33648916444743,-15.328136521559856,1.3335392497485827,7.4570750688234995,-0.7121979872762552,0.025914625349571452,0.934243338606251,2.5492856614472004,-0.1409541126091085,1.0777767714072723,-0.8508577820098537,-0.013106261377913597,-3.3427763129531876,21.21654625512062,-1.9142682349966549,1.2112223894629182,1.2921457106647836,-0.6556357913464126,U
3.6540597125434147,0.2633755552105273,-2.288004309468249,0.09621943367650942,0.24520988139801148,-0.7004417603085926,-13.223321697071189,-16.392657820896147,6.14375471213549,5.7538615471336385,-2.843013091074681,-2.3476512694202825,0.38922437351945405,1.880733711553468,-1.0196065557829002,-2.551816262189149,-1.109726494007873,-0.9561396368374631,-1.3330481220434933,19.121296903032245,3.142323920908723,2.787917799729655,1.9719650093183674,-4.358787718621329,U
0.9182252404395399,1.3557286084599172,-3.17343927747595,-0.6004309755904558,0.5610963107143334,0.6795076108911644,-16.72762052321982,-16.527456297171426,0.4859931944424716,9.587616791738256,-0.954371084636449,0.7716263670775447,-0.4008229604870337,0.6134032829596237,-3.7810346293034627,1.0599942373214901,2.045569396696692,-5.264615514418097,-4.805853707947872,20.817043318804863,-2.1061205663739315,4.727058702978169,1.3798387999385113,-1.9563092493939394,U
-2.424269741421142,-1.0650407326075875,-0.514059333904413,-1.885543289253718,1.0138022394650648,1.7819669410400252,-14.802597781108048,-14.239447482148279,-2.3590937792743603,3.7978898715887794,-0.2801182957992978,0.7519218435162998,0.7416186087075118,2.1884717714474604,-3.0718960922029623,0.5335683276490997,1.4747530666715818,-3.601058004387369,-1.8685685107891103,21.787633294015194,-3.4313199386784277,1.137510358991726,1.9507896558668136,-3.6768073680750604,U
-1.0464367849776295,2.113601840981004,-3.6552506904425286,-1.175590505884884,-0.31012950721202515,1.5958095211534555,-14.864362617850917,-14.017907388402676,3.6409750716960616,4.709019887794867,-1.9420630139660204,-1.2719064748077358,-0.18213677122389527,4.263087042830222,-2.9284524555460507,0.048274915979945376,-1.024341472642817,-0.563027357558326,-6.4096994975853825,19.690755021315624,4.623894921642261,2.3000441009384147,1.363412313055818,-2.8975856685027566,U
-1.0787457587474591,0.2766787394500996,-0.629920161596317,-2.7224225465249106,0.23285766380575978,-0.7337336486535264,-14.42318593851157,-14.804559717791477,1.9988739322994888,11.841691029958767,-1.1548713657847998,-1.851172335110732,2.0950156846540438,0.5618201007412367,-0.7035846891786832,-1.7919065659122282,1.8017691048326583,-1.90595763607746,-0.9256721813495012,20.440075218097405,0.35067261889901147,3.4942076072175894,0.6573958001461904,0.700869203041691,U
-0.7156215154728898,1.4363621005467253,-0.3474041377965591,-0.8807482562174016,-0.22420302668143677,1.2202241360078006,-15.634045715025724,-13.106640519500672,-0.5188030088946789,7.476621301435372,-0.6382192214347242,-0.8266762203712119,-0.010549354518929022,1.4652137141163948,-0.7228526870929954,0.4978677704064012,-0.1115836750563517,-1.4848194215518902,-1.715174791258356,19.496908117648445,0.8064228210607212,3.757013421658556,0.7465803635542585,0.11832589293669571,U
-0.0518268520997367,2.5474481260167146,1.1545328584563208,-1.5635534685921328,1.038926325870932,2.6231686542222974,-16.403321880340656,-14.507817559013887,1.7641036399052155,6.189880816291492,-0.6801646383297282,-0.9469044863320164,1.141529803936038,0.5641280788923027,-3.1890538479209454,-1.5762056379016798,-0.06787420405717626,-1.0735294642378221,-3.1733647581419575,20.738039253752987,1.7157284729714206,3.2360175246847973,2.174229234100082,0.9095849128833038,U
-0.11792889293860753,1.548217312171459,-3.9309782515992424,-2.162060047408687,1.1917758667539715,-1.2129103589635974,-15.761240385340427,-13.94759118762849,-2.092783915109294,6.752142309680934,-4.753784111472072,-0.8095839186443072,1.2293611198871588,1.0560736545891487,-1.8187454353431463,-2.071680222834999,1.2716758453233012,-4.0476083028796666,-2.9382514001837485,21.53812966035207,0.23022327310752644,3.8509502140926344,1.4098373513892142,0.029404878504749377,U
-1.359738679221664,0.40550228296200486,-5.733818291987404,-1.7519699487471456,-1.6184560005572735,0.6383299251234007,-15.27241661461885,-14.582341981914084,4.292295530017611,8.200966333449841,-1.538762020059579,-2.2409981612119054,2.1573249566951915,1.6648960240567803,-1.3971655858928216,-2.0587848579441967,2.9569735808914004,-4.3086582346087425,-6.0258083254783905,20.268353724277148,1.3287492878928902,4.95823501545496,2.606446102781163,-0.9339919792617479,U
0.7604881644267039,-0.5178461703418082,-4.261451696611232,-2.8259972907020057,-0.6083620837462149,-1.4089225538430128,-13.135765183938638,-16.61568956138683,3.5207367805036824,6.9829121066133695,-2.452334195098473,2.1003253184880464,1.818225573233093,2.4902365781344855,0.3767662160195755,-0.4191008902502773,-0.27162550485169845,-0.27810196406107934,-3.6016451820269815,20.347903646616118,-0.16814678442574404,0.9003618738511676,0.9153138964900478,-3.8456597193371067,U
-1.7129533815689797,0.41500455506085654,-5.924131598424765,-1.502740524499231,0.6967051322552607,1.186722767273693,-13.511783178786951,-16.617454250698557,0.32042431364493495,5.584042748360744,-3.6140525170238504,-1.7484608275810274,1.5237939127233346,3.5130877954130213,-2.20923590943994,-4.265617253471902,0.13086456381699918,-2.7990678716455477,-3.7231382988977053,20.332834819120805,-4.840170091570201,4.550045447302168,2.8867619680000587,-0.17338716228994144,U
1.2406259298882674,1.2721086181758308,-4.628717686165146,-2.5834165385665955,1.0253518861791804,-2.9656014569998774,-15.309204172436544,-14.955375393276626,2.277229623095991,6.8821893509395835,-1.2631919213207254,-3.3364584712373357,0.1818012695310074,0.2758022711569055,-2.073007760578207,-2.3555268026844587,0.6172426768861499,-0.49689507531854815,-5.074767474972816,20.373153939087757,-2.381193725708272,2.1273748153756316,0.8399741571350177,-0.9114375834049042,U
-0.6645824540776175,0.29215384795493426,-4.0152925478556085,-1.244819749236754,0.5942177701228957,-0.8881266333113444,-15.647620441844639,-14.654018355287945,1.5394026016999192,6.538884790204904,-2.7360446851914446,-1.7559036644287858,-0.3131249966861276,0.7743990183697278,-3.303377362971446,-2.3893269053671276,1.812354465122354,-0.7881630434056888,0.1180830944976492,23.701521823106617,-0.16398429724034713,3.5550227158491197,1.3152234346555218,1.0935501211872065,U
-0.8548711407005385,2.5080326498110503,-2.1109582420102697,-0.840477614320875,-1.8005224051501045,-0.7002558394896141,0.3303420230069394,-7.071512354786336,-4.510671063590962,2.0953786327656445,-1.1954496087124653,-1.3167173713230795,-2.6891794314839785,1.6430312410243317,-4.034433935104346,-18.403747386535528,-22.342565754195633,0.5468407048709878,6.527935176383387,-2.1097709535623324,1.057262056791501,-1.2811716444610326,1.1486000154936704,-4.602007265116299,V
-1.782968785351045,-0.0833701707372857,1.9520159265859434,-1.490975420231294,-5.105678715909107,0.7913928112191115,-0.5873049211113681,-4.822459297284013,-4.936850671551895,-1.1314540720805155,-0.028030078456680485,-4.16903076945124,-6.235422924749713,-2.4335752125735084,2.4829284126668654,-18.412569583392425,-20.59510074308224,-0.3427682392925817,5.178478282255345,1.300181857424235,-0.8607758479737981,-0.1377773330480565,-3.3180060555987865,1.1081046308290752,V
0.7007852855005012,1.5878063911242797,-2.562323689594052,-2.1143246401964717,-3.195591758762987,-3.262597755673198,1.5291203883773212,-7.872554744116627,-6.449084215811013,1.06967797126606,2.9654549847768408,0.30807637956070266,-1.926689304818069,2.0497286307909732,0.9025912610919704,-19.55976496963173,-22.241436652136017,2.3691718667152486,9.089609460131701,-2.328187331531794,-2.9384734637915244,1.8139872734105253,-0.3182751143096283,-3.1749678623659747,V
-2.292158981392731,2.1284851695094287,-3.979064086361234,-0.4800692836020204,-7.613463018219306,-2.9678159301199685,-0.22106066102787025,-7.300105557955533,-1.6922995920305652,2.0247912018375587,0.5654558961615237,-1.0267529871319425,-2.8978240809378235,0.8774206643774249,-0.35077810047476987,-17.87867843890315,-23.29347172580904,0.6804242086976728,5.775762699386178,-4.058955354025883,-4.71810382273344,-1.879135314181859,-1.989590399832636,-1.9393443205814265,V
-1.2646871404177205,-0.87178644562038,0.36817579892579033,-0.001833833444251809,-2.6706592840828876,-5.072885493627496,-0.41490676707163754,-5.915359444873104,-2.6484769298151605,-0.0705938740725145,-1.7596123610279335,0.7955818478687888,-3.2317603320646526,1.6256550740376667,-3.9330329435177873,-19.74261573397969,-21.60329160581557,2.05401667171202,8.58476796718968,-4.3396806035795805,-4.853007342998239,0.010185290651698153,0.7051163607637392,-4.190707393041521,V
0.41164907381187277,0.8452724183592898,-0.7303419857797167,-1.2641432228607243,-3.2876299297630567,0.2484842126084459,1.5107946100612724,-9.613639164851577,-4.435551589343902,-2.5475632451950077,-0.9568058761668681,-2.730172695798103,-3.8499477039184455,1.722714795142906,-1.9902471056624904,-17.1042447160403,-25.5643761080228,0.31205801212144024,8.75893121075531,-3.174431487622712,-1.9148384418741102,0.919823107758333,0.920139591407036,-2.9395393569042767,V
-2.745004945781261,2.427942174027422,-4.859243706474047,-1.2341438256174087,-2.7827851468604194,-2.371032179059455,-1.1875764670080748,-5.782326942133437,-2.354791527656971,-0.9168384893080059,1.0306577927254352,-2.2098172778647154,-3.0023472831348954,1.6742527982272506,-2.8796145605020342,-18.39451651650009,-21.16469443674211,0.6935618741830467,6.161147948597421,-4.345109901669758,-0.7871907865078356,0.23104660303459923,0.19837376424533204,0.46642214841602936,V
2.2235898564537706,-0.09436563638918183,0.976569900444133,-1.0136898365971092,-4.92268661789052,0.4493048454738755,0.5263602061843518,-6.333322339916947,-2.7277611282826797,0.5418945092249601,-1.0781652533763122,-2.468902678476354,-5.910580621918115,2.232442421615488,-2.1463909707731545,-18.466190766761912,-24.38745257540738,1.7609938738384017,6.063953361545817,-4.595970352379865,-2.482072643434776,-0.4719859397507733,-2.870856238593774,-0.13167645456940136,V
1.8893847468445983,-0.9176688089343829,0.3828515779663917,-0.024097777215686733,-3.2634558376126392,-2.576454641764485,-0.23300641939003164,-6.896534062312526,-0.8946912311531605,0.7142926992702101,-1.5216522084234896,-0.8883397244409821,-4.217959385660691,1.0266062040718253,-0.706659983914733,-17.310715233159982,-24.00885540219126,1.2789665179366239,6.814767545674254,-3.920901342607621,-2.1568494922752848,-0.4961488501776756,-0.8975083304701741,-1.175678908127395,V
-0.9885833292831308,-0.8859040956675263,-0.25861004555775935,1.069068829566561,-1.5853574058571667,-3.7766056554452234,3.5366771996086266,-5.8580747746949555,-4.700769642272746,0.5733866164954833,0.567899014710008,-1.6198273749023997,-3.14338659032785,0.7062432361448288,-1.4766744611223999,-19.205194047470613,-21.76442094538757,-1.646932770189153,3.394495912992088,-4.290539652690512,0.0362617099129352,1.1302323567663137,-2.4412179119402566,-1.1104100938333659,V
-0.7963653255138752,0.5382135791222991,-1.1928849589485253,-1.7125146750886842,-2.8902915320767306,-3.1890141855640195,0.12645065642159192,-8.070202846889885,-2.0359237380907302,-1.6129475429758529,2.1316987321255283,-0.9345522582451053,-3.396283882244944,0.0036197083072693204,0.36340445374429464,-18.33180109484934,-23.757724594737567,-0.5223427828270246,5.97761816295786,-1.9281414861203245,-4.04029007441261,0.7901863932890834,-2.213028914783763,-2.4548790658798225,V
0.5748129070847767,1.8035078156873738,-1.679741410889278,-3.0781247097378923,-4.556041308925614,-0.7129558746194107,0.173554616094183,-7.952506504249044,-1.6086466848790906,-0.1551643868009691,-0.3897918154343927,0.7756530132039074,-4.299268321870386,-0.5518567332271331,1.299424337396431,-18.98229927705117,-22.091842183799173,2.231856214981292,6.7413284887254115,-1.8875535352886885,-1.1866562455805933,-0.1934333208178387,-2.6752448389388945,1.047656792964915,V
0.8733165239010532,0.7364036936581981,-3.777357339021364,1.0052684562302545,-5.448984263977195,-0.5754179554929237,1.6605231469907533,-8.010878760152593,-3.492740039393425,0.7600386213760828,-1.212011746920382,-1.6187228318982534,-4.575108066196634,0.830044616837391,-1.049616085000082,-17.86225340195064,-25.011753564066424,0.2772388087489617,6.65363660082242,-1.3642513137747017,-1.0821924767121232,-0.8151532404281809,-0.9728471653449589,1.7644576449163196,V
0.8244505212011859,0.7545936551854655,-1.6431709956514169,-1.012196149593123,-1.994776787529588,-0.5482553501036591,1.2512471330446493,-6.142599062268289,-1.0431723395295194,-0.8592809388172924,0.72319210221616,-1.2466340707628092,-3.498095535485703,0.713845071645963,-2.145516096709912,-18.631393809461116,-23.464240705257026,3.907454387130258,7.005356449317144,-2.8817632045830806,-1.394926813047391,0.5820874837470527,-2.03737166143209,-3.1007218536785786,V
-0.13934959667125213,0.4817430105700221,-0.96577408154468,0.0804280279512426,-4.406309615053601,-2.6995427776348038,-0.5421013142933111,-5.630836427714769,-0.607139586020935,0.6780478347848273,0.7202085739754409,-6.7642350356154,-3.6293615261442937,0.40257920388622637,0.008610874090379639,-17.13180170934357,-24.54532543392952,1.0864571610537723,6.378885769598156,-1.1262871980277396,-0.3042929201422453,-1.6983201137214152,-1.583299863927408,-2.4667043650349,V
0.10785166523754697,0.1955891325209479,-1.3945941918830158,-2.1045505538181857,-4.6207979802615,-4.9136684393553764,1.035138524852739,-3.8133211468315267,-3.7837976433243625,-0.501589922253288,-0.8935524095909386,-0.5423188852159342,-2.310854644913718,-0.4329415861793535,-4.612600555005031,-18.331665391740913,-23.880303742973993,2.5045176018767847,7.799473877160338,-4.678096061879032,-1.695622779534915,-0.34927072592335406,-1.1133450340856683,-0.06313041141498843,V
-0.3356408685885981,2.59898290666683,1.19667225722975,-2.376178368339808,-5.240607313061673,-0.9118098774209784,1.8269484588258562,-5.287257077592841,-0.029400709332946917,0.18528814055162002,2.3217459280434127,0.020962944756206525,-2.816918308171978,0.8459263511416921,-0.28813973570879625,-19.08845309834907,-22.824738303344134,0.31447097212208064,6.39517470643754,-3.0088201998195814,-0.7177793697851484,-0.5385020012488013,-1.8932099710178676,-0.7232154905563561,V
0.24250614273239535,0.58287423547199,-1.7817911702837819,-2.2841421858154263,-2.9942825408525664,-1.7937380857160292,-0.03644527522578578,-6.170428414599712,-1.8217395544263013,-0.5249387762837046,0.5497092677324815,-4.289701830280933,-3.6178211451744744,0.800316311659401,-4.954690840638477,-17.84596371598066,-24.25021301048585,-0.3611619983512355,7.864225119888591,-2.5745672287055186,0.6634939395685819,-0.6128900167887465,-0.10651189978402442,1.0483162764473946,V
0.6107855230129076,-1.7307909796933911,-3.9350438469929827,-3.9299359349040373,-4.24802601202407,-0.9468434771363832,0.32301176288117883,-7.887347428956474,-5.480852710844204,0.7153795324127898,-1.0178919180618209,-3.0818977536849275,-4.484154843429877,-0.42004619021860634,-4.714878823396191,-19.872796496775536,-24.18356089375348,-1.372521745638096,7.593410250150317,-1.4300869264903326,-2.0872015298000406,-1.3313982892618412,-0.22135431722914234,-3.8989937578428453,V
0.4484306679286192,3.1848652530056496,2.0630537065190993,-2.6623338998648904,-3.849205122866124,-0.7593837990042971,0.6559982581710484,-9.036311985482229,-0.21336395677889186,0.01764061913132764,-0.6000635074946103,-1.0162459092632048,-1.274158790001735,-0.5005433346846857,-2.7326742445995365,-17.579493506798542,-23.979397578036583,0.5021542985326164,6.3556729690759575,-2.8275989912903583,-2.5747054515159675,-0.24746053296940573,0.6639852315636432,-3.3830259667299742,V
-1.0345981616546283,0.5895258141335342,-2.1830137790312847,-2.762920707323005,-3.730295768634676,-1.208992207384199,0.6083511066987048,-5.945903301256578,-5.965733860757609,-1.3311366547458618,0.7754551394360476,-2.9123803401614623,-2.6071907818136424,2.5741172746339913,-3.328359390465266,-19.56478747945259,-23.513925393773377,-1.2584245301668489,5.326984995708269,-4.66506489031336,-1.399094602834566,0.21204151888893819,-0.002801928904133888,-1.446805854624131,V
0.613904985660497,-2.9040490375908448,0.4973885503575275,-3.9016986619769227,-2.0683494486403333,-1.643939308407539,1.1366769693351033,-4.995540307783159,-0.6853148226495591,-1.4898252474408622,1.035138877902881,-1.8585318388093128,-1.4537509674489115,1.508913748624721,-3.374348828345262,-18.869085994254576,-22.434059027624286,1.0477003891894583,8.820831255537438,-2.4737060530303125,-3.002859615825912,-0.22003968465806878,-2.139996124819831,-1.2744447275561015,V
0.8787509865044854,2.377580192808126,-1.6153526351716891,-1.3196627998180332,-4.662873821828612,-1.6007936945430288,0.9240979303936188,-6.93468393482911,-2.7697982221917528,-0.4209562737649648,-0.2334105760396028,-1.5175446876763203,-0.7948369900114471,-0.6125345852536128,-0.4289607110340512,-18.587955275177578,-23.297815267847625,1.0076215847935828,4.342957433502118,-2.6898168417812656,-1.384636285703607,-0.35212131282747094,-1.142665342719198,-1.841442604306053,V
1.6876615807715325,3.8577612322126784,-0.12129966880786469,0.6030516165477877,-3.9119247665755097,-0.37765184221166237,1.158260683485838,-7.482280461514449,-1.705875854491694,0.1919396745501274,-0.14151427725568055,-0.399743245810555,-3.225921615117528,0.25488655718643827,0.3447815780991732,-18.350534672663926,-22.409219065394282,1.6595951469046781,6.9418260201847595,-1.746514600934887,-2.074943902891107,0.6624495603122043,-0.5106310685790874,-0.3644839557624664,V
0.9819193739390926,-1.4544108910242457,-2.5023175971255114,-2.683102333862962,-4.475410304833758,-1.2792934393552855,1.5040072850307338,-4.953186231518487,-0.15576955389599334,-0.6589197473999917,1.3852288011919711,-1.011207029040122,-4.053296573138596,1.5926690657258362,-2.135884666200525,-17.39026249729362,-24.987181113955074,-1.7406658129104358,4.235581785383328,-3.5975524954816223,-3.0109653331353456,-2.9007634980904555,0.6119950919174073,0.26011158276094193,V
2.9464455616114265,1.7980778963603665,0.2429017759301928,-2.467401336808109,-3.4126487926642426,-2.7669981418794123,-0.5419655286014331,-4.552464746259744,0.06937126884685085,-0.8526305233363445,1.806316820515491,-0.6940823593480445,-3.606418424718754,-0.3356110837081232,-1.7559125932367579,-19.613112796283048,-22.966458256095734,2.5516031593570005,3.3906952299921223,-4.440813358082366,0.5169781632235413,0.3181953125691166,-3.1928456587984613,-2.4239982319131173,V
0.15264296366797225,-1.3190715676233333,2.487258288629903,-2.90436944372955,-3.9981244139524392,-2.098592231025009,-0.2890697146637917,-6.644999055750532,-3.667941234467321,-0.49615957468982685,1.079394558315073,-4.266923730910264,-3.2046075309652338,2.4579182645358486,0.9424468314751948,-18.872887134673,-24.237996699682697,2.1262932609459995,5.602143478255535,-3.1761963150230343,-1.2519213314827766,-0.8523482614231739,-2.2548385215516618,-1.7580088437449604,V
-1.2546457801236102,0.3523765110068736,-2.179724066962592,-0.7165423843591867,-2.939711974269528,-4.1156256517775205,0.936315033318242,-6.874274734152152,0.13069389792104857,0.7523025706710627,1.2549118657864256,-4.119974080219151,-2.248411495985721,-1.1811770453128645,-3.89799241175524,-18.178407938892647,-25.55623169138633,1.7036113540862061,7.200423829989273,-3.2892725034686663,-1.4983024438359962,-0.20402173286533554,-0.5145668143016735,-5.055779955833202,V
0.16824995691598588,0.06730867713446886,-1.7460938063397293,-2.296632502353134,-4.415141512633909,0.6221012001561235,2.5036454778246418,-5.214093904383333,-4.729892056149652,1.3108991100605607,-2.0035493744037467,-1.620913193093827,-3.381217837234658,1.188822404404121,-3.016721173730275,-21.108090552282732,-21.69152650638074,2.2478457964734275,5.694179596913951,-2.498140566450317,-0.9030514208757268,-1.844249058442891,-1.9779142294489986,-2.2643486841808453,V
-0.8212017043449578,0.6579421200110388,-1.0851395976204117,-0.8233745416840748,-4.207992776862511,-2.7597690385493365,0.09210681357643313,-6.304815649248667,-2.3808546993198547,0.9807634331889687,1.1103415781423962,1.1700796196712986,-4.56492244475379,-0.22457067663953012,-0.3597547977492468,-19.505738516967398,-23.84894706263472,1.1199639980960114,2.9753110185166243,-2.1956986768902453,-3.7888677067124945,-0.5475959495440108,-2.2923042824860715,-4.927228013534318,V
-9.688481837760719,0.6809538781022673,-4.028651725665043,14.137778564453114,-13.071693404668565,2.8890601210104023,-0.03060546764096639,1.6566876576969491,-2.8572515797329743,1.7973561905391549,-0.7873569018337321,1.5650192942906074,-12.851582417898385,9.328998906200418,-1.8928560835198596,9.781987886454722,7.78259381241628,-0.4843343008734564,0.8086753483768305,-1.4353729024341817,4.019671378986345,1.0256332700566233,1.0165574974648166,-0.4529141856744445,W
-7.147035983953401,-3.4209014997034757,-1.4855763988921922,14.008412389694826,-12.867944934690058,0.4929283414130623,0.8946434264679448,1.4530663949265374,-1.815227079503245,1.8007491963245101,1.3486173021131833,4.306082256058801,-12.03792146570575,12.04026649316311,-3.872218992483056,6.949091029861918,8.77951247602806,0.9759924885336773,0.7524762443784461,-0.6720694270758116,-0.3017265801747726,-0.8924660496085295,1.6555158648599928,-1.3519441685735387,W
-9.857762125559418,1.3197774173366648,-0.6958377619259863,16.193117859853338,-13.73726300352672,-1.5508182616077306,0.5475394270409417,-1.2617324348555883,-5.528882080077665,-1.5202913584988806,0.22137642811185287,0.951808773265725,-11.529278321417564,8.485198200070606,-1.0255977440738206,5.376603558639566,5.335214319565949,-3.6189345509795317,1.0156890524955173,1.3529992236661172,-2.167202444498912,1.9341857488296554,0.11044722240339411,0.7835763867414585,W
-7.541918917971373,-2.204476088131724,-4.478925085835385,16.732032228771914,-16.748524735533238,0.0008263182494374632,0.30061622409044997,-0.6448954727382556,0.10697524568769268,-1.5259936749901968,1.8028237290875495,-0.1878941816091242,-12.78506489611354,8.298545442607185,-4.592521826281882,7.138458046270156,6.650597015519168,-0.555071644225734,0.8658248281004539,1.1825000140852069,1.1345108206224381,-1.8154075423019904,0.7165567517864275,0.683271045253889,W
-9.18689986726963,-1.2116254024457092,-0.05152985640950192,16.054656538881332,-12.392012091037316,1.844852136396753,1.1999375056228123,1.805051735994283,1.388370846295743,0.34731056952161765,-0.35052275120003173,1.6548082507385402,-13.994842258643615,10.569179492242874,-4.066688737825643,6.199227319846841,6.6090643454161295,-0.3686957405740259,0.29881080016402706,1.64973873114279,0.5370679727275274,1.4551367290376973,-1.6233071591475436,0.6175717535930403,W
-10.342101167290934,-1.5117611303939054,-3.1381820200920174,12.820357832826616,-14.11056313299855,0.22881118594955296,2.453286141386962,2.1121140973533272,-2.2519193164941953,-1.1592061727531657,-0.7758153333020061,0.854794690439121,-12.821854112720388,10.338681584837353,-3.4423097222094725,7.470494326147001,8.376751878005024,-4.9088734992527066,0.845055380877362,-0.3975912500440302,2.1097309062152476,0.3983480420005492,-0.5716776999908291,-3.17492768852901,W
-10.415133266811893,-3.218096048214332,-3.114308298239962,13.761896520139928,-15.000924991383783,-1.355254385140654,-0.49770960420720023,-2.053809505411124,-1.5497930007860532,1.5908851452306223,0.10042809920471996,1.265864147894547,-13.687102752271642,8.454925549675558,-2.2977965341968343,8.283888477377214,7.645620882750876,-0.027700331743460538,2.694331449724473,0.5524985213475446,-2.17071265642619,0.0471721175526838,-2.369506091225631,0.8459944449728596,W
-6.355354716719944,-2.8746571310316416,-2.4502873352874985,16.25556143340374,-14.200703083021494,0.46030043823856204,3.55134026905857,-0.08154997011786236,1.1141730581435354,0.3307486384466003,1.4806982363874397,0.7961014890374258,-12.652305145954443,8.75913437593912,-7.0471196791700095,6.557191318563724,5.512233920412569,1.79222088043133,-0.014084656210478386,0.3488796820318498,4.254442831324866,2.844773753515831,-1.8453886084922289,-1.1151952600257573,W
-9.469526113381107,-2.9304490484884016,-4.347081139197314,15.827009636097898,-14.298571492329359,1.589044240822659,1.6282180319954564,0.5143776869275314,-1.741862517895811,-1.9320114099838364,-0.4000694615984912,1.044879322173358,-13.16217444786696,9.974880410587211,-3.1094229857841356,5.988412948263154,6.938380801378031,2.6866369921660294,1.2846031500700192,1.6143093004875624,2.3453820933352176,-0.2150906566083961,0.2605848207777086,2.3884389002189437,W
-6.776314465553355,-1.786105029812232,-4.697928285071839,16.863978302278127,-13.948211025877129,1.5695546935764924,1.1715664229112681,-0.39783983905525133,-0.9477428271258646,1.4535092454453817,-1.0421509509888267,0.6951342613260181,-13.775607995771509,9.66714303077952,-5.196535177791361,3.3853354697248648,7.7515031528389216,-2.566839636616521,1.0315715739047704,1.5893334038507305,3.379299302045581,1.7571732629975472,-0.7873772402110575,-0.7058725127477032,W
-11.974183869099079,-5.0653358990601545,-3.145621404725091,15.50868403411451,-12.91327626997355,2.8196402256484134,0.8509330056781828,0.21750415066654227,-2.589621975307068,1.595501163672644,-3.549937172730381,0.21791763568086253,-12.446378894650877,9.924111995921542,-2.226183129219521,6.255561999221708,7.423134081258183,-0.9532230799051717,1.6038790000467138,-0.4114382558967691,1.2065555591157704,-0.3644115645463941,-1.4137144141563027,0.5122341601347671,W
-10.408755866279876,-3.876059938321305,-6.481722760644516,14.340448165548324,-11.973913261586631,-1.3734230045640743,0.3356389630304859,0.0406236740731174,-1.6917053178462993,-0.4989337350145391,-1.7884867840938625,-0.5575684085339958,-12.452351557529141,9.693883696129014,-0.9156546476195331,8.217100781816153,7.4880224338723735,-2.1448217701625367,1.8484943649844752,1.7951241971531147,1.6609875952264588,0.7541405372447869,-1.8429456970766154,-2.7953975819024777,W
-9.251381769931584,-3.3820779438822672,0.5643145939758369,16.9648383214614,-14.535045880762652,3.3864156692994243,0.8755033244784745,0.17813419642359918,0.0732483782880422,0.9653654937054554,-1.1021513956340812,-1.4162836212567527,-10.621539187884764,10.426781248343069,-4.3717669180610415,6.297236563980292,7.701685650717849,0.16524530222676503,2.101254377857096,0.7234043534914747,1.5302483296810578,1.3746385420027707,-0.8241662220673334,0.8194864623476974,W
-10.611014443238275,-1.7812181124131679,-1.9470144700266019,15.803796171024374,-16.233912311537154,1.007592272452655,1.2372679354249252,-0.06756783767656316,-0.2026985504007257,-0.3736395131105965,-0.15436825602984072,1.6125489722900284,-11.85289501897924,10.07424856898809,-5.113969663041303,6.271715528117024,7.015081044745358,0.3492011481243935,2.3203494871321197,0.3158940741769385,3.020134390024566,2.5404297247149614,0.17207825162735446,1.077258530008919,W
-7.520203520762323,-2.52212319765966,-4.746549608601242,13.897507064336011,-12.376944499434842,-0.009030804249448465,3.121566465416673,1.3773199018242792,-3.0714353491317183,2.3019275062527456,1.1817810442476855,-2.84682472967728,-12.090722178463835,8.584972369992478,-3.0408761693336714,7.941535374637091,8.768113000654239,1.0397239073332116,0.48505535049786985,-0.1313912836824045,4.763851580175981,1.9774886110746763,-0.5203659136326593,0.4281323545988016,W
-9.265358682624253,-2.150584717069285,-3.9791587869631257,13.874158773016596,-14.707442082332193,1.0474522340530257,-1.2416010015280516,0.2306687296178893,-3.15465308390435,-0.9425535692585285,1.1893866599239402,0.41831359090042497,-12.544523688269209,8.454654336782731,-2.345757987595846,5.465109547817843,4.825757999195986,0.6273382723024383,2.1020688761370643,0.49711437132147296,2.9892527275263774,-0.6615605909942275,-0.5532167125027598,-0.0008977056298817843,W
-11.050428351079063,-4.544068971082122,-5.610082483627821,15.458185948574702,-14.170977608659598,1.590355226267036,0.16134032662422904,0.0974996158373358,-2.20483892352712,0.6049588235018817,-0.9160433148003619,-0.053641030979918014,-13.9021286549291,9.068502426630893,-4.0614349641406875,6.651670502261325,6.471007282240066,-2.0289611910300778,0.015643547127179858,1.5518667867670928,0.2532300268670724,2.9446837818957974,-0.5798219785387175,2.274342596132385,W
1.690481429017666,-2.0637068714572386,-1.2151007610333977,0.5636599286799253,0.1155426528029011,-0.060938608574588216,-0.17734749739201483,-0.03851296292842221,0.8585922906802921,-0.1994757154645086,-0.21151997451474358,1.6981773195574874,2.7894174097671396,-2.0682866104608593,2.560599970062924,0.5421226723096453,-2.399353203544621,0.583319524290971,0.851978490251259,0.3293324482777109,4.2997726476338585,1.7339592075952837,0.22420442234241023,1.5135212838710004,W
-11.177356330147063,-0.6414896461839594,-3.1756305682837933,16.21931794980425,-13.291061461574316,-2.058034301757232,1.7919285644643645,0.16130046557924516,0.7291653914650738,0.08789758825526661,-1.5047751892921895,-0.7360560567859125,-10.289230089835229,8.65556017375976,-7.417682395692907,7.921580408432888,6.584629362494951,-0.39409777169151994,1.1875441332165835,0.3234938901324682,1.9036552016319774,0.0014249043185046162,-0.05136255559435199,0.9966684277570721,W
-8.916492541835737,-0.7532090638368931,-2.24792814698327,13.435019036616659,-13.09707908609704,5.094215575620126,2.2067700905907985,0.29161655864433556,-2.271412122631034,-1.6128708195059787,0.7148142512391473,1.7772321528789803,-11.126516370126353,10.899722551164736,-1.718087630465618,6.575516989591414,6.315304071625121,-2.1675934069873506,0.5388112220246661,1.0164812889963741,2.050597229832988,0.6350903671748753,2.496874895467073,-2.431620124367498,W
-9.927535886739065,-2.3356073246093993,-1.8007128138473263,18.070221712000247,-13.356898814206147,1.3332513692870407,0.5896207375634441,-0.05249963848433481,-1.3677933730729137,-0.8115579940311761,1.8215563713519316,0.14455674722995582,-12.919185412653235,9.441260499704079,-6.89360479984839,6.617598401306957,6.425669083953693,-1.1700325485844587,-0.8483837195693944,-0.05577979979348413,4.819907151442919,-1.477669342938519,-1.108283017119561,-1.305942882692591,W
-9.676672915912206,-4.1407658421427085,-4.221594680716635,16.525968244457673,-14.16581403444087,3.6209761775096467,0.008760991018832875,-1.5234526485946276,-1.3145827305301623,-0.7895684115723967,0.5948144666573398,0.2544998160665273,-11.67411304870916,9.468002507965089,-6.531585541461482,7.004069002660678,8.98245756040572,-1.8596720379439944,-0.8570714889111848,1.5828154705618829,3.0967856533695226,2.5432810055142454,1.6837511700247347,0.8707356669574438,W
-8.696586574641174,-1.8013086883272054,-3.3858677381968505,14.960810035671038,-14.193911582429394,2.1783907890498426,1.977222571020234,-0.22517007018240065,-1.1503242275871912,-0.964409872063591,-0.36382264315952284,0.17543484704259527,-12.585653678238458,9.565878160019402,-3.8439642168273167,6.887462415462153,6.262365725970625,-3.366209952651616,0.13102845940225905,2.5424091476511137,2.4618937049284,1.1947743265834632,-0.5795526505551152,0.312281441667551,W
-10.505271338830084,-1.7205394448279319,-3.7704477997512527,15.355697091633374,-13.85888629564704,2.3023415643344265,1.3331050650437133,1.0674084000390565,-1.140909844721648,-1.6572598658772435,0.33988596064327226,-1.8753218508063583,-11.015067127625116,11.262166452675523,-4.433961438484914,6.080856188329612,7.84001436176581,-3.292184167645587,1.9330646688539375,1.4515506605607413,2.5238635552183837,0.08952481638368681,0.2789099014766663,-1.264987547170449,W
-10.881559125391504,-3.6013088046776405,-3.5093978404045174,15.39872925881778,-16.871248842265743,1.0835896034764687,0.6538289149832535,0.9865021715809235,-5.045104285606499,-0.21848050617192172,-1.1974468831199658,0.7645551233081278,-13.163258470906754,10.337731953064385,-5.573223117465375,8.514386089618384,7.6077490654166695,0.5822289834697472,1.5821596051730005,0.44335980473185543,2.195802075969141,0.882420472641428,1.037462728923387,-1.7281821880075654,W
-9.476448439102228,-2.2910824650634023,0.8074074027640563,15.269769150815932,-13.457892361602546,-2.8731716004793384,0.9674035464886801,0.26894688643349696,-2.2644018344788037,0.5600247518272781,0.29888592584498497,-1.0818694317151767,-12.085020265881639,9.511305995060972,-3.134830181414827,6.021399823080877,7.901915858204234,0.5290048910983955,-1.0031343295066932,0.468064806079596,1.1561838522523544,0.5830997304097352,2.0459235824655195,-0.3661965680008734,W
-11.519161283329481,-3.2562409047168996,-0.9772553738550869,14.15596922626753,-14.202193335071854,-0.6165418016246349,1.2811139984778332,-0.014762333244476622,-1.923414931905313,-0.09454508979063547,-0.5678548023348355,1.3116320640603476,-12.870725390404402,9.668230060698356,-2.531252444167535,5.016196344712171,8.986524752655981,-1.07914172805107,1.782249977249947,2.9739461509740863,1.0703322433546418,-0.2662673163780056,-1.91407470799777,2.1460019017566765,W
-10.61984645128939,-1.5300868789346032,-3.0194698839830494,14.38375096565349,-14.319888200164826,1.3807762141859712,1.5456839684318284,0.6107554575369534,-4.6105988195078,1.173735101760336,-0.4520605333426886,3.5859909187426524,-13.760948759743883,7.614789693979226,0.5851847929118321,4.120540273398802,7.286576798245079,-1.5313894788641278,2.445779434583887,0.7493325849854102,3.3418562497797097,0.8635517613338379,0.3272365784797273,0.2772378167205716,W
-9.000112708182769,-2.734566604397968,-0.48034110146039666,16.30619461446218,-14.347305523764987,1.933320358346009,0.2798468734214863,-0.45010421573439885,-2.1584081268996442,-2.4441825865317597,-0.07916750283945362,0.2823081513147372,-11.242307822111286,12.317053290457899,-0.7868762676527581,6.6313085734509585,8.66766169952831,-3.909335405582226,1.6929288597625174,1.9201477274486365,2.4901416037724857,-1.1539143807250767,-0.8257966478441574,-2.5577748211470634,W
-8.842514701187781,-2.576421772389941,-1.022158606895573,16.163389716929437,-15.077215484481542,0.5430826968376437,-1.1764425903553315,-0.11114211994731704,1.520216394761519,2.0480802407934604,-1.3386229118247002,-1.0095961842251313,-12.425341429559694,9.19515243682185,-3.5636425587921394,8.8743857747764,7.481506116220004,-1.50707232693577,1.1097612218037298,-0.3632449103306499,1.1277155640206615,0.35884561592213515,0.6147460444524881,2.29207651267825,W
-10.16820601408989,-2.4416254371890225,-4.127204170606376,17.66963344770752,-15.016403645097341,1.9109873461146663,0.253105051148542,0.22984775153088322,-0.8292634255245162,-0.11015591844921602,-2.0702966366594353,2.0369814558077906,-11.565250095005297,11.335333816873678,-2.5343184803401186,9.4005398950361,9.477386187937697,-2.310390789048654,-1.1968451244302258,1.3269335111731806,0.32704503345115654,0.29871051073728694,-1.2481026844696856,0.9868148955614515,W
-0.0546482521855296,1.0996317269753617,1.5096461374969294,-1.3344051425296328,-1.7988128689731298,-3.2404774158869145,-2.3093865033242595,-1.1139540084911062,-1.1142192167389453,-2.870389427702804,-6.436627673671552,-0.9293001184241803,-1.419813897732979,0.12511481168591132,1.459017813980779,-1.0630918362993569,2.253914138172746,2.650235884032554,-0.046363472744317846,-0.05732239529004346,1.1552562261388175,-21.113422769883137,-25.431232211704177,2.9039358512228546,/
1.7334006913815756,1.826419088329677,1.5851984089990196,-1.9610107537870505,1.524129417729739,-2.4119850450053377,-1.9879384861596652,-1.8579791500042973,0.4652414865628316,-3.106859870254638,-1.9530519166146405,1.2859313843331392,-0.7824856661285651,0.7779201538639171,4.648384688848239,4.9033787733397105,0.9044591047884296,-1.1048163631658667,0.5475286730598334,3.687656717430059,-2.218076768417177,-21.87088851217559,-22.37652465088442,2.3700005805250726,/
0.471639893406234,-0.054621743760496944,4.9180101357029,0.9013416951036106,0.9283288850392069,-1.1305957136191864,-0.6432325871605684,-1.4115072858304245,-1.3673886260291397,-1.6353671236339409,-0.3690260598025361,-0.18643747569586822,0.4631248980903422,1.9864715797114485,1.8306661553711479,0.646637278077776,-1.6986175503966479,0.3371067524220166,-1.1883993635565737,4.120550965874628,2.4294260927783853,-18.213331785038072,-24.974580836507542,0.39303881117939454,/
0.8002795219590553,1.9625729746047313,-0.07682913470330277,0.41903346010776943,0.44520422197535936,0.6477220856685335,-0.3379384569237107,-0.010327443118825386,2.9428359502046533,-2.18283272852824,-3.854725011765396,-3.8484092316082297,2.8582399590260934,0.00783048741966752,-1.5816426195511326,-1.5782495065404945,-1.1059489497532695,1.0554447236908118,-0.15401028197272382,1.163448220507746,1.5987426978759345,-22.37233634513756,-22.907565860938156,-2.0033020621591504,/
1.0917306507503781,2.79469969066723,0.13933142807951526,-0.03911019704146668,1.5036273773328048,-3.105134884380618,-2.670472550100882,0.44129875714716604,2.550595921305444,-2.536588686360396,-3.8362620703238406,-0.55984037069544,0.8863863351396333,-0.007102433286561904,0.7564566849242738,1.530619388424931,-0.7644110737104199,-0.1473230135122776,-0.6331954864570726,1.9742618964701961,-0.2023509913650514,-22.21731400792744,-25.34679693948739,-1.0326703841950575,/
0.4360725536774339,0.2981837060295106,-0.6582835610501547,1.9753687574290808,-0.6843454103776025,-1.8160770793926417,-1.075857121647755,1.9267714095306872,0.05877222950152827,-2.3477652798474864,-5.774180741116226,-1.5740467313872841,-0.5180481727568349,0.8565181038283427,0.18244070420809066,-1.2201500170263913,0.35346040668764545,3.367476133873538,0.2722345780247828,1.0282436325972526,1.449161078682323,-20.08785714176233,-26.139557769499234,2.0907746002065437,/
-0.26533502473478165,-1.7479249649549602,2.580797387585278,0.5398474288180068,-1.3648389058527073,0.6223198612270835,-1.1274407622285576,-1.287165926972449,-1.274310841279373,-3.31577415148697,-5.022691331406236,-0.28366962802192575,1.8197772468115545,-0.46741823774648594,1.5785981406652354,-0.16567092722902999,-0.6714224803801869,-0.9241361995364059,0.8392479224226932,2.0743078178304017,-0.8799518623173981,-21.831929437076386,-23.92810984919622,0.9589582160506893,/
0.4945786588501164,-2.8253457648813627,0.967825069376147,-0.35377131107391335,-0.9418482329083417,-3.0486409370797105,0.066586410912997,2.4340599461893646,1.7293350288775855,-4.636045621915024,-3.765135952358577,0.9164757516443842,-0.09560332257743198,-2.231853483726468,1.400106045960797,-0.29802388566657356,-2.0948635913968303,-0.910334217468062,-1.7480827309103333,2.1096010655193425,-0.5836350440110891,-21.22392013494573,-24.54657070550013,-0.17636360216732783,/
0.6437679407452492,-0.16267609918117487,-3.428034565230348,-1.7134095838729166,0.2756547718993829,0.8494280044768061,-2.8162643971270698,1.3776786101325627,-1.399589006932672,-2.074099212163084,-4.071375167639843,-0.998497580687399,-0.27045099705514986,0.3890071761878602,2.9846050771312775,2.0987190049805378,0.523551398782331,-3.5011670407942574,-0.015548450072934372,2.35381045173213,-1.3479669548477773,-20.233512393174703,-25.0485632686011,-1.0042055205602196,/
-0.8028834938294835,1.8372788431596008,-0.41453099260240833,0.2786716120792221,-0.3593641628079354,-2.866860152162076,0.6246407374213794,-0.11838517464369147,-2.295745311063399,-2.276226470325774,-2.618481438408338,0.6781991690386349,0.6818139734049566,1.7722643248960281,3.827772288051108,-0.650421921743046,-0.9973557659164669,1.8856973650492819,0.04893099115987809,1.950913960728883,2.667919087820451,-21.297494611921397,-23.65240769633988,2.8106377599385723,/
0.5077456267339926,2.1131159860802047,-0.4585517843250386,-0.5055378197028091,2.2783291059809585,-3.302234057395708,1.0397538604725636,1.3493045811715092,2.728432481861205,-2.7867699828686483,-0.3323690768283143,1.0191839450479279,-1.34705456460145,0.4537578855489457,4.053350768767245,0.7453250446577968,-1.0209725601401658,0.16957339574253183,0.2738634848271353,1.9727691312075137,-1.6169025459111595,-22.738852275451436,-24.4660735713907,-0.27819976613255903,/
3.6508256070923153,-0.7530380199759286,1.8482207981303986,0.18975787836815527,1.4840776786973038,-3.5276004892749597,-0.3844996269256269,-1.8213288090911703,2.0090018984424205,-2.1890774121175767,-2.105360081185296,-1.8405728146647107,0.4229450542740665,0.8066986408493477,2.064343283261053,1.2982210333638164,1.8697508832147776,0.1397826607134789,-2.0184900477137333,-0.1279089942343603,-1.4962279776313494,-21.202065339032384,-24.35408303543023,0.6725002877772113,/
-1.1630176634641316,-0.46701991639903395,2.073796544692584,0.6272695295928372,-1.3101304440049262,1.6807705790668024,-0.6280289668626926,1.1500313552232058,-0.7568081678843441,-3.6403441815958004,-6.72210238357502,-2.3425295852034083,-1.0420315231395136,-0.5248402059562949,0.5600092071952645,-0.19485528419466647,-2.678706805336901,1.5541230225719573,0.19893114823564773,1.1067056999380895,-0.49582205241569,-20.412969148868925,-24.337927533594197,1.4004661544875034,/
-0.4707122772358616,0.9231611097738285,-1.4852448332769086,0.23360495119386826,0.002951267984315109,-1.9292965485579998,-0.40879823657721737,1.0552800748658058,1.2273755794201975,-1.3440545598370122,-3.6570780413185844,-1.4498629454180332,-0.4469157165254103,3.3600925752804756,2.444314417222415,1.0424745078108018,-2.0223765758667867,-0.7099523749022865,-3.3917024029002363,0.5943979192536801,2.0487916917072653,-20.816544690507605,-25.956978162808674,1.586621254485749,/
-0.33754448910576684,-2.4493276987502073,-0.20823470530746135,0.453106850464323,0.2193258404619769,0.8029990582363098,0.42604337576827955,1.2834716197567388,-0.4541388049918851,-2.7715668366030073,-3.7698849846337623,-1.4303741714679177,-0.2651531454926044,0.9163812918685466,3.0592792432971123,-0.3406477594160364,-1.4611977039180317,-3.19192849993766,-3.6299378799852633,-0.4139264682405752,0.8692373919600414,-20.242879708544738,-26.341005749180326,-2.3729763443194543,/
1.820826551618211,-0.3327665031047972,0.2799323178118698,0.10640830696752346,0.2593691560905427,-4.5875803449116574,-1.2802915064242129,-1.3888390773586252,0.3003325863666646,-2.1236475381979716,-5.800244561795466,-2.173895441529396,0.7974706233095219,-0.6493192011629674,2.0621587494039773,-1.4330007102587246,-3.9298832648780717,-0.48546924049014706,-2.3513405212125953,0.4520007386360163,-1.4570308688749947,-21.37079797266623,-26.780688784776245,-4.158741261201158,/
1.7093770881752732,-1.1320426408883195,3.1657541548099175,0.8102549751936721,-2.0405849432625587,-1.7328553676686624,-1.6834589549642942,-0.0655799463887945,0.4490373982567917,-3.115412773650071,-4.693910811066388,-0.030510023021577126,0.0416358280783129,-0.017554282624175244,0.5540906750438239,1.1136053484057484,-0.0932769880336366,0.2685668127833196,-2.608308988372645,1.6039460961529102,-2.1153594887844633,-21.327766513185846,-24.13729491869897,-0.4347890221775401,/
0.526076969750477,1.5629348981612496,-3.4100729682193105,0.8302110927114796,-0.7786840267962134,2.178786328898809,0.7656815040920728,2.9623856027177453,2.397954783720593,-5.006769625909655,-3.5427788436684864,-1.482279573051585,-0.1837048640879857,-0.12873180130480932,0.3180058621372268,-1.9500597913233477,-2.302282815095907,-0.9333299720724995,0.5376188136657802,-0.037095758774540855,1.3243330265930808,-21.42767627919749,-25.17643487949286,0.19835223913469235,/
2.141593045471666,-1.8531285643669388,1.4616842698321761,0.33650025463525424,-0.1534346664225268,-0.6341063398122628,-2.905721363444147,-0.7620965788831597,-1.406372719328374,-1.6230138324028829,-7.495587910786213,1.3144059417868448,1.536203864878388,0.6393232402543418,3.3602017855411646,-0.07933593922616211,0.2023737323469561,-2.4440244913916445,-2.640345131887017,-0.21003446898293987,-0.9944996332361598,-22.946680070488753,-23.692181898022127,1.7589822158474817,/
3.740147161284881,0.9250615839143744,0.10188597307205782,-0.3422326596636509,3.087381006300859,0.441202674831743,-1.9075765403471463,-0.8136786184184643,4.794083994870277,-2.942063612372543,-5.346309299382966,0.16244077546190283,1.9047532912031784,1.2053861260738614,3.31968308613682,-1.0514177441489707,-1.1131438485398348,-0.3805643061982664,-1.0083990808201868,3.054805373110028,-1.085169732969291,-21.021792856069748,-24.530553174877596,4.523253312469706,/
-0.575508245822391,-0.6395538222018448,-1.488528469447715,-0.9165750369249963,-2.136285914080588,-2.106691308482766,-0.7917394267272102,-1.6050827142364597,-0.7723578543679537,-2.9666343847075396,-4.965408318291196,0.7027271546244833,-0.8043415684767581,-0.49986225179949884,-0.48333152584530126,-0.46553494103898885,-0.2664937119978674,-0.49576264007657755,-2.6217477957263604,0.46937525891625853,-2.2441298043776783,-21.811160026101547,-24.643493805207825,0.9642085927563357,/
-0.46528227489392293,-0.8422235397283885,-1.4802038541072875,0.08373949090592703,-2.1024845893139172,-1.6489769342339287,-2.6782100415661447,0.8049650119415901,-2.3307871684764336,-2.131656907646814,-3.7104239278252464,-0.6450303695465891,0.6963353832121015,-0.8851112386435247,3.5476639492678714,-0.9414616052274383,0.7427847502697205,1.2709467972289872,0.6160808516627867,1.5808673434021898,-1.5185688609121826,-21.780888766949033,-23.310734307060414,1.5099728633834957,/
0.7507356009501223,-0.366024506020331,-1.4502039148662789,-1.5289301164032594,-0.07239414681174594,-4.795194107814609,-0.3946804379769562,-1.8942225300373536,-0.18432640662513222,-1.5313850388331858,-4.396628836377431,1.748473363264111,1.385660790076372,-1.0822154587964974,3.9236927644898856,4.657678292736179,0.20957256665829505,1.497392557136095,-0.2573135905891206,0.7772487664547896,-1.6830477256251584,-21.61839963797319,-24.58824454011529,-2.01840920233343,/
1.3253535236337655,0.40175841487533115,1.5078884078500892,-0.7717351347635173,0.3995997198454688,-0.8029640489115764,-1.739250685893579,-1.3478419838472746,0.9549411825470315,-3.0461813105241404,-5.2671713919664,-0.9365235048866793,-1.295472925523029,2.6255671415718282,0.000450825549307865,2.9668179466281686,-1.642150461326196,-0.9946551695943526,-1.518670912695125,-0.3403540764025905,0.3777846337233086,-21.75753995434519,-23.762635103389684,1.6455324701513518,/
-1.7561007646245343,-0.777608133315504,-2.562744457675933,0.9362289002016269,-0.5511750399908806,-1.6612419074558034,1.0743693003503552,-0.2864383934334569,-2.4915393259725533,-2.00894207356302,-3.381646983979749,0.4697057265896092,1.809594069536729,-0.28782729964443377,3.361513958547391,0.0037410383957521276,-1.617171367938539,0.24819791740361552,-1.353195735361755,-0.7508515778276745,0.11235127306684944,-22.676001316398562,-24.445032060303845,0.6876068755971119,/
2.5381107964835508,1.6032516430314416,-0.05076057758543584,0.6959557602825299,-0.7712214432802398,-1.4877886653566748,-0.25133211454115134,2.2001678281755233,2.14872567707647,-0.8709781062612834,-3.6759486617009145,0.9208511438159803,2.072536740125827,-0.3050655782707423,3.9539228145552556,-1.0598338604405484,-1.0230063288760505,3.539392090949036,1.3424604774924305,0.5885614945771493,2.6904743122088917,-21.982200957216335,-24.3724091034626,0.290112713982694,/
-2.3013919437464097,1.5850616086840192,0.7448819265241013,0.9772243884331573,0.9853446414995801,0.49047376040692825,-1.1502461719620856,-2.1144022440503534,1.4216387166162008,-1.9376746840670336,-4.372463775220751,-2.7801014741227164,1.6908175427188326,-0.4636182607244379,1.1736554253354257,0.8635598620245943,0.5208354862266731,0.39339273830830734,-1.5326528777040274,0.8654836946376747,2.1352970119843917,-22.718354659067607,-24.285124000376705,1.1558381872399082,/
3.1178820472126745,0.4608081411900059,-1.1466630196545111,0.1370877767018044,-0.9061469196306575,1.1365390089221705,-1.14033673783773,0.6002583590543509,0.576491039155826,-3.5443725191693787,-4.556400440613345,-0.2521337294076602,0.5857063316929327,-0.15655875434695332,3.4493347659569054,0.9608904887755543,0.5364525875593813,-1.5007712512809803,0.17761870043313266,1.1681985991466632,-0.7833701900977417,-24.32749501893753,-25.735576464898998,-4.239557994444965,/
0.7681132903634875,0.5026181104134694,-0.8685275801572061,1.1904829470257994,1.5192358895552616,0.8395691144439752,-0.5790244765195363,0.1698019127476016,2.999122654151563,-0.49957537268719676,-3.0152663494129968,-2.011390608428826,1.2037638174201106,-0.9023517853749112,3.0936650418247496,-2.5130011155487395,-3.1422813969261085,-0.23668060882658892,1.0633656209195195,2.2365251021581116,-0.7115375832945574,-22.075865766913687,-24.49905934495193,3.263320489806347,/
-0.03944522329516076,1.777007271603233,-2.8693529632701598,0.9331058748684455,-1.4510314554761976,-1.357927311823346,-0.04662624050588793,1.0582631750319536,-0.2134534050431398,-2.4266339421336127,-4.041785461978378,-0.7286888278593437,1.0714082525604454,1.5514042104316346,5.395186529513865,-0.4307838187930244,0.7021931953259468,1.2615288240601217,-0.5752319123626037,0.45539340265210626,2.2638635088205774,-23.906951657256442,-24.846028704336874,2.9766481375721696,/
-3.473679192038503,0.4768154068570363,-2.034708277913296,-1.0207065045802324,-9.120934744856925,-2.0523533996300216,1.3122759569176887,-1.3419968098776849,0.9552419433599653,-1.382918951940674,-0.9978210305609991,1.2189641654595107,-11.686134099209823,-0.2049041914442853,-3.8288315324734867,19.235775741715294,-22.517146738181765,-4.112923117244463,1.5722637347743849,0.1983036626066479,-2.182042974273088,1.2804738557566182,0.04764778889803267,-0.46453600300873177,X
-1.7788746923390022,-1.5582977401924445,-2.1667735253238334,2.1411029316482626,-8.713422035183157,-2.4121818825556716,0.1369820185268713,-1.9835319103398774,0.4206510832779031,-1.3092077914276103,0.5158895506704653,3.8748292573270646,-10.78762886675699,0.321792751605777,-3.4048343041876024,18.064282567883023,-24.30207971964697,0.31512924815785937,1.5994126176100885,1.649163402160525,-0.48563001869115396,-1.0072642849192235,0.3416749810267419,-0.26984200179794016,X
-0.6805557137747087,-1.4062616227369042,-0.4318183046914328,1.2394738384263064,-8.948807898888674,-1.4389179599118052,2.0496516612212785,-2.1993723699650616,-1.774207243353544,1.4987110126202765,0.6168851417780274,-1.5586669745115387,-10.559843688965202,3.7374500160045727,-1.6563029868003696,17.873016048862972,-24.352982777591166,-6.373055560771775,-0.2732114542965185,2.433915881126879,-4.086284337660402,-1.6801607814460198,-2.841990326479973,0.8168617517812891,X
-3.091006851956138,-1.7692480140881408,0.6982421173514695,4.597982184086362,-8.750481560202616,2.0879291130520414,0.24585066622739493,-1.122765336395105,1.796446528784827,-0.3179866181109503,-1.6538886845794423,2.7986451752957464,-8.499343308393009,0.7085356843698918,-2.8279817352979535,17.842472281374054,-23.640313025288947,1.1685902453120889,2.695838208297843,-2.1361303633606497,1.565560304944313,0.16626496113919131,-0.410090647287376,5.83490424108777,X
-0.33127655001715084,-0.6333203352883973,-0.09301844918729785,2.3422797985507486,-9.201297663762489,-3.225120065265685,0.8204660344879144,-1.3724024948191982,3.565991891438614,0.9478512005699002,1.335798831991184,3.211681097108908,-9.108168812471604,1.5588520177091283,-7.064843876488624,19.326047322096386,-23.645608046035377,-1.2435211733990172,-0.19773630699742384,0.44278444813187434,-2.026113284563621,1.9942285528399708,-2.0842523252736243,-0.8826236749013674,X
-2.809473991290872,0.6885801529522979,0.4168316584112972,5.404723996952043,-7.310076314382854,-3.0041457066595854,3.5842669944849783,0.733710093226108,2.8485306170024955,-0.36726377267959265,-0.4029787636324045,0.4476266062471268,-10.777037292480827,1.0404362128073075,-1.6431645756366038,18.40622843615507,-23.738595072060093,0.019254451424217223,0.8724898427557939,1.622286771334302,-2.6824640616157467,1.460472862899664,-0.5955185589681236,0.5485763094118283,X
-0.8335394215307019,0.9479919241095085,0.24666009162501723,2.336578372730841,-7.229169243584295,-2.7875503581460634,2.5751267264763387,1.1203100041865923,-2.4693287392175307,-0.9120135478713678,0.6433557438221555,1.9581052931019371,-9.258845570836456,2.388399851458196,-1.0794493684375084,16.606499611073534,-26.149181543962953,0.13532448332824742,1.945973964915595,-0.12599368741810224,-0.7799766442479381,-0.8012014156703273,0.6093684099984102,1.7644959352248861,X
-3.140420610661238,-0.5877095476194778,-1.9685717425449525,0.7361261947423685,-8.747495781117891,-0.5024606668458773,2.0662126641899423,1.5156074801481054,-0.7164160918493963,-0.7233266695461964,0.6346658841643773,3.7134230570389946,-8.491200776665778,2.9009791074037423,-4.963933900306131,17.659350593256242,-23.497507861935674,-3.2476317668927095,0.7034854896166003,0.22504800456479757,-5.1280887522972876,2.132147575758246,0.1141629631768808,-3.395695499747603,X
-0.6775687057015034,-2.9084336009700014,3.115181278833461,1.4291141045340652,-5.425779997260747,-0.3719349691118623,1.6250363221967037,0.6993622000160826,1.0018908094868948,0.8122389820496778,-0.7635246167768628,2.505175992249974,-9.986313669610666,0.6801642445698945,-1.0557924732876245,18.487404924694825,-24.15655782901534,-2.4826487407420927,0.8009512231058977,1.3328745274610014,-1.5743019765444046,1.3331422520288854,-1.1664703469944016,-2.7772326135414005,X
-3.1953983314483594,0.6532859732462846,-1.4539141911980664,2.60046978096932,-8.72821963597687,-0.18949939572382846,0.17214028267839865,-1.6088717601658118,0.0932396974870926,-1.140203884487164,-2.007370477875213,2.1510473091511244,-10.989210561070877,1.5530146022469609,-2.152573711135801,19.023332451246503,-25.350857532069654,-3.7835343857151997,-0.6968768798689844,0.1928738881108245,1.6610467965661542,-2.694730567138052,-1.4262900681990658,1.9267668462560437,X
-4.673813552235401,-2.2639087138871936,-3.0822108076962422,2.4905160413370027,-6.480257989253801,-1.2740138928162423,0.49372392255257846,0.562124747849964,-0.02414526919488935,0.43133460052637673,1.9125851874024988,-1.767820204237978,-11.60644956811447,3.0182639598588423,-6.130131747007908,18.138128940426977,-23.231309497401668,-1.1377424421348223,0.31362049037193884,2.6773103858638763,1.132586710796545,-0.10210565427194496,-1.108507005924423,-0.9216029351000543,X
-0.4993330553153328,0.16812763274147624,-3.6958591524007147,2.257302739208008,-6.997182181932715,2.0811388000217903,-0.3561855869163697,0.09311754404444628,2.2322609089990806,0.007397316496920325,-3.9493611602096053,2.4431989613534597,-9.249617552330392,1.181612314008568,-1.474090951219921,17.656363958022226,-24.042803204428523,0.3039639572218107,-0.28352848429267397,1.2739610057159325,-2.5028773662855883,-2.188260181202537,0.04411797529552075,-2.5840647674141337,X
-1.2572017711798367,1.0193945756125844,-3.0094915340642956,0.6241359107935551,-7.122068120758399,1.2195713398796784,1.6504207622303877,0.12488153738968322,0.6133797800751495,-0.33848483690624676,1.2734889661691113,2.854707927169386,-10.946447687347899,-0.12929256946677015,-2.2154260855967323,18.119395737177697,-23.91235030009406,-3.9425375407632828,1.7092317260466352,0.7389814814918623,-0.241001195294416,-1.9338711734960867,-1.4630771858593903,-1.1563730341703717,X
-0.7704149020789259,-1.8828678788302826,-7.26804162045255,0.40191826467373915,-4.434281669789698,2.0447813450055037,1.3500135637948043,-1.5594604870553042,2.768821105681411,-0.08056516980469297,1.6279239849933163,2.6683273285055975,-12.981020250691927,1.1110238543204929,-4.534024740503355,18.282155789060344,-24.803932578522677,-1.6298481108371448,-0.5662883242093386,-0.5616050635979235,-0.3548890132294673,-1.784414068782965,-0.867419699137983,0.26386735596867084,X
-3.3192006338822466,0.20097829870131412,-1.1440189838663173,0.8078011181860489,-7.086915571532529,-2.8366087044412893,1.5152172090672984,0.9783209512975475,0.23253217022289618,-0.9037338389400134,0.8153461444558445,0.9381976136087928,-11.019210003192967,-0.21318412476958315,-2.74760114105311,17.393151795469308,-21.970901449764426,-1.6160518180186045,1.536969052690221,0.88844076110027,-1.8316420202465906,-2.418892928662814,0.05945776021978588,1.8621652760230631,X
-0.806255436271897,-0.39481356817511076,1.5972622407253994,0.19748292134131873,-8.28772303074669,-2.713966097593868,0.022818905454964344,-1.3555697858304256,-2.5821142788014413,-1.1459048028315166,0.3189179162760354,0.8481836279965478,-13.163329473021122,1.6988068668832454,-3.8748192028195945,17.912924881740985,-22.267102874341532,-4.261839370381836,0.005068883283129821,-2.0878034861291326,-2.7954784692267935,1.0668086400788113,-1.6155200696572791,-1.2209779461471157,X
-2.4975206287784317,-1.3458543591569532,-3.572560348579316,0.6229125356543648,-7.462117236107588,-3.855191810572819,0.6830904279251575,-1.8004129227171006,0.14908263994504978,0.09943354390011194,0.267475774290034,-1.7752657200044268,-10.299073386628493,1.6913415388565625,-9.55054438885253,18.582970322725515,-24.096829757207075,0.2733040649970917,0.7071504859061548,1.870567996478357,-0.7081447002699974,-2.8604778100612904,-1.430632947412434,-3.252899415719071,X
-1.1881101676288495,1.0424714849345889,-1.2732368445758198,2.688569934689532,-7.925008385844308,-0.5690273205506173,-2.9474525773795026,-1.6403627937975784,0.6560831790429233,-0.49947981628133675,0.22851231142590223,0.588011028307676,-11.813733893071145,0.9441904721498275,-3.2302913221811878,19.473468223399227,-23.968276875905815,-0.2569017919474845,3.281720614403131,0.29916398213258333,1.4567186583096827,0.6443646218831489,0.8109507947552004,2.954999196324991,X
-1.7142621302543262,1.2485348929986764,-0.523362753751087,-0.1345530996194242,-9.208087562526998,2.4258540944929337,1.3411899804421852,-0.214890019896103,-4.121939303988825,0.6188001577801074,-0.6903566104667505,-1.5628347090632815,-14.297900683096998,1.0766805663649137,-3.6803481042088606,16.02360386609388,-25.35045144114771,-5.143995480083845,1.5972402787014701,-2.4905656307443564,-0.6623682502292922,2.729432574587271,-1.7858827510504511,-0.014926241360626591,X
-3.3216375108265197,-3.8578453802075536,-1.1402988772840672,3.596444398491542,-9.010570892472515,-0.9915023983220408,-0.612475095464089,-3.0027178836324993,-1.3760552000843518,-0.1481681507506778,0.1005043276960862,2.1260826598298763,-9.86685832690793,-0.024767758537663553,-0.2233586398157854,16.095821018546992,-22.32791615675147,2.8220789982727865,1.20805523025723,0.43748947571646113,-1.3150107687000059,0.25029246465769006,-0.8785501296098204,1.3687493675548126,X
-1.7253986159108194,-0.7799266959407267,-1.9718516779415722,0.8372582070189907,-2.9003442172921723,0.14294410394921897,1.6141765730845083,-0.9241684269282473,1.5918866778763459,1.0683936940189795,0.056384844059010675,-0.05388888839729589,-9.671654820231083,1.76912294682991,-4.207051482187126,18.20518768490067,-22.827462473597407,-3.5971614371592295,1.7773768704099737,-2.480247002372778,-4.018613914247624,-0.6989839545892167,-0.17036094465287022,1.7355801018768489,X
-2.336664808178682,-0.8241801235131054,-1.4326716921702314,1.201600833530236,-8.34052934990143,-3.896589222903117,2.3003755698269,-1.6634426167348693,1.8214073668610808,0.3659043572198044,0.20258605459883938,1.9497798492299694,-10.742695419933256,2.186137356236067,-8.263450120744153,19.239983877535916,-24.300722122399492,-2.44410962411132,-0.8669676993529549,-1.251062400299901,-5.495582532787296,-1.227989269342821,0.6982810079308308,0.6210680682847851,X
-4.308246466589537,-0.2749493496380252,-0.1622236720291994,2.0320996592248903,-6.165740183558796,-1.720564136073051,0.4140407338293537,0.526828255079181,-0.9947730806785557,-0.8289365702494536,-0.9933425552578115,1.581853575279922,-12.962561617614256,0.45916823367304005,-4.423866419174544,16.549214896016572,-25.71207896292151,-2.513529823268186,0.1533044805052306,1.2303873310349616,0.710131655870498,-2.4001613600372096,-1.0191849408040667,-0.0221545437768782,X
0.1685452880855678,0.24075200944087316,2.1298774397496913,0.7761719372778515,-7.638719947504683,0.8529531515135886,-0.3240136385611221,0.11999655689882616,0.3505677274821437,-0.7678517366296305,1.2525853227293169,0.6147358928703284,-11.058712425819152,0.5598933955404846,-1.5899500113779368,19.024825534112907,-25.80058504185739,-3.9729752760662222,1.7377386618221884,-1.253370385355396,-2.7659077093197766,-1.2099344556298561,-1.786290436895598,0.4342598092615617,X
0.08505103091380306,-0.4172117848132008,-0.9583037512588817,0.6716473127683429,-7.321751925507726,-0.9426523172364796,-0.10166054868049912,1.224566805878112,-2.6688427226204112,-2.5039138857465346,1.2185131510045153,-1.6940132067920786,-10.751789644405676,0.438806943522394,-4.797488736941773,18.724825736067473,-23.323345313991325,-1.146944803781139,0.23122258237263438,-2.427034129699294,-1.9137618678852277,0.731785245110089,-1.7074213327259855,2.2331622259223423,X
-0.6482520287979128,-1.0009222334796006,1.3276573342720894,0.9693395417501591,-5.8319273974392445,-2.4294736946756643,0.3608280510276787,0.9859269812395723,4.104968141306074,-1.4030098715388704,2.2614541175804845,1.6109838602063178,-11.803552510948009,-0.1229126142958421,-5.692995140938194,17.022562781700767,-24.619589552935395,-0.2969881359803139,0.07525018531491412,-1.9483922779202771,-3.9082368882118317,0.7116951609478619,-0.5949776383480696,1.142953949665639,X
-0.7649891942920704,1.1797113947539382,-1.3656576590554437,1.7740448897002636,-9.304466493080554,0.3459683268971503,0.1528641927727845,0.48529162183362473,-0.9154915058942379,-1.5667206115721939,-0.12239211359528213,1.089310138133385,-11.400928689672185,1.890752981125594,-3.799257541293514,17.512472733096352,-23.865652253716192,-3.9377114274378187,2.1844806359062723,0.18500140933228693,-1.474008427822298,-0.7773093763670005,0.08049972699899399,-1.392246212505654,X
-1.5577507285557317,-1.0196552333448874,-4.841909349259822,-1.234779637401573,-7.051891196134875,-1.2113754451970635,2.0891539267177706,-0.5233079831225496,1.984786162640205,-0.565859580890006,0.9191935410992755,5.4882355603530755,-14.162555127450588,1.5942825530730573,-3.4931009720326642,15.51754040306406,-24.242485241643934,-1.759055863461981,0.6998202309587178,-0.43671943547160197,-3.1298953376868894,-1.602921060484384,-0.11429939414999524,2.1065784050442176,X
-1.4585214009698575,-2.232822721569259,1.8602850165048608,3.989429843401936,-9.016689100723397,-3.8142406177084354,1.1751720431056105,-1.4865675255963993,-3.4071088381110712,-2.4392996424333404,1.9237156523965098,1.6107678896534026,-11.221201199216893,0.26138581903387603,-2.73687408806245,16.722698531414093,-25.36076677610643,-0.5562907775597523,0.9660190753505553,0.9601158985812788,-1.532036981228316,-1.4393460995082208,1.364390187949752,0.12414462680783345,X
-0.7231776819016886,0.6699827993417804,0.3062299346238433,3.160696380200875,-6.589943826667195,-1.104935297210318,-0.3063664975317284,-0.1954795697935765,-1.470669551797073,-2.0816068755964707,0.44679559961346627,1.7239828018954313,-13.294186914780937,1.7171325310064987,-5.081540167760522,17.256726204091116,-25.124159553355184,0.7638759285081846,-0.6955194863021426,-0.10006613255826835,-1.6128491299309644,-0.3509290393811213,0.41077072033097295,-1.5481717043219874,X
-1.2848687376829275,1.2644091373816948,-0.17673062837991438,-2.9149256399854977,0.30942160986950284,3.0913913215194384,-7.146784952091446,-42.830582779966875,8.28571724428258,1.352372931087821,0.673726108188248,0.6872107833936525,0.5984997263081198,-0.9571112083330746,0.35734875433098523,-8.614791779013338,1.3107153648965095,2.470230204725226,11.783178240055513,18.177980535723208,-3.5106730548283736,0.9053347337128201,1.3329638833439788,-1.7824069509371157,Y
0.3011921168534286,-0.7808851068214117,1.309437175768494,-2.5231595760018735,0.8013746906811434,-0.3620967962336863,-4.080947652537371,-45.454431632064086,11.496756156542176,1.2193409979635632,0.22508242811628065,-0.666897158799145,0.8705315397095887,-2.0838081651919964,-0.3193737351080017,-7.178049215636186,4.9154639552882315,4.715462530490527,13.244490172442383,18.209609623421628,-5.348999542650063,1.6322576069552355,1.1093898206340924,0.4098226384647319,Y
-1.6078129161994639,-1.3928307474306887,-2.5336561577563543,-2.758680752715506,1.1787482401986153,-1.4477018893827562,-3.2440698567396984,-46.60298266850177,5.083429088748403,0.020019641237645658,-1.7235601334380704,-2.9167358160920003,-1.4930850170017607,1.0554673364562461,5.306191986222643,-6.37945310363088,5.139313235460037,-0.768632978205801,12.836029153193941,18.533366998733143,-2.5450843168918027,3.5063759734556044,1.7243222096992525,5.392617159330541,Y
2.9316948090286132,-1.1116995776778507,-0.5161873989186461,-2.7366900690002325,-1.1881302451573674,-1.5569826301120315,-6.337192188355743,-44.884564937264116,7.524456037012669,2.3729178238261355,-1.5944646882625761,0.5179205808342431,-2.1469766158024868,1.725512662654637,-1.0885170390266126,-5.570402684311063,3.395643603018698,-0.49968562199467215,11.510869552129101,16.153727367142437,0.6210707223474969,0.5785926322420067,-0.05952532641369146,0.7186243498794624,Y
-1.3189451901539542,1.5835493804265022,2.4171603876869767,-1.4236138253191513,-0.22270359560633324,1.794221612853221,-6.974250941050028,-44.734836308958876,7.543285603657523,0.3037293097035203,1.52716166942443,-0.6132415672055345,-1.0182428384498792,-1.8913196251639803,1.8956356107277088,-5.4516249733835025,1.1677727412575223,-0.7489197550634685,10.547340388233401,17.64463279744858,-1.118708705987899,3.830402694011809,1.3161306841407026,5.05644935518211,Y
1.4866704446779977,0.7924181400812618,3.533201641929054,-5.261984819093044,1.3009237762032626,0.48458018473002085,-3.9195449653901777,-44.356103180622654,5.432073749249298,-0.6815183307767612,-0.9069070224679194,-2.812265778001631,0.7096745039302732,-0.7904157283316238,-0.8964576852370669,-5.2553345092843315,3.1731552411249595,2.5551992894519344,12.35575698610895,15.068974798418509,-1.7435291632046983,-0.6640313865004828,1.7768546784691353,1.2965745849615473,Y
-0.7716139316476642,0.13336835863903213,-1.046610883479275,-2.958363873926345,-0.2247332216845166,1.47272527938145,-5.322486231348654,-44.38176053754077,6.200346266526935,2.8385275857503487,-1.0661383827178383,-0.05193064804370806,0.5550566005790358,-0.5205507803523517,-0.9212040441171325,-3.7843841884492946,4.3701706772197895,-1.2832862211886322,11.876707253434645,17.825582537621102,0.1105683118730667,2.150402281817364,2.197533845098988,4.434471589654379,Y
-0.22536263637670118,1.2041375824930503,1.7391178541922159,-1.7712602123417014,1.1029985296322593,-3.259083316578028,-5.0462418441966825,-43.04315958483997,3.4395804658782367,3.8668077351843024,-2.3728345745659283,-2.4966856567930336,-0.12407978786305307,-0.5519075159270628,1.2009504748043582,-4.4446564156028145,0.6809881920449641,0.42669639621976785,10.829422290853884,14.772639959551313,-0.3515319492800586,1.4997690834978386,0.2339586459199836,1.7297689551450048,Y
-1.2689830954715262,-1.5183964339694385,1.6563437428198995,-5.3241565031165266,-0.6979516303294986,-1.3861622679000902,-4.255925052532795,-43.24325052998455,8.338269452816235,1.5998396234297516,0.05770766618101675,-2.9651321933102963,1.1891310231477803,-2.136478032107739,1.0925406588045803,-5.957280256901477,3.2980465377878545,1.7560647458733456,10.60693382711981,16.058705460768707,-2.709560309362132,2.406556803914846,-0.0847718559712689,2.4877405884347468,Y
-0.22848338324814677,1.4623276308273376,-1.417828443707947,-3.301531972065362,0.7124596692939917,1.740560083450248,-4.876830067095192,-47.4265577599717,7.759663435025971,1.1947711197521826,-0.7345116356210042,-1.236535979809787,-0.5132706688240773,-0.25489436519839614,1.9019879896074485,-6.649044950355851,3.0623906142292867,2.126835755223624,14.77611909961282,20.198432374013763,-1.9167601379113535,-0.30226664609598686,2.2071722836042653,-1.7521836395948753,Y
-1.2833769528492098,-0.46636016194637353,0.7152766107763,-4.240490574211151,1.44820425953543,-2.8011491881489974,-5.043255365606904,-46.466828162284486,6.460311540008661,0.7326891139104603,-0.6142378280435707,0.09393089218536943,-0.6395090887150445,-1.444306160283773,-0.24995397783453654,-6.258367480144329,0.3467800168690758,-0.9155755587611338,12.283268299707032,18.68092183647353,-4.586645253728989,2.9682768243298767,0.5733250029552153,1.6623125414271271,Y
-0.08120563407004511,0.7199294762535915,-2.746089184790776,-2.0241573074825396,1.7786059813344082,-0.037094476345430394,-4.725744042633901,-43.25099144486009,7.797760916731988,1.258029364193284,-0.9660923716000127,-2.668596587443801,2.344472593557498,1.6359199439002197,0.3152983210642333,-5.486239608868296,3.4040632785436458,3.6048892529523187,9.499784400905511,14.898477687784137,-3.4230770004060105,-0.41466539609047004,2.8956803993468156,1.6579294162945644,Y
-1.6554515046689176,0.10363983111683622,1.5418018544750112,-1.2504004707164995,0.6983360236668545,2.17989221522879,-4.7831649083465635,-42.83845903546833,5.928341628959743,0.6159474191105474,-0.17129793855863795,-3.4824159686743315,-0.6017734957736707,2.156643744214179,0.6092050516125482,-6.829317234816145,3.3304901617405847,-1.2127732441754233,9.046119024009279,17.23915806130826,-2.3655038907836,1.5996788943882763,1.477126105399293,-0.1188447735120235,Y
1.0874419870502265,1.659160238790305,1.7991247751922401,-2.337459143038899,-0.010934222329694876,0.4966225315289421,-4.833255389437971,-44.5814456955583,10.083955261507185,0.05775687743321356,-1.8244188787541304,-0.16077541548042973,2.1202175953029325,-0.8843511744019494,-0.23549347890394756,-4.151172505409001,3.5723883385293504,-1.0073403419730766,10.782317863568025,14.28938385686422,-4.456783817342512,1.2552904866767491,0.97540840072989,3.210673319407249,Y
-1.003601448991617,-0.3627854897803337,-1.0321519863762205,-2.9621660810791184,1.6364925244357664,4.628580263164338,-6.225879946483232,-42.948140385002574,7.699435627519279,1.0640473408419453,0.2533138668005108,-0.5087750641830553,-1.2069296270174732,0.22659867762232722,1.5086549342924513,-5.815696611395872,3.33293290744993,1.2547605543875306,12.530462222207298,15.477435921233408,-1.290624276415258,0.38651155021295835,1.4256796343360065,0.28192495989969757,Y
1.254138167851238,-0.957491442882104,-2.0474677784081905,-4.124155426025524,-0.5380401837797422,1.1413756346557307,-3.7962870294260327,-44.85769217982286,8.820739106467897,0.6259923593513363,0.18259299741686164,-3.778297973632334,-0.49996718656126404,-2.154668997717053,3.21295412918073,-6.284837063785133,5.195648505163632,2.6592286868553856,11.738381506113008,17.122958308983968,1.98042404243904,-0.47955232984440244,1.824639343952299,-0.06826002357394145,Y
-0.8519716722311159,0.9644089887746368,1.1013785466678314,-3.463477753514212,-0.12211384686122528,2.208578766284006,-4.939952177224672,-43.38728293495754,6.299346726085787,1.2626446749312734,0.248294553730517,-2.993378545562109,0.08048543469155334,-2.590686961937756,1.9466602004388847,-7.230448062983122,1.2356472872222355,1.0977253826715696,9.558833556714731,14.907708046891798,-1.9855369270975984,2.1700855569969875,1.1588013284952012,2.22756588979928,Y
-0.2681204560573178,-2.2652742776773778,0.20762691722245563,-2.4730721279508003,-1.3295805177994566,1.663480496920613,-4.557146732418801,-45.22026611245329,7.27938892043494,2.7363086643824275,-2.1428805635895856,-3.65433830544265,0.7725248208712117,1.6197664547053705,-0.6196254982231153,-5.108457558783009,4.436821606390282,1.4689413963081392,10.774173265690273,18.77662244826122,-1.3795392149492613,1.13189623257054,2.1483940886762127,3.5297624925990476,Y
-1.210614015605529,0.8598842088075831,1.325203661336559,-3.7475942931025514,1.1997883013552837,-2.0576265095838835,-4.865155853470003,-45.662939684285874,8.714087489616247,3.355856598936164,0.044402872076631184,-0.19778506290163023,0.27623524744342376,-0.06457772046939425,3.077600053468416,-5.92823130270159,2.796051751460624,-1.4615528724630735,11.498381702198806,18.974404289832748,-1.6165102804187086,2.151080945804736,2.777579491662891,-0.20141368524139125,Y
0.5439141163541876,0.3010153843428765,0.9682213223147187,-1.9896768526794801,1.7719588109353026,-0.673296333139831,-5.476151332553177,-45.55026584456141,7.215220644575936,2.454092776130331,-1.172970605634788,-4.7430083852909775,1.5401722801516655,-1.4491926252269423,-1.5199614677596287,-6.528502539759934,4.175645365029112,-1.04260739425672,11.762816048876836,15.800785417375764,-1.3184344344328451,2.836194754276974,2.6410184043091647,1.8215358373035428,Y
0.9172165104788519,1.2702462150662268,2.3317445863754642,-5.23374765663678,0.8343574539111387,0.3402534715477259,-2.797056230225718,-44.48438119658789,10.032053754021717,1.2509698647202256,-1.045778021212925,-0.817573820502048,0.6507620040407573,2.1620735221622027,-0.7551986929081522,-5.46805011390245,4.040305291499692,-0.27871515748671527,10.57082549082218,17.125264816491566,-1.782957266552387,-0.11181474704648053,2.993416153851797,2.6537467681752673,Y
-0.14907228136746653,0.9392959924197346,3.1438209305850364,-3.746103160737448,-0.01894755837321327,-1.1938785201537598,-3.5481422251813655,-42.697552044761125,7.224415411349867,3.874138271487247,-0.3369112700728749,0.494049289341433,-0.7261169121516389,0.03913210541745826,3.1095809011335405,-7.09103667525909,3.263021181961193,-0.24608689528196237,12.72702436352219,16.960197300837834,-1.1901022463142112,1.3251988186384054,-0.9140482386247157,0.6362809091979216,Y
1.4188008837113557,-0.713690463487924,2.540461870427009,-1.5398109608647133,1.9890162591024136,1.689752348058903,-6.2599523003932305,-43.06515610279811,5.773732867073136,1.8591153757087753,-2.029261093209044,2.052480398601574,-2.4301460886134123,1.6409423225369224,2.1378536006881177,-4.577009073697674,0.3906233371373844,-1.9037382458988645,11.595848209847262,14.808613749232464,0.8203518607718934,2.8456971271912863,1.7273072569145,-2.535124120098942,Y
0.7806509835770044,1.2254498228929764,-0.0906637117544733,-1.976643323251153,0.10634971874071653,1.2072870027711815,-5.06728247901435,-45.2000436047866,11.62925693536181,2.6270343723902343,-2.169891948165173,-1.7807529677994012,0.6878176487708458,1.0010339160074295,-5.261210959593711,-7.12918095864007,4.53903904675812,3.091546139264551,11.317703158521113,17.69268697733493,-1.6664325641609707,2.0659688013000093,2.411335419806022,0.6513908387616993,Y
0.24499456289953514,-0.15292127500292577,-0.4940679821164622,-2.233206124974714,0.44870386404971896,-0.1785679754881926,-4.747327712067667,-44.795106136823165,6.06062966849953,1.3730057551872576,-0.9461389157397946,-2.2958527340430237,-2.383853283912657,1.2096756966708284,0.38385215241498827,-6.171217003075867,2.535286240797973,0.2782173315545151,12.591141767545096,16.923410500781273,0.7603556002109144,0.6284122333095965,0.7647300861066384,3.9338265226205635,Y
-1.2782152842530081,-2.6995276673724913,-0.6182413562062266,-4.251078509853031,-1.486230118557728,0.09540235314062784,-3.856829975104451,-43.91506667662796,3.867292912410335,3.1743640670432214,-0.0055506611132614125,-2.3725093828429067,-0.48665957544969274,0.6240641789501922,1.9974729898725627,-4.6034798552569995,1.3236090830809246,-4.431255628490362,10.782454222597245,16.605626112856186,-2.363305824244776,0.7762395681666874,-0.13622138569678555,-1.4839079462796576,Y
-1.7481696791156764,0.1943185654592729,-1.1565504172480132,-2.547866465711067,0.900606641950219,2.020015567003327,-3.583164815784049,-46.10112602599881,9.700482808523589,-0.14640514715539865,-0.29835768175806265,-2.745691998925736,0.059721564521311166,-1.49371820323816,-3.561959786393004,-3.0711722451120025,4.200079118961838,-2.644394094889549,11.326526531720155,17.644767682382124,-3.970369801240281,1.4289102118307468,1.6901139516702273,4.035012924540126,Y
-2.2793452907928895,1.8183910460116188,-1.5413498463345263,-4.526915799654574,-0.26220168225086127,1.878321264207159,-4.59963545945976,-45.77696632267936,8.960024150037611,1.1051795782029714,-1.1933358969022834,0.8860629081903539,-1.1602344874044093,1.031441033618023,-1.9470121385387529,-6.983117888472286,3.956011073324163,-2.0535252856771535,10.222227854664062,17.39282232486525,-2.869214165458345,0.29963339765047436,-0.38952590776665375,2.5624210238225373,Y
1.9753632953346312,-0.20083988612054343,-2.5971713022080394,-3.279134058197286,1.93431649683572,-0.2832558069007405,-1.91375302109783,-43.06732529501298,8.283307846967432,2.437802969332843,-0.7668192285049145,-0.025875457901292975,2.695918022051927,-0.9972928334921534,0.24040125229834075,-6.312800348238788,2.1561484990877204,1.2223434020173158,9.445077882654623,17.378160989891057,0.12830374739343142,-1.608692339659747,0.5228273662033303,4.974320780344726,Y
-0.6764523348574585,0.19146790201308,0.16185284230556363,-3.764563644202184,0.18671330047152424,1.1740057196299176,-4.372259951107117,-45.291808995588354,9.90065083471842,1.116716141023339,-1.8161421525363153,-2.084955003556672,-0.6585138069259244,-1.5761156365579438,3.6308094532138853,-6.85334415214858,4.932160660825929,0.404359821302819,9.242679793068817,15.286986031372848,0.4879044393829872,0.8571442396760318,1.264546704460713,2.962106596105798,Y
-1.3766688271090288,-1.425271583215152,-2.494048614915755,0.8683703337103168,-6.029967857948179,1.980991382167872,1.175687793819086,-0.27805726892833604,-1.8791497377416704,-0.8080337755021105,-0.8151049059012223,-1.1261436331213304,-24.993908871750364,-4.619291980518959,-5.067975932263209,8.303511426485493,-4.801959150081132,-3.356849128826184,1.6342644138250293,0.7692761746921803,-0.7156561367667678,0.13062923952688976,1.1084792655842506,2.8470176529429523,Z
-0.6923671521496999,-1.953597341529936,-3.7651565328050083,-0.3325788354658812,-7.982952918972273,-2.5891897955841614,1.8863212453477685,-1.7164309692385586,1.1288753358319923,-2.0860883710351246,-1.8951038923309227,-1.3707673748581328,-25.22997379990008,-3.216214876545969,-3.3709057578517445,9.872606627244213,-3.838564550063012,-0.8516588206566098,-1.0065502404950593,2.287875437188646,-3.9834260944343214,-1.2515426398919516,-1.60224508777452,0.9736641108049184,Z
-6.023815530216439,-3.23056577605038,-0.8427566580788834,-0.3768328208406473,-3.75146236865055,0.03185841279923807,0.8674073239440956,-1.3998650612121537,-0.3544444740255699,-0.3896630461678967,1.666341746058123,-2.894821026141358,-24.605265608705963,-1.9232272049570796,-7.289992776861595,7.077448632840095,-2.683362497459001,-0.9381648866121282,-1.5135637478375088,0.531448490470936,-0.07068982485890274,-0.6268377662761537,0.36092190772711774,-0.675226982591596,Z
-3.2748122260326227,-1.9958145344602696,-3.7879321741987724,3.97275951747973,-4.720015343852026,-4.810997435970648,0.6092171790826475,-2.7422676894246933,-4.778776649992494,-2.3973543458135183,-1.3834744442213491,0.46821381858080713,-25.241649576731277,-4.213545382469427,-6.493476310073561,8.847040940435758,-1.6998760561013455,3.7296997998273014,-0.4020706466743533,-0.47022601318344925,-0.7439020195174066,-2.3831265622651827,-0.6666794120131527,2.0112993271511073,Z
-2.26716548757463,-2.8643213257714266,-3.2691079377734695,1.9516290048451737,-7.105351191870625,-0.5732521630191627,1.8474977747800843,0.07949704683716163,1.7225917526871513,0.21861739808519332,-0.6467770289083035,-0.3753959938837852,-27.48811742252721,-1.7767570910560906,-0.22775456520821535,9.47500486872746,-3.559743908083618,-1.1893597947887997,-0.3770931240443929,0.6134403161788384,0.23482479817033663,-2.333036335181262,-0.343603296754452,2.2920656028244935,Z
-2.4259897212381816,-2.543959443646873,-1.1007467676217857,1.33819113131554,-8.26489938257879,-0.31417137456645605,-0.30639366014833946,0.0538452134626084,-0.7129500682705157,-0.5601619105273485,-0.34664219921020845,-0.7842795918317051,-25.259430332926485,-2.3212371101896494,-1.8595633544916268,9.033964180648589,-3.7677066760859645,-1.3750804680866509,1.5788798270937967,-1.5033945193742397,0.2711753211394239,2.5180048665871837,-2.066362574650583,-4.127835006532848,Z
-3.0278926510361543,0.5626018015324296,-1.3412139323648375,0.4470147263193667,-4.289564793928093,-2.8730247587311055,-0.2958054416675866,-1.2292336732340914,2.097309748171085,-1.3970372460826113,0.5682883394678981,1.3512427862526692,-25.20743597467387,-2.6680697653238923,-8.302229165745587,7.240886547796315,-1.7391063061189982,-1.316825173217751,-0.5625228705772685,-1.6981903954413866,2.506779116255757,-0.14086440466963523,-0.20880658801313245,-0.3200052178414694,Z
-2.4900606860687162,-3.2651811912772,-0.8804189674061718,2.63090468324679,-5.93535745556909,-2.1117703454198704,1.772701511789788,-2.2687820379337325,1.3463453374669143,-1.1784873813265833,1.00362821967326,0.2428646753929229,-26.79255448506254,-3.4913724287213768,-2.740614230746644,11.52980116009605,-6.922595612814916,0.40608626449431995,1.9692866859609097,1.7256095940086738,-0.7666790417972038,-1.394891540872493,1.4449946732328272,2.0702124760570086,Z
-2.3559450716738866,-1.9711086839755854,-0.38875382891990284,0.48475049187145913,-6.19666812617146,-6.6381481657412,1.529036296807818,-0.34986594497914325,3.3716961929533795,-0.44192556210332157,-1.472525952369665,-0.7071859202660562,-26.19933843220886,-4.047119157955059,-1.6558813327421262,12.40482342170268,-4.1127738478991205,1.2490348811780336,-0.7235188510946244,0.4726693013050465,-0.4624870865069397,-0.1590540722462137,2.06888567687173,-0.0015736225095679401,Z
-2.3938062699955935,-0.8704752419782495,-1.896165319657996,2.2410413937114697,-4.88127892624567,-6.330448346029698,1.207181128675595,-0.7962031037346264,-1.9980704980905557,-0.924098314932472,2.5564339174293877,0.22402221127384792,-26.03386248503159,-2.313499564675645,-2.546569411609539,10.097538891339191,-3.9806892266595355,-2.2900776345088047,3.271775520462846,-0.4023522957502621,-2.198747907128734,-1.22724427146386,1.0110109058226016,0.31554353516332867,Z
-1.8592420195846557,0.8222850696889566,-1.2260083074090176,2.4939361102763655,-5.4279332882985045,-2.029856001219059,1.0247375881154204,-1.513488384264349,-1.3471909013976529,-0.1314726425791406,0.26747303682188317,2.398300864103703,-26.43200639488296,-5.8061234936605715,-1.3805966493074493,8.197628736953376,-3.9077954850000935,-2.4696646888692726,-0.49817893395054114,1.374436331218348,-2.170499483548099,0.9894976926088148,1.2013297565167989,4.944415842988178,Z
-1.3097460429337389,-3.6395703539503312,-1.9478539773927537,-0.08905018456930236,-8.774222847917429,-2.9367517310780613,1.7160950831342223,0.8182300122288666,-1.5191147571403576,-0.11586225925626792,-1.1289500268447057,2.847259731379495,-24.4387076407734,-2.154812249300086,-1.7513698404574711,9.978488609072308,-3.5220014107128463,-2.085965328716611,-1.0699439429373498,-0.7168776479866352,0.7628460384047457,1.4500857559826414,1.3813285634313957,-1.4883931495617162,Z
-2.83445025717657,-2.5868552929319555,-1.6780415514082279,0.6905437189852037,-6.523543175883333,-0.9755656163828235,1.6662760842623383,-0.29923594341045145,-0.6395874951387555,-0.17464098582538412,-0.5957396245760549,1.5726507982629983,-26.206400282640146,-5.274675308917928,-2.059293418918287,9.610479804751016,-2.864042246822663,-3.2197509113841534,-0.800622767107491,-0.22275982831706642,-1.1602333978846104,1.6328014213597442,-0.5582186827507343,-0.5116320505532599,Z
-3.0114605922789224,-0.20721723077739612,0.7356092236553877,-0.13479639666122978,-6.182002786628175,-2.362519255072357,2.4876788629309834,-0.6354811324040384,-2.04012200844835,-2.692196039674428,2.0295979191704134,-1.256449549057379,-25.5417841578699,-4.007618447627358,-3.1932911885114095,9.575457440268394,-5.178653545396713,-2.9050399197535057,1.2910967765566888,-0.95864148529175,2.273977193841631,0.7504479381855589,-0.27491523639096727,-1.2148563638663177,Z
-2.9138621047355855,-2.1189367232732765,-1.278139483835389,-0.20063203354237658,-4.852916662432392,-2.1279706224808024,2.152113283939511,-0.9524472349695827,4.581698363705982,-0.22065870424840028,1.6123138952468423,-1.102051786534446,-26.502735411493376,-3.762865599964478,-0.2603892347235046,10.0821991461154,-5.52996602219784,0.018231763469088946,2.0070248689263543,0.04968420023523379,2.211343772647183,1.0234346169174842,0.3079798129674174,-1.2288771887302232,Z
-2.586708792708407,-1.9950000925215245,-5.341991260648911,0.8265616417793211,-4.78191570796406,-3.332273932409066,2.0118870527679746,-3.053941684913042,-2.08676899657047,0.3777123095483077,0.12521026473211805,-2.6736280456814256,-27.3090713302133,-3.6470737164527023,-3.1941649026304617,9.328533905581644,-5.015761028583057,-1.366318415714602,2.4575671376362607,-0.512172113616927,-0.566737729447425,-1.936656652044853,1.7762174283542578,0.266488226816989,Z
-3.0971229231479924,-0.5349095371427617,-2.5439921643006187,-0.43547500196095257,-6.91517127901011,-1.218662153562832,0.23238462233112767,-2.016291002644948,-0.5206708222120824,-1.0504778613611805,0.23625467291756763,2.565844080308466,-25.365990507514653,-4.091101433318066,-6.327031422886421,9.469846163857568,-3.3357580997240746,-1.2506834733362666,-0.2778625795528029,-0.9765603024580543,-3.2937775188457294,-1.1795975840986301,-1.8658651381271483,0.8231974266101929,Z
-1.5755385996274072,-1.5326471248816673,-2.81444913258224,2.0736655961117805,-6.8011438258939165,-0.4672628742748657,0.8421583808029514,0.6713537280049877,-1.8064417597562965,-2.495500616979733,-2.712028430231328,3.425206707570908,-25.46237003184916,-3.0765300457983926,-3.0375827167212037,8.907719367255986,-3.9221833217153232,0.4558000068497563,2.585169102940675,-1.0058818953154542,2.37296232556713,-1.5761137919705703,0.26807248698112573,2.1105033569074862,Z
-2.6833686368781855,-0.6190724355246722,-3.6013381458122353,0.6122171717854314,-7.426664419873703,-2.4908587342684996,1.5523847213341808,-1.524760224355532,0.8003652343755334,-2.538260949872658,2.1000534927572687,-0.1789452572640471,-25.39314103015232,-3.234539705233267,-3.1015298851318676,8.29930359100755,-3.438927950897721,2.1408212890630125,-0.683065866323588,-2.362262326892008,-2.209268407208299,1.2987291598774036,1.5381170260745733,1.0314732966787687,Z
-3.4105555596678983,-0.9614253493099784,-3.5207444808747823,-1.5090961390707776,-7.902455584634424,-2.037959288169418,2.3812534252626527,-0.822946983096017,-0.4313160715227582,-0.6352294358472648,0.6905950734407611,2.181266587201833,-26.22485932998353,-1.5901056523386998,-0.3740493998112697,10.249846047863162,-4.185671476752333,1.9032043280283233,1.6498750353507212,-1.844796909798177,0.8011704272798283,-2.0664306852590215,1.310877519150253,3.012369127066222,Z
0.3448742631588857,-1.9620136490418478,-5.113782993229847,1.1227589961952873,-6.317482909604337,-2.289152456429804,0.7550089682572674,-2.320231540041533,3.500910021476045,-1.3907930492555565,0.3555759730271575,-1.004374353744879,-23.777078648356138,-1.3084314131239765,-5.213176166240487,10.38844343442615,-2.5869816060474307,-0.037179099794457215,1.4132685789911363,1.634660852216669,1.5006700218517608,2.410629506728327,-2.0959553873052386,-0.0006944953178162905,Z
-1.089968857157146,-1.414276112924344,-5.155611241957217,1.3952036634073295,-4.316851126692825,-1.4210232751073022,-2.625081608557603,-0.724801692358767,-2.96760265947529,-1.8209758661191628,1.2646731525953214,-1.2137407093993033,-27.27811768213374,-3.623453877375617,-1.1136322452315426,8.586135539128222,-1.4536353384162624,2.5242965590538233,0.9348979901620567,-0.12475167335736614,-0.30852242503385696,0.9619415209326547,-0.018354537066173293,-2.1966514271440474,Z
-3.3846326583935706,-1.7118326430590547,-3.3910891831337153,0.5329411688756238,-6.2206946844735285,-4.477669037002897,-0.09408601919773485,-0.238011771500112,-1.0250349463548787,-0.4840057431043192,2.7320899072704776,1.595644619627194,-25.650105555746222,-3.2516436788981196,-0.06262944589963126,10.56681482589515,-3.973226449819549,-0.2655955219522639,0.8307799157190487,0.7076477415336626,0.5975008335032612,1.3118960863347269,0.6458538880500413,2.349222154410029,Z
-1.2253125209898599,-0.9828733966005395,0.8521200619525757,1.4712216455795328,-6.243089588010378,-0.6358938695290135,-0.8473440236991321,-1.1620386750236946,-1.1936750278381396,-3.2407481393942774,-0.09022077603603407,-0.8495423026101889,-25.27585619150608,-1.766168689365223,-5.28565820367686,7.1401632466726,-3.616619518435215,2.997569346985131,-1.0229756209429297,0.11429916506131121,-1.064745773936238,-0.33090960865962415,0.9839995971957194,-2.0499161175604854,Z
-1.3311968071712386,-2.8428733869019847,-1.23521238135379,-1.5237560413758615,-6.305396181132949,-2.910469716619673,0.45365158941627914,0.4692267494717157,-1.3680018459677399,-1.9612019454471934,-0.5529780074592736,2.518315120369607,-26.362776799405168,-2.135128048926923,-4.906565865494542,9.218986489895777,-5.825080164844479,1.553452859870447,-0.5714821635112237,-0.4413120302224627,1.3773703894988216,2.390945568723474,1.942098030332133,1.3534082547440107,Z
-2.023636263610399,-1.59156114164198,0.734957583604853,1.4929416618518871,-6.861277733160307,-1.717557002968988,1.7760951145925299,-2.4464757182266794,-0.9602086507524632,-1.7387127101431261,0.12005504487297003,0.3657166245409371,-24.35807254925936,-2.3323680723025646,-4.025954000481136,8.14495911687099,-3.6167569096766385,-0.6584914992659492,0.18544068004214864,-1.0334394064509098,3.1795642857622397,1.018819033454534,-1.0181276298970516,5.99411668786945,Z
-2.4477072035849687,-1.0145023014933876,-3.428765908909668,1.8765626360171765,-5.505724528179314,-1.3018911287467176,0.8606199680863567,-2.0218576988809787,1.5000893609928312,-1.3135546781098881,-1.475241630174736,-4.627585885578242,-25.84300401865451,-4.621462791822559,-3.1523333673946468,6.937357693909497,-4.197342972837276,0.5085795920537066,-1.0688579089824692,0.8158377066911555,-0.7769747060364125,-1.678194528087701,1.5949955777130782,3.553746599404292,Z
-0.036715351916370764,-0.8233711197009509,-1.5483891811452395,-0.7806783153137928,-0.33485718822947774,-1.8419433372803269,0.13695473467818786,-1.2550246860973004,0.6069869688565177,-1.2065856439235674,1.7510487524521636,2.6790608153197013,-1.2560349830871758,-2.0665763406882363,-3.847904949204974,1.1131494334638958,1.2892641532520202,-0.07791526110844416,-2.1142421943353646,-0.5898190233047842,-1.61422785887504,-0.25095461034982236,-1.8649141910603646,0.9125565961343796,Z
-0.6117330410646105,-3.00604090158434,-3.0185688951582392,1.2928501781617996,-6.892231284577804,-4.0179716830011785,-1.2760316889566545,0.7905380166167788,0.20555391309972038,0.951650249498563,-2.3258323041133337,-5.242981161401872,-24.628750928784257,-3.4004217847590468,-5.474222618137048,8.70708623798076,-5.508249568611092,-1.1630751014117209,-0.28627884774183343,-0.06651547614033859,-0.8926132111004108,1.3887282629920108,0.9260365668250614,0.7964773951481448,Z
-4.429475891942218,-1.8626471155283248,-0.916786143859099,0.2788228044465768,-6.6549454599790465,-0.39717482346708266,2.4538779533470585,-0.008194606315214514,0.7729922648301226,-1.3960892644682943,-1.6532086015937182,2.219363654642052,-25.876669132837236,-3.5691551692495977,-2.6089822777100267,9.12423492818288,-4.500598632259965,-2.970088455130565,1.529739268031097,-0.05918581669995149,-1.947773360722124,0.4775978221635313,-0.6441456880179857,-1.2124492588217777,Z
-1.9487050593453432,-1.4972172712492278,-2.682168522208599,1.7336198225063697,-6.226396500393719,-2.1198608177490996,1.6170000433565974,-1.745886563262502,0.12736605517403632,-1.8941432096040316,-0.6501737043978721,2.1576090292267054,-25.32648667638486,-3.444132529625456,-6.169346323418438,8.891701111668368,-3.1489703468562595,-2.3800941609511597,0.7216394695437742,-1.3071044488275447,-1.5467790400296053,1.2988651046408535,0.4616457888229064,0.5446184741833804,Z
